Time t / s,Events N_A,Channel n_A,Energy E_A / keV,Voltage U_A / V,Rate R_A / 1/s
0,0,0,-51.2105263157895,764.7890625,
1,0,1,-48.3421052631579,766.729166666667,587.181228441646
2,0,2,-45.4736842105264,765.177083333333,587.443167125279
3,55,3,-42.6052631578947,770.609375,643.572650944811
4,263,4,-39.7368421052631,767.505208333333,537.458587094664
5,313,5,-36.8684210526316,759.744791666667,567.717978150746
6,351,6,-34,762.4609375,626.618904381288
7,365,7,-31.1315789473684,769.057291666667,594.276814140026
8,387,8,-28.2631578947369,763.625,644.527997335417
9,400,9,-25.3947368421053,772.549479166667,631.239032360486
10,416,10,-22.5263157894736,768.28125,567.506783557717
10.999,472,11,-19.6578947368421,764.7890625,609.401263258848
12.001,452,12,-16.7894736842105,765.953125,583.917685033799
13,485,13,-13.921052631579,771.7734375,641.499038972288
14.001,484,14,-11.0526315789474,764.401041666667,595.812855182187
15,487,15,-8.18421052631584,761.684895833333,635.45811864403
16,542,16,-5.31578947368416,767.893229166667,616.811785991544
16.999,500,17,-2.4473684210526,762.4609375,594.717070565732
18,547,18,0.421052631578959,767.505208333333,636.621254350523
18.999,552,19,3.28947368421052,764.401041666667,624.146112604961
20,568,20,6.15789473684208,765.565104166667,606.230693250265
21,555,21,9.0263157894737,767.893229166667,552.509480308251
22,642,22,11.8947368421053,767.1171875,636.626205534493
23,639,23,14.7631578947368,771.7734375,639.909785698106
24,667,24,17.6315789473684,767.893229166667,627.450572255937
25.001,649,25,20.5,772.161458333333,594.853614937435
26,726,26,23.3684210526316,761.296875,578.801644676369
27,685,27,26.2368421052632,764.401041666667,636.429822522003
27.999,727,28,29.1052631578947,764.013020833333,595.964389575211
29,788,29,31.9736842105263,767.1171875,593.253178237252
29.999,762,30,34.8421052631579,771.385416666667,627.17862047111
30.999,761,31,37.7105263157895,768.28125,583.215005488886
32,859,32,40.578947368421,765.177083333333,611.371591653407
33,911,33,43.4473684210527,759.744791666667,595.641282670101
34,868,34,46.3157894736842,764.7890625,592.285837145006
34.999,860,35,49.1842105263158,770.609375,598.735897595571
35.999,877,36,52.0526315789473,767.1171875,592.639517303122
36.999,867,37,54.921052631579,762.848958333333,587.706070072585
38,830,38,57.7894736842105,763.625,599.510418294265
39,904,39,60.6578947368421,761.684895833333,624.622957831333
40,878,40,63.5263157894737,766.341145833333,622.002052606774
41,884,41,66.3947368421053,768.28125,613.297645990625
42,917,42,69.2631578947368,765.177083333333,610.164927579925
43,914,43,72.1315789473684,769.4453125,652.475545482872
43.999,844,44,75,770.609375,627.139449666098
45.001,828,45,77.8684210526316,767.505208333333,607.003664185606
46,869,46,80.7368421052632,768.669270833333,611.098345945662
47,852,47,83.6052631578947,765.953125,563.780610633483
47.999,916,48,86.4736842105263,765.565104166667,602.078191739243
48.999,854,49,89.3421052631579,766.729166666667,603.591636527768
50,870,50,92.2105263157895,765.177083333333,606.170415153461
50.999,886,51,95.078947368421,762.4609375,554.211728523243
52,842,52,97.9473684210527,763.236979166667,602.760376109154
53,824,53,100.815789473684,765.177083333333,585.940468448406
53.999,842,54,103.684210526316,765.953125,651.990041324173
55,841,55,106.552631578947,770.221354166667,591.006796578161
56,845,56,109.421052631579,768.28125,566.211989768969
56.999,895,57,112.289473684211,760.520833333333,615.185924466154
58,786,58,115.157894736842,768.28125,573.911215934895
59,837,59,118.026315789474,770.609375,615.897794214627
60,843,60,120.894736842105,763.625,594.265966565819
61,802,61,123.763157894737,763.625,615.985339548919
62,807,62,126.631578947368,770.221354166667,666.004140547742
63,836,63,129.5,766.341145833333,604.455589505087
63.999,843,64,132.368421052632,767.1171875,576.798694039019
64.999,780,65,135.236842105263,768.28125,640.473768547654
66,854,66,138.105263157895,762.4609375,637.506754118849
67,844,67,140.973684210526,767.1171875,635.501679135424
67.999,900,68,143.842105263158,769.833333333333,602.739166457244
69,964,69,146.710526315789,763.625,612.08565632863
69.999,1006,70,149.578947368421,766.341145833333,616.945701490723
70.999,997,71,152.447368421053,767.893229166667,585.0548196366
72,1039,72,155.315789473684,763.625,615.526762581439
73,1063,73,158.184210526316,761.684895833333,628.275273371896
74,952,74,161.052631578947,764.013020833333,602.03070956428
75,920,75,163.921052631579,764.401041666667,598.973225896802
76,867,76,166.789473684211,764.013020833333,589.268482106313
76.999,885,77,169.657894736842,760.1328125,598.031364891893
78,853,78,172.526315789474,763.625,603.933315548385
79,818,79,175.394736842105,765.565104166667,602.124811808223
80,850,80,178.263157894737,775.265625,598.804074110716
80.999,824,81,181.131578947368,765.953125,570.806272841606
82.001,771,82,184,770.609375,599.609832478238
83,799,83,186.868421052632,765.565104166667,602.600972285016
84,797,84,189.736842105263,767.1171875,621.990150785962
85,779,85,192.605263157895,764.401041666667,577.689491898105
86,732,86,195.473684210526,761.296875,637.374353334767
87,752,87,198.342105263158,762.072916666667,641.932728254153
88,757,88,201.210526315789,771.385416666667,586.87288499721
88.999,791,89,204.078947368421,766.729166666667,645.677703317402
90,800,90,206.947368421053,765.177083333333,608.909211636545
91.001,717,91,209.815789473684,769.833333333333,610.5975551514
92,716,92,212.684210526316,765.953125,618.88613828383
92.999,738,93,215.552631578947,767.1171875,606.265822410611
94,700,94,218.421052631579,765.177083333333,618.293815441183
94.999,672,95,221.289473684211,765.565104166667,606.71454080855
96.001,702,96,224.157894736842,763.236979166667,598.833530055888
97,649,97,227.026315789474,769.057291666667,646.189376165771
97.999,665,98,229.894736842105,770.997395833333,593.221478127957
99,656,99,232.763157894737,765.953125,582.159303749455
100,676,100,235.631578947368,764.401041666667,563.689109936898
101,675,101,238.5,765.953125,616.056677214304
102,689,102,241.368421052632,767.1171875,632.092222255227
103,595,103,244.236842105263,762.072916666667,599.588016411834
104,589,104,247.105263157895,766.341145833333,601.458371424863
105,622,105,249.973684210526,766.729166666667,576.823583387836
106,619,106,252.842105263158,765.177083333333,603.550581799702
106.999,612,107,255.710526315789,764.401041666667,628.184693847086
107.999,579,108,258.578947368421,767.1171875,609.860070994822
109,633,109,261.447368421053,760.908854166667,664.38664280652
110,618,110,264.315789473684,775.265625,651.958903265181
110.999,581,111,267.184210526316,762.848958333333,638.721543844402
112,599,112,270.052631578947,769.057291666667,596.40961412298
113.001,590,113,272.921052631579,767.1171875,597.77894134749
114,606,114,275.789473684211,765.953125,635.798499335315
115,591,115,278.657894736842,767.505208333333,653.569895305648
115.999,621,116,281.526315789474,764.013020833333,621.953664451998
117,574,117,284.394736842105,770.609375,613.862775361302
118,573,118,287.263157894737,767.1171875,623.117942231302
119.001,608,119,290.131578947368,760.1328125,603.693341803061
120,574,120,293,764.401041666667,621.307243754586
121,601,121,295.868421052632,767.505208333333,593.825216704581
122,529,122,298.736842105263,768.28125,634.442277629736
123,566,123,301.605263157895,762.072916666667,614.71462594726
124.001,575,124,304.473684210526,763.625,632.217799031767
125,498,125,307.342105263158,763.236979166667,630.92071326031
126,538,126,310.210526315789,766.729166666667,627.008855917471
127,478,127,313.078947368421,769.4453125,637.660659655942
128,414,128,315.947368421053,761.684895833333,613.256634483077
129,442,129,318.815789473684,765.177083333333,574.141296172988
129.999,435,130,321.684210526316,772.161458333333,635.913325013801
131,422,131,324.552631578947,762.072916666667,621.428599304941
132,350,132,327.421052631579,769.833333333333,661.906713355523
133,324,133,330.289473684211,760.908854166667,599.178495273742
134,322,134,333.157894736842,770.997395833333,621.775787650973
135,319,135,336.026315789474,766.341145833333,637.742906712029
136,282,136,338.894736842105,761.296875,583.055541360974
137,270,137,341.763157894737,764.013020833333,617.163425874177
137.999,242,138,344.631578947368,767.1171875,611.165564751491
139,265,139,347.5,767.893229166667,647.325422177549
140,241,140,350.368421052632,767.893229166667,644.971714384892
140.999,228,141,353.236842105263,771.385416666667,562.160072303118
142,228,142,356.105263157895,764.013020833333,601.042191606474
142.999,233,143,358.973684210526,765.565104166667,618.886894697784
144,215,144,361.842105263158,759.744791666667,573.113385151965
145.001,226,145,364.710526315789,764.7890625,550.720728217018
145.999,195,146,367.578947368421,772.549479166667,603.60965229532
147,197,147,370.447368421053,767.1171875,593.748666189602
147.999,195,148,373.315789473684,767.1171875,596.656501148213
148.999,216,149,376.184210526316,769.4453125,611.656236318216
150,188,150,379.052631578947,766.729166666667,628.332773427897
150.999,190,151,381.921052631579,767.505208333333,580.867234781529
152,175,152,384.789473684211,760.520833333333,633.31890773599
153,180,153,387.657894736842,763.625,690.858640658986
154,165,154,390.526315789474,765.177083333333,613.149424514754
155,166,155,393.394736842105,768.669270833333,584.604715117317
156,154,156,396.263157894737,762.072916666667,626.247923683322
156.999,158,157,399.131578947368,764.013020833333,629.223563131981
158,180,158,402,769.057291666667,614.344169823837
158.999,142,159,404.868421052632,764.7890625,555.067096510626
160,169,160,407.736842105263,768.669270833333,653.90985016552
161,180,161,410.605263157895,771.385416666667,651.047453137915
162,154,162,413.473684210526,770.221354166667,597.364069972429
162.999,134,163,416.342105263158,762.848958333333,638.336940214583
163.999,142,164,419.210526315789,764.401041666667,638.982051514973
165,134,165,422.078947368421,762.072916666667,605.560242152149
166,143,166,424.947368421053,767.1171875,651.878320192858
167,135,167,427.815789473684,765.565104166667,587.606115708353
168,157,168,430.684210526316,770.609375,637.332707103984
168.999,158,169,433.552631578947,770.609375,660.880446727187
169.999,123,170,436.421052631579,765.953125,588.260145215363
170.999,124,171,439.289473684211,766.341145833333,605.759622566699
171.999,154,172,442.157894736842,766.341145833333,568.200461122684
173,147,173,445.026315789474,765.953125,661.780470948137
173.999,178,174,447.894736842105,762.072916666667,592.014653915346
175,126,175,450.763157894737,769.833333333333,637.426119360793
175.999,151,176,453.631578947368,767.893229166667,633.464334349354
176.999,159,177,456.5,768.28125,613.296222075262
178,182,178,459.368421052632,765.565104166667,626.565475341496
179,180,179,462.236842105263,762.4609375,607.085700079687
179.999,237,180,465.105263157895,767.1171875,593.915129527991
180.999,284,181,467.973684210526,768.669270833333,632.061889189664
181.999,322,182,470.842105263158,765.953125,607.469468644651
182.999,466,183,473.710526315789,769.057291666667,617.746653814077
184,599,184,476.578947368421,764.7890625,592.816286232896
184.999,719,185,479.447368421053,765.565104166667,588.497540799665
186.001,937,186,482.315789473684,769.057291666667,590.343795364647
187,1207,187,485.184210526316,764.013020833333,634.235935768106
188,1411,188,488.052631578947,762.848958333333,582.807246316873
189,1675,189,490.921052631579,764.7890625,622.110035045902
190,1973,190,493.789473684211,771.385416666667,635.72854391175
191,2268,191,496.657894736842,763.236979166667,577.772423953584
192,2544,192,499.526315789474,762.072916666667,610.449587241737
193.001,2633,193,502.394736842105,763.236979166667,615.549747479474
194,3068,194,505.263157894737,773.713541666667,599.453298591684
195,2961,195,508.131578947368,766.341145833333,645.411413673169
195.999,3047,196,511,764.7890625,571.826507837522
196.999,3158,197,513.868421052632,770.609375,665.110275283642
198,2946,198,516.736842105263,768.669270833333,573.211400364454
199,2801,199,519.605263157895,769.057291666667,588.441389886554
200,2587,200,522.473684210526,764.013020833333,631.834977584849
200.999,2301,201,525.342105263158,766.341145833333,582.984190579198
201.999,2011,202,528.210526315789,769.833333333333,607.367031897376
203,1681,203,531.078947368421,767.1171875,622.661085571124
204,1395,204,533.947368421053,764.7890625,624.742071962075
205,1113,205,536.815789473684,763.236979166667,615.434639688578
206,864,206,539.684210526316,767.1171875,621.207238617348
207,639,207,542.552631578947,763.625,628.975155481358
207.999,468,208,545.421052631579,771.385416666667,631.868828423357
209,350,209,548.289473684211,769.4453125,565.570321111809
209.999,281,210,551.157894736842,765.953125,568.07169064736
211,223,211,554.026315789474,768.28125,610.949048251554
211.999,184,212,556.894736842105,766.341145833333,618.656755126438
212.999,120,213,559.763157894737,760.908854166667,628.491123839845
214,116,214,562.631578947368,765.177083333333,627.354329725429
214.999,103,215,565.5,768.669270833333,586.59985946045
215.999,93,216,568.368421052632,767.893229166667,615.109259614968
217,94,217,571.236842105263,771.7734375,609.794073842958
217.999,78,218,574.105263157895,764.401041666667,606.639367895111
218.999,91,219,576.973684210526,774.1015625,607.42489011404
220,99,220,579.842105263158,763.625,623.27158250153
221.001,80,221,582.710526315789,760.520833333333,588.41159390994
221.999,79,222,585.578947368421,762.072916666667,612.314484719352
223,73,223,588.447368421053,761.684895833333,592.049343813829
223.999,115,224,591.315789473684,763.236979166667,604.349293005757
225,86,225,594.184210526316,767.893229166667,614.390322171676
226,93,226,597.052631578947,770.997395833333,605.147468246734
226.999,82,227,599.921052631579,764.7890625,593.324855646759
227.999,86,228,602.789473684211,765.177083333333,649.098535565483
228.999,99,229,605.657894736842,765.953125,615.129730860238
230,73,230,608.526315789474,764.401041666667,634.10181531429
230.999,98,231,611.394736842105,769.833333333333,590.536453526668
231.999,74,232,614.263157894737,763.625,607.940240375765
233,85,233,617.131578947368,765.177083333333,633.926596851106
233.999,88,234,620,772.549479166667,628.990470295176
235.001,80,235,622.868421052632,765.177083333333,653.772955765602
236,77,236,625.736842105263,760.908854166667,596.495538724335
237,83,237,628.605263157895,765.953125,612.071428735734
237.999,88,238,631.473684210526,764.013020833333,618.75444729759
239,85,239,634.342105263158,769.057291666667,595.683182756199
240,91,240,637.210526315789,770.609375,643.307862408871
241,107,241,640.078947368421,767.505208333333,617.222962914447
242,106,242,642.947368421053,767.505208333333,597.690392171998
243,100,243,645.815789473684,765.953125,611.63907178374
244,111,244,648.684210526316,768.28125,582.167256652836
245,114,245,651.552631578947,764.7890625,676.304945900106
246,118,246,654.421052631579,767.893229166667,649.86157948357
246.999,122,247,657.289473684211,762.4609375,619.28726916289
247.999,125,248,660.157894736842,762.848958333333,622.473328719158
249,106,249,663.026315789474,766.729166666667,640.52773889811
250,133,250,665.894736842105,767.893229166667,645.400001683652
250.999,131,251,668.763157894737,771.385416666667,614.079513099236
252,120,252,671.631578947368,764.013020833333,610.002722475205
253,95,253,674.5,760.908854166667,607.372562329733
254,126,254,677.368421052632,766.729166666667,605.944444777198
255.001,115,255,680.236842105263,767.1171875,640.576130774267
256,93,256,683.105263157895,766.341145833333,619.76510001597
256.999,102,257,685.973684210526,767.1171875,615.87895748005
258,98,258,688.842105263158,760.1328125,599.994971661506
259,103,259,691.710526315789,769.057291666667,643.928374399325
260,92,260,694.578947368421,763.625,597.678828727244
261.001,109,261,697.447368421053,765.565104166667,587.411129049222
262,90,262,700.315789473684,767.1171875,608.660274665958
263,85,263,703.184210526316,769.833333333333,636.987323952253
264,85,264,706.052631578947,760.1328125,602.898107888117
264.999,86,265,708.921052631579,765.953125,602.296450312844
266,87,266,711.789473684211,766.341145833333,645.635156897663
267,90,267,714.657894736842,764.7890625,620.05165030247
268,91,268,717.526315789474,762.072916666667,663.736282658353
269,80,269,720.394736842105,764.401041666667,621.494038373927
269.999,85,270,723.263157894737,768.669270833333,634.449908375611
270.999,90,271,726.131578947368,764.401041666667,592.886231238731
272,76,272,729,765.177083333333,661.631074512852
273,73,273,731.868421052632,760.908854166667,539.986500337492
273.999,78,274,734.736842105263,768.28125,621.967906456027
275,74,275,737.605263157895,769.833333333333,647.835189125821
275.999,97,276,740.473684210526,767.1171875,612.243607738626
277,87,277,743.342105263158,765.177083333333,639.647259061444
278,80,278,746.210526315789,763.625,644.503023718411
278.999,77,279,749.078947368421,770.221354166667,617.365471768117
280,76,280,751.947368421053,768.669270833333,638.862016518889
280.999,83,281,754.815789473684,761.684895833333,637.822812822598
281.999,86,282,757.684210526316,763.236979166667,619.002723611984
283,66,283,760.552631578947,761.296875,616.593018056177
283.999,65,284,763.421052631579,769.057291666667,625.878232335613
285,89,285,766.289473684211,764.401041666667,574.75893966518
285.999,68,286,769.157894736842,768.28125,600.921099059693
286.999,79,287,772.026315789474,771.385416666667,622.480368100063
287.999,77,288,774.894736842105,761.684895833333,601.10216136782
289,84,289,777.763157894737,771.385416666667,619.522100651557
290,96,290,780.631578947368,767.893229166667,644.37225385105
290.999,80,291,783.5,769.833333333333,666.20890712426
292,76,292,786.368421052632,769.057291666667,618.884762990469
293,94,293,789.236842105263,769.833333333333,592.531322837188
293.999,58,294,792.105263157895,767.505208333333,662.475346888377
295,78,295,794.973684210526,764.013020833333,635.033631702163
296,83,296,797.842105263158,763.236979166667,596.392292217147
297,83,297,800.710526315789,770.221354166667,637.975095893205
298,89,298,803.578947368421,762.4609375,606.473898704448
298.999,80,299,806.447368421053,762.4609375,641.534205532947
299.999,86,300,809.315789473684,765.177083333333,577.826907236378
,68,301,812.184210526316,,
,76,302,815.052631578947,,
,71,303,817.921052631579,,
,78,304,820.789473684211,,
,79,305,823.657894736842,,
,72,306,826.526315789474,,
,70,307,829.394736842105,,
,84,308,832.263157894737,,
,77,309,835.131578947368,,
,75,310,838,,
,86,311,840.868421052632,,
,71,312,843.736842105263,,
,91,313,846.605263157895,,
,86,314,849.473684210526,,
,61,315,852.342105263158,,
,78,316,855.210526315789,,
,85,317,858.078947368421,,
,90,318,860.947368421053,,
,90,319,863.815789473684,,
,92,320,866.684210526316,,
,85,321,869.552631578947,,
,87,322,872.421052631579,,
,83,323,875.289473684211,,
,88,324,878.157894736842,,
,95,325,881.026315789474,,
,73,326,883.894736842105,,
,92,327,886.763157894737,,
,89,328,889.631578947368,,
,90,329,892.5,,
,98,330,895.368421052632,,
,96,331,898.236842105263,,
,97,332,901.105263157895,,
,88,333,903.973684210526,,
,110,334,906.842105263158,,
,93,335,909.710526315789,,
,94,336,912.578947368421,,
,111,337,915.447368421053,,
,104,338,918.315789473684,,
,84,339,921.184210526316,,
,103,340,924.052631578947,,
,69,341,926.921052631579,,
,84,342,929.789473684211,,
,93,343,932.657894736842,,
,109,344,935.526315789474,,
,97,345,938.394736842105,,
,90,346,941.263157894737,,
,103,347,944.131578947368,,
,109,348,947,,
,90,349,949.868421052632,,
,106,350,952.736842105263,,
,106,351,955.605263157895,,
,94,352,958.473684210526,,
,97,353,961.342105263158,,
,106,354,964.210526315789,,
,102,355,967.078947368421,,
,95,356,969.947368421053,,
,97,357,972.815789473684,,
,106,358,975.684210526316,,
,90,359,978.552631578947,,
,113,360,981.421052631579,,
,106,361,984.289473684211,,
,118,362,987.157894736842,,
,93,363,990.026315789474,,
,97,364,992.894736842105,,
,112,365,995.763157894737,,
,88,366,998.631578947368,,
,110,367,1001.5,,
,108,368,1004.36842105263,,
,112,369,1007.23684210526,,
,121,370,1010.10526315789,,
,108,371,1012.97368421053,,
,85,372,1015.84210526316,,
,109,373,1018.71052631579,,
,100,374,1021.57894736842,,
,96,375,1024.44736842105,,
,101,376,1027.31578947368,,
,111,377,1030.18421052632,,
,77,378,1033.05263157895,,
,84,379,1035.92105263158,,
,63,380,1038.78947368421,,
,82,381,1041.65789473684,,
,71,382,1044.52631578947,,
,74,383,1047.39473684211,,
,65,384,1050.26315789474,,
,59,385,1053.13157894737,,
,70,386,1056,,
,56,387,1058.86842105263,,
,62,388,1061.73684210526,,
,47,389,1064.60526315789,,
,49,390,1067.47368421053,,
,57,391,1070.34210526316,,
,39,392,1073.21052631579,,
,45,393,1076.07894736842,,
,46,394,1078.94736842105,,
,37,395,1081.81578947368,,
,31,396,1084.68421052632,,
,39,397,1087.55263157895,,
,34,398,1090.42105263158,,
,31,399,1093.28947368421,,
,29,400,1096.15789473684,,
,34,401,1099.02631578947,,
,25,402,1101.89473684211,,
,30,403,1104.76315789474,,
,19,404,1107.63157894737,,
,20,405,1110.5,,
,28,406,1113.36842105263,,
,21,407,1116.23684210526,,
,22,408,1119.10526315789,,
,22,409,1121.97368421053,,
,29,410,1124.84210526316,,
,19,411,1127.71052631579,,
,13,412,1130.57894736842,,
,21,413,1133.44736842105,,
,17,414,1136.31578947368,,
,20,415,1139.18421052632,,
,21,416,1142.05263157895,,
,16,417,1144.92105263158,,
,11,418,1147.78947368421,,
,15,419,1150.65789473684,,
,21,420,1153.52631578947,,
,20,421,1156.39473684211,,
,14,422,1159.26315789474,,
,22,423,1162.13157894737,,
,18,424,1165,,
,20,425,1167.86842105263,,
,24,426,1170.73684210526,,
,15,427,1173.60526315789,,
,13,428,1176.47368421053,,
,11,429,1179.34210526316,,
,21,430,1182.21052631579,,
,12,431,1185.07894736842,,
,14,432,1187.94736842105,,
,15,433,1190.81578947368,,
,18,434,1193.68421052632,,
,9,435,1196.55263157895,,
,16,436,1199.42105263158,,
,21,437,1202.28947368421,,
,23,438,1205.15789473684,,
,23,439,1208.02631578947,,
,27,440,1210.89473684211,,
,27,441,1213.76315789474,,
,36,442,1216.63157894737,,
,50,443,1219.5,,
,54,444,1222.36842105263,,
,64,445,1225.23684210526,,
,84,446,1228.10526315789,,
,93,447,1230.97368421053,,
,120,448,1233.84210526316,,
,136,449,1236.71052631579,,
,133,450,1239.57894736842,,
,177,451,1242.44736842105,,
,184,452,1245.31578947368,,
,211,453,1248.18421052632,,
,223,454,1251.05263157895,,
,234,455,1253.92105263158,,
,255,456,1256.78947368421,,
,299,457,1259.65789473684,,
,316,458,1262.52631578947,,
,287,459,1265.39473684211,,
,296,460,1268.26315789474,,
,313,461,1271.13157894737,,
,462,462,1274,,
,304,463,1276.86842105263,,
,292,464,1279.73684210526,,
,294,465,1282.60526315789,,
,257,466,1285.47368421053,,
,253,467,1288.34210526316,,
,231,468,1291.21052631579,,
,220,469,1294.07894736842,,
,196,470,1296.94736842105,,
,168,471,1299.81578947368,,
,188,472,1302.68421052632,,
,168,473,1305.55263157895,,
,132,474,1308.42105263158,,
,111,475,1311.28947368421,,
,87,476,1314.15789473684,,
,100,477,1317.02631578947,,
,76,478,1319.89473684211,,
,54,479,1322.76315789474,,
,45,480,1325.63157894737,,
,52,481,1328.5,,
,42,482,1331.36842105263,,
,31,483,1334.23684210526,,
,17,484,1337.10526315789,,
,18,485,1339.97368421053,,
,13,486,1342.84210526316,,
,14,487,1345.71052631579,,
,14,488,1348.57894736842,,
,12,489,1351.44736842105,,
,15,490,1354.31578947368,,
,5,491,1357.18421052632,,
,11,492,1360.05263157895,,
,5,493,1362.92105263158,,
,13,494,1365.78947368421,,
,6,495,1368.65789473684,,
,7,496,1371.52631578947,,
,2,497,1374.39473684211,,
,6,498,1377.26315789474,,
,5,499,1380.13157894737,,
,3,500,1383,,
,3,501,1385.86842105263,,
,3,502,1388.73684210526,,
,5,503,1391.60526315789,,
,4,504,1394.47368421053,,
,8,505,1397.34210526316,,
,5,506,1400.21052631579,,
,10,507,1403.07894736842,,
,7,508,1405.94736842105,,
,6,509,1408.81578947368,,
,6,510,1411.68421052632,,
,839,511,1414.55263157895,,
Time t / s,Events N_A,Channel n_A,Energy E_A / keV,Voltage U_A / V,Rate R_A / 1/s
0,0,0,-51.2105263157895,766.729166666667,
1,0,1,-48.3421052631579,762.848958333333,545.478195558129
2,0,2,-45.4736842105264,760.520833333333,591.577468512374
3,40,3,-42.6052631578947,768.28125,603.677084217659
4,264,4,-39.7368421052631,761.684895833333,596.916551066161
5,292,5,-36.8684210526316,762.072916666667,583.050317242378
6.001,347,6,-34,758.96875,613.092576979124
7.001,355,7,-31.1315789473684,765.177083333333,553.73014857391
8,380,8,-28.2631578947369,769.4453125,570.208850639782
9.001,401,9,-25.3947368421053,766.341145833333,628.067778029428
10,407,10,-22.5263157894736,765.953125,629.713287549038
11,476,11,-19.6578947368421,768.28125,652.121229336534
12.001,467,12,-16.7894736842105,761.684895833333,603.601368042981
13,508,13,-13.921052631579,764.401041666667,574.241290636735
14,500,14,-11.0526315789474,771.385416666667,622.115639977171
14.999,511,15,-8.18421052631584,764.7890625,622.983078402587
16,564,16,-5.31578947368416,770.609375,651.980473850094
17,511,17,-2.4473684210526,764.013020833333,634.255351204395
18,541,18,0.421052631578959,765.177083333333,657.50667464348
19.001,575,19,3.28947368421052,765.953125,564.712690492069
20,584,20,6.15789473684208,766.341145833333,597.073098838238
21,636,21,9.0263157894737,760.908854166667,639.027300287943
22.001,605,22,11.8947368421053,767.893229166667,655.216672171152
23.001,669,23,14.7631578947368,768.28125,611.663042738328
24,664,24,17.6315789473684,764.7890625,607.963035847421
25.001,676,25,20.5,770.997395833333,585.09326386626
26,741,26,23.3684210526316,766.729166666667,618.005680644112
27,682,27,26.2368421052632,765.177083333333,567.792292707573
28,754,28,29.1052631578947,769.4453125,580.203825603935
29,779,29,31.9736842105263,760.1328125,624.419537042911
30.001,767,30,34.8421052631579,761.296875,602.23692000433
31,803,31,37.7105263157895,767.505208333333,604.49225368133
32.001,839,32,40.578947368421,765.953125,605.890636740068
33.001,858,33,43.4473684210527,766.341145833333,590.599876004108
34,866,34,46.3157894736842,766.729166666667,620.616549294409
35,870,35,49.1842105263158,765.953125,562.331206665539
36,891,36,52.0526315789473,763.236979166667,634.877013112319
37,858,37,54.921052631579,764.401041666667,617.415423525882
38,922,38,57.7894736842105,766.341145833333,630.059981710259
39.001,887,39,60.6578947368421,767.505208333333,623.729389147669
40.001,914,40,63.5263157894737,762.848958333333,623.911000538984
41,915,41,66.3947368421053,766.729166666667,554.087086116914
42.001,927,42,69.2631578947368,767.505208333333,585.795451643787
43,874,43,72.1315789473684,768.28125,638.235776481241
43.999,906,44,75,764.013020833333,636.156086455916
45,901,45,77.8684210526316,766.341145833333,631.444423014052
46,871,46,80.7368421052632,768.28125,606.421402232411
47,899,47,83.6052631578947,763.236979166667,649.611604439612
48.001,890,48,86.4736842105263,766.729166666667,608.287967964092
49,863,49,89.3421052631579,762.072916666667,608.543916552615
50.001,866,50,92.2105263157895,764.013020833333,643.532780789215
51,849,51,95.078947368421,768.669270833333,613.620782356504
52,889,52,97.9473684210527,767.1171875,595.801895869623
53,841,53,100.815789473684,767.505208333333,584.322955297393
53.999,910,54,103.684210526316,764.013020833333,626.087480710411
55,873,55,106.552631578947,764.401041666667,602.611349213777
56.001,833,56,109.421052631579,765.177083333333,599.597738985995
56.999,852,57,112.289473684211,768.28125,601.094131340968
58.001,845,58,115.157894736842,766.729166666667,627.757340788794
59.001,846,59,118.026315789474,768.28125,655.520375962046
60,810,60,120.894736842105,765.565104166667,658.991630806289
60.999,754,61,123.763157894737,770.609375,612.330132466309
62,795,62,126.631578947368,769.833333333333,643.522058372463
63.001,810,63,129.5,764.013020833333,624.896498048947
64,792,64,132.368421052632,765.177083333333,627.775894450094
65.001,767,65,135.236842105263,771.385416666667,625.073883733057
66,863,66,138.105263157895,765.953125,646.226954906563
67.001,901,67,140.973684210526,763.236979166667,614.530382315546
68,943,68,143.842105263158,759.744791666667,571.591997832155
69,969,69,146.710526315789,767.893229166667,601.610336984735
70.001,962,70,149.578947368421,766.729166666667,583.071339944585
71.001,989,71,152.447368421053,762.4609375,628.374002594072
72,956,72,155.315789473684,769.833333333333,625.506287886971
73.001,975,73,158.184210526316,772.161458333333,591.175638282134
74,992,74,161.052631578947,767.1171875,606.569345984933
74.999,950,75,163.921052631579,768.28125,588.392612408801
76,878,76,166.789473684211,763.625,635.957370225137
77,859,77,169.657894736842,762.848958333333,599.351767765841
78.001,832,78,172.526315789474,767.1171875,606.006423668091
79,853,79,175.394736842105,768.669270833333,622.079563976233
80,798,80,178.263157894737,765.565104166667,560.89544908829
81,815,81,181.131578947368,766.729166666667,616.008747324212
82.001,789,82,184,767.893229166667,604.386185390118
83,784,83,186.868421052632,768.28125,553.565910430233
84,745,84,189.736842105263,769.833333333333,630.030304457644
85,818,85,192.605263157895,766.341145833333,585.552042243302
86,769,86,195.473684210526,771.385416666667,632.191947252304
87,786,87,198.342105263158,763.236979166667,644.874281703285
88,775,88,201.210526315789,766.729166666667,617.612609947807
89.001,812,89,204.078947368421,761.684895833333,614.158519533684
90.001,760,90,206.947368421053,764.013020833333,625.521499385034
90.999,774,91,209.815789473684,769.833333333333,605.865600182981
91.999,718,92,212.684210526316,764.7890625,676.199337790993
93,701,93,215.552631578947,766.729166666667,623.106591767996
94.002,693,94,218.421052631579,766.729166666667,597.581049562973
95,675,95,221.289473684211,765.565104166667,638.297531221467
96,687,96,224.157894736842,762.4609375,594.498605980836
97,700,97,227.026315789474,766.729166666667,589.991242178873
98,661,98,229.894736842105,765.565104166667,621.552947820297
99,685,99,232.763157894737,760.1328125,622.32349537762
99.999,648,100,235.631578947368,763.625,583.421638818374
101.001,647,101,238.5,770.609375,591.723596471596
102,668,102,241.368421052632,766.341145833333,575.411766548559
103.001,619,103,244.236842105263,764.7890625,609.529747799573
104,655,104,247.105263157895,768.28125,598.166844062713
105,664,105,249.973684210526,762.072916666667,661.868416782984
106.001,650,106,252.842105263158,769.057291666667,604.551664485617
107,599,107,255.710526315789,769.057291666667,621.711028713854
108,602,108,258.578947368421,768.669270833333,628.768613150361
109.001,574,109,261.447368421053,762.072916666667,634.377805155016
110,591,110,264.315789473684,763.236979166667,579.679630390937
111,630,111,267.184210526316,764.013020833333,654.434944785102
112.001,653,112,270.052631578947,769.833333333333,649.548673764729
113,641,113,272.921052631579,765.953125,623.238254875117
114,596,114,275.789473684211,763.236979166667,635.634617602214
115.001,587,115,278.657894736842,763.236979166667,663.669205071898
116,596,116,281.526315789474,762.848958333333,626.410739626713
117.001,630,117,284.394736842105,768.669270833333,614.081658646775
118,594,118,287.263157894737,770.221354166667,651.182591598684
119,562,119,290.131578947368,769.833333333333,619.762149059683
120,612,120,293,767.1171875,611.245720779753
121,604,121,295.868421052632,770.609375,607.531592475805
122,561,122,298.736842105263,764.013020833333,609.147267964484
123,585,123,301.605263157895,771.385416666667,573.839935951916
124.001,555,124,304.473684210526,762.848958333333,637.318101297103
125,529,125,307.342105263158,767.893229166667,638.213304649623
126,510,126,310.210526315789,763.625,604.887222384512
127,493,127,313.078947368421,769.057291666667,668.446388498239
128.001,426,128,315.947368421053,768.669270833333,567.307416895014
129.001,416,129,318.815789473684,769.057291666667,639.357573510137
130,387,130,321.684210526316,763.625,618.200793220752
131,373,131,324.552631578947,762.4609375,645.11515694175
132,373,132,327.421052631579,769.057291666667,592.011005851135
133.001,339,133,330.289473684211,764.401041666667,583.534517618138
133.999,347,134,333.157894736842,761.684895833333,605.758423540692
135.001,285,135,336.026315789474,764.013020833333,640.29202910342
136.001,302,136,338.894736842105,765.953125,617.681213614716
137.001,314,137,341.763157894737,768.28125,586.178784529281
138.001,255,138,344.631578947368,768.669270833333,606.001575604097
139,254,139,347.5,770.221354166667,628.715572962609
140,221,140,350.368421052632,764.401041666667,640.566645254392
141,226,141,353.236842105263,764.7890625,590.696736295586
142.001,224,142,356.105263157895,765.565104166667,595.873431275564
143,221,143,358.973684210526,765.953125,610.965294060929
143.999,190,144,361.842105263158,760.520833333333,618.457274428813
145,203,145,364.710526315789,761.296875,570.913906182948
145.999,197,146,367.578947368421,765.953125,615.554050867876
147,186,147,370.447368421053,765.565104166667,635.091516687555
148,202,148,373.315789473684,768.669270833333,620.991430318262
149.001,206,149,376.184210526316,765.565104166667,620.690953169068
150,203,150,379.052631578947,765.565104166667,619.761614626463
151,180,151,381.921052631579,766.729166666667,586.419641895741
152,169,152,384.789473684211,762.4609375,605.005808055757
153,171,153,387.657894736842,764.7890625,615.53496933047
154.001,158,154,390.526315789474,763.625,647.003882023292
155,163,155,393.394736842105,765.177083333333,652.019560586818
156,151,156,396.263157894737,764.401041666667,643.877403078134
157,155,157,399.131578947368,761.296875,632.075089187572
158,143,158,402,765.177083333333,597.65718383935
159,166,159,404.868421052632,762.4609375,631.685850747621
160,159,160,407.736842105263,763.625,620.95334967776
161,169,161,410.605263157895,768.669270833333,611.103777865777
162,148,162,413.473684210526,763.625,634.924386414181
163.001,145,163,416.342105263158,767.893229166667,606.876431415696
164,140,164,419.210526315789,765.565104166667,612.911066604236
165.001,175,165,422.078947368421,765.177083333333,614.72174480057
166,122,166,424.947368421053,760.1328125,614.632449795023
167,145,167,427.815789473684,764.013020833333,586.073300896622
168,140,168,430.684210526316,762.4609375,603.293260854101
169,147,169,433.552631578947,766.341145833333,592.11261982029
170,161,170,436.421052631579,763.625,616.756566183327
171.001,149,171,439.289473684211,770.609375,609.548715753922
172,144,172,442.157894736842,769.4453125,612.812102594959
173.001,139,173,445.026315789474,766.729166666667,635.404816408534
174,136,174,447.894736842105,767.1171875,610.004392031623
175.001,130,175,450.763157894737,761.684895833333,657.368925831202
175.999,133,176,453.631578947368,765.953125,655.478431602479
177.001,145,177,456.5,764.401041666667,627.269619689205
178,162,178,459.368421052632,770.221354166667,604.317672026135
179,212,179,462.236842105263,772.549479166667,652.146604159433
180,237,180,465.105263157895,761.684895833333,654.43124268063
181.001,314,181,467.973684210526,764.013020833333,601.840922562172
182,333,182,470.842105263158,767.893229166667,605.964959243862
183,456,183,473.710526315789,765.177083333333,590.582668861098
184,560,184,476.578947368421,763.236979166667,585.684430825863
185.001,733,185,479.447368421053,768.669270833333,614.996591986395
186,887,186,482.315789473684,764.7890625,614.393381527846
187,1137,187,485.184210526316,765.177083333333,625.23864689967
188,1364,188,488.052631578947,765.953125,585.560674345686
189,1694,189,490.921052631579,764.7890625,643.170894609685
190,1995,190,493.789473684211,766.729166666667,648.194523176405
191,2143,191,496.657894736842,768.28125,616.220237112744
192,2372,192,499.526315789474,765.953125,627.720852536877
193,2707,193,502.394736842105,760.908854166667,650.535098422297
194.001,2811,194,505.263157894737,769.4453125,604.77949739525
195.001,3006,195,508.131578947368,764.013020833333,589.555656205974
196.001,3144,196,511,764.401041666667,642.036917122735
197,3034,197,513.868421052632,765.177083333333,631.009868193056
198.001,2996,198,516.736842105263,767.893229166667,614.520089205245
199,2828,199,519.605263157895,763.625,633.273031667984
200,2687,200,522.473684210526,765.177083333333,621.089312643158
201,2229,201,525.342105263158,760.908854166667,603.019645919285
202.001,2054,202,528.210526315789,767.893229166667,602.603691036226
202.999,1752,203,531.078947368421,765.177083333333,610.980501508821
204,1359,204,533.947368421053,763.625,595.206103438825
204.999,1193,205,536.815789473684,765.565104166667,617.481635675827
206.001,918,206,539.684210526316,764.013020833333,647.04718960658
207,695,207,542.552631578947,765.177083333333,614.180753395724
208.001,488,208,545.421052631579,767.893229166667,608.519938620422
209,398,209,548.289473684211,767.1171875,647.417650429145
210,317,210,551.157894736842,763.236979166667,565.035159035793
211.001,245,211,554.026315789474,763.625,651.03437461498
212.001,175,212,556.894736842105,764.401041666667,603.179094493917
213,128,213,559.763157894737,759.744791666667,595.791277261327
214,139,214,562.631578947368,768.28125,598.320973044287
214.999,113,215,565.5,765.177083333333,638.745455048372
216.001,102,216,568.368421052632,768.28125,687.380013383954
217,97,217,571.236842105263,764.013020833333,608.591161591982
218,87,218,574.105263157895,764.013020833333,599.980880461406
219,80,219,576.973684210526,765.177083333333,609.156796959537
220.001,99,220,579.842105263158,769.4453125,637.602224631929
221.001,71,221,582.710526315789,764.7890625,613.812763353122
222,86,222,585.578947368421,767.1171875,632.268710394277
223,77,223,588.447368421053,767.505208333333,652.121033663848
224,91,224,591.315789473684,771.385416666667,636.881985768037
225,90,225,594.184210526316,761.296875,604.087773953555
226.001,89,226,597.052631578947,770.221354166667,670.881321094298
227,82,227,599.921052631579,770.221354166667,603.006150662737
228,103,228,602.789473684211,767.505208333333,642.720416618771
229,62,229,605.657894736842,764.7890625,595.14926343527
230,88,230,608.526315789474,762.848958333333,577.12996966917
231,80,231,611.394736842105,762.848958333333,611.167948952372
232,90,232,614.263157894737,767.1171875,663.028775448855
233.001,68,233,617.131578947368,765.177083333333,655.330841677563
234,89,234,620,767.1171875,645.479819256763
235,84,235,622.868421052632,766.729166666667,619.162220501772
236.001,102,236,625.736842105263,760.520833333333,614.593635993006
237,95,237,628.605263157895,765.953125,614.909943734739
238.001,103,238,631.473684210526,768.669270833333,617.011323431686
239,83,239,634.342105263158,768.28125,633.544277889135
240.001,93,240,637.210526315789,769.057291666667,618.285442297207
241,111,241,640.078947368421,772.549479166667,557.930705006438
242,86,242,642.947368421053,769.833333333333,612.000550800496
243,117,243,645.815789473684,766.729166666667,585.091488171183
244.001,82,244,648.684210526316,765.177083333333,616.296956969924
245,107,245,651.552631578947,769.057291666667,654.208929229922
246.001,119,246,654.421052631579,762.072916666667,642.980003321897
247.001,120,247,657.289473684211,768.669270833333,638.855171532614
248,132,248,660.157894736842,764.401041666667,578.106660678895
249,136,249,663.026315789474,762.848958333333,604.379440078001
249.999,131,250,665.894736842105,765.177083333333,631.098893196564
250.999,106,251,668.763157894737,767.505208333333,620.08420743537
252,136,252,671.631578947368,764.401041666667,581.828476964991
253,107,253,674.5,765.177083333333,591.323738652658
254,99,254,677.368421052632,764.013020833333,606.030119696949
255.001,120,255,680.236842105263,767.1171875,598.520405598994
256,112,256,683.105263157895,762.4609375,600.796175091231
257,100,257,685.973684210526,767.893229166667,602.033317545695
258,99,258,688.842105263158,765.565104166667,594.300755728393
259,106,259,691.710526315789,759.744791666667,602.097178484608
260,93,260,694.578947368421,764.013020833333,617.91886725273
260.999,74,261,697.447368421053,763.236979166667,604.869230601899
262,104,262,700.315789473684,765.565104166667,605.583722551216
262.999,96,263,703.184210526316,764.013020833333,648.053606994371
264,94,264,706.052631578947,766.341145833333,659.981921102216
265.001,96,265,708.921052631579,770.997395833333,583.421479261165
266.001,85,266,711.789473684211,772.549479166667,626.953973165569
267.001,84,267,714.657894736842,770.997395833333,604.363124028533
268,81,268,717.526315789474,764.013020833333,590.44275895623
269.001,92,269,720.394736842105,767.1171875,636.863076841736
270,66,270,723.263157894737,768.669270833333,637.961791196408
271.001,66,271,726.131578947368,768.28125,659.510577200659
272,86,272,729,767.505208333333,578.706660591543
273,74,273,731.868421052632,764.7890625,617.025915088434
274,85,274,734.736842105263,760.908854166667,607.518638661826
274.999,73,275,737.605263157895,763.625,621.995608488863
276,94,276,740.473684210526,765.177083333333,616.764707481034
277,71,277,743.342105263158,772.161458333333,607.295113117319
278,79,278,746.210526315789,764.7890625,625.900564375871
279.001,78,279,749.078947368421,765.177083333333,634.303747923482
280,77,280,751.947368421053,768.669270833333,667.715309301063
281.001,80,281,754.815789473684,763.625,635.041524721378
282,81,282,757.684210526316,769.057291666667,613.98366803443
283,85,283,760.552631578947,760.908854166667,608.721693330454
284.001,90,284,763.421052631579,763.625,606.66093709115
285,73,285,766.289473684211,768.669270833333,629.649005659845
286,76,286,769.157894736842,765.953125,633.270786588345
287.001,90,287,772.026315789474,763.625,620.496591115628
288.001,81,288,774.894736842105,766.341145833333,610.713680006456
289,79,289,777.763157894737,765.565104166667,601.019232615444
290,80,290,780.631578947368,764.013020833333,604.357954106124
291,74,291,783.5,766.729166666667,634.895115326948
292,76,292,786.368421052632,766.341145833333,590.589227097433
293,75,293,789.236842105263,767.893229166667,602.634332898809
294,72,294,792.105263157895,767.505208333333,602.199940824412
295,92,295,794.973684210526,762.072916666667,624.091973726429
296.001,82,296,797.842105263158,766.729166666667,646.247377113269
297,77,297,800.710526315789,764.401041666667,600.60186312704
298,86,298,803.578947368421,775.265625,623.013705600382
299,85,299,806.447368421053,763.625,599.085861540385
300,69,300,809.315789473684,767.893229166667,677.45769511506
,87,301,812.184210526316,,
,76,302,815.052631578947,,
,82,303,817.921052631579,,
,62,304,820.789473684211,,
,81,305,823.657894736842,,
,88,306,826.526315789474,,
,79,307,829.394736842105,,
,83,308,832.263157894737,,
,95,309,835.131578947368,,
,76,310,838,,
,79,311,840.868421052632,,
,76,312,843.736842105263,,
,71,313,846.605263157895,,
,87,314,849.473684210526,,
,65,315,852.342105263158,,
,74,316,855.210526315789,,
,83,317,858.078947368421,,
,75,318,860.947368421053,,
,81,319,863.815789473684,,
,97,320,866.684210526316,,
,91,321,869.552631578947,,
,84,322,872.421052631579,,
,97,323,875.289473684211,,
,92,324,878.157894736842,,
,83,325,881.026315789474,,
,88,326,883.894736842105,,
,97,327,886.763157894737,,
,102,328,889.631578947368,,
,102,329,892.5,,
,107,330,895.368421052632,,
,96,331,898.236842105263,,
,93,332,901.105263157895,,
,98,333,903.973684210526,,
,91,334,906.842105263158,,
,89,335,909.710526315789,,
,89,336,912.578947368421,,
,82,337,915.447368421053,,
,113,338,918.315789473684,,
,95,339,921.184210526316,,
,91,340,924.052631578947,,
,108,341,926.921052631579,,
,93,342,929.789473684211,,
,91,343,932.657894736842,,
,87,344,935.526315789474,,
,117,345,938.394736842105,,
,100,346,941.263157894737,,
,102,347,944.131578947368,,
,99,348,947,,
,92,349,949.868421052632,,
,120,350,952.736842105263,,
,90,351,955.605263157895,,
,111,352,958.473684210526,,
,102,353,961.342105263158,,
,88,354,964.210526315789,,
,103,355,967.078947368421,,
,93,356,969.947368421053,,
,83,357,972.815789473684,,
,107,358,975.684210526316,,
,107,359,978.552631578947,,
,114,360,981.421052631579,,
,103,361,984.289473684211,,
,93,362,987.157894736842,,
,121,363,990.026315789474,,
,89,364,992.894736842105,,
,102,365,995.763157894737,,
,106,366,998.631578947368,,
,94,367,1001.5,,
,107,368,1004.36842105263,,
,107,369,1007.23684210526,,
,109,370,1010.10526315789,,
,87,371,1012.97368421053,,
,121,372,1015.84210526316,,
,96,373,1018.71052631579,,
,92,374,1021.57894736842,,
,101,375,1024.44736842105,,
,86,376,1027.31578947368,,
,81,377,1030.18421052632,,
,74,378,1033.05263157895,,
,93,379,1035.92105263158,,
,84,380,1038.78947368421,,
,76,381,1041.65789473684,,
,70,382,1044.52631578947,,
,70,383,1047.39473684211,,
,63,384,1050.26315789474,,
,76,385,1053.13157894737,,
,57,386,1056,,
,56,387,1058.86842105263,,
,53,388,1061.73684210526,,
,58,389,1064.60526315789,,
,33,390,1067.47368421053,,
,45,391,1070.34210526316,,
,48,392,1073.21052631579,,
,34,393,1076.07894736842,,
,44,394,1078.94736842105,,
,35,395,1081.81578947368,,
,33,396,1084.68421052632,,
,31,397,1087.55263157895,,
,46,398,1090.42105263158,,
,37,399,1093.28947368421,,
,38,400,1096.15789473684,,
,25,401,1099.02631578947,,
,33,402,1101.89473684211,,
,20,403,1104.76315789474,,
,15,404,1107.63157894737,,
,25,405,1110.5,,
,29,406,1113.36842105263,,
,25,407,1116.23684210526,,
,29,408,1119.10526315789,,
,34,409,1121.97368421053,,
,21,410,1124.84210526316,,
,22,411,1127.71052631579,,
,18,412,1130.57894736842,,
,17,413,1133.44736842105,,
,12,414,1136.31578947368,,
,17,415,1139.18421052632,,
,17,416,1142.05263157895,,
,23,417,1144.92105263158,,
,14,418,1147.78947368421,,
,21,419,1150.65789473684,,
,24,420,1153.52631578947,,
,22,421,1156.39473684211,,
,13,422,1159.26315789474,,
,13,423,1162.13157894737,,
,17,424,1165,,
,20,425,1167.86842105263,,
,14,426,1170.73684210526,,
,9,427,1173.60526315789,,
,22,428,1176.47368421053,,
,23,429,1179.34210526316,,
,18,430,1182.21052631579,,
,27,431,1185.07894736842,,
,18,432,1187.94736842105,,
,18,433,1190.81578947368,,
,19,434,1193.68421052632,,
,11,435,1196.55263157895,,
,13,436,1199.42105263158,,
,19,437,1202.28947368421,,
,24,438,1205.15789473684,,
,22,439,1208.02631578947,,
,21,440,1210.89473684211,,
,27,441,1213.76315789474,,
,50,442,1216.63157894737,,
,59,443,1219.5,,
,53,444,1222.36842105263,,
,69,445,1225.23684210526,,
,83,446,1228.10526315789,,
,102,447,1230.97368421053,,
,107,448,1233.84210526316,,
,130,449,1236.71052631579,,
,147,450,1239.57894736842,,
,152,451,1242.44736842105,,
,164,452,1245.31578947368,,
,201,453,1248.18421052632,,
,223,454,1251.05263157895,,
,242,455,1253.92105263158,,
,266,456,1256.78947368421,,
,276,457,1259.65789473684,,
,288,458,1262.52631578947,,
,286,459,1265.39473684211,,
,297,460,1268.26315789474,,
,334,461,1271.13157894737,,
,318,462,1274,,
,305,463,1276.86842105263,,
,296,464,1279.73684210526,,
,324,465,1282.60526315789,,
,267,466,1285.47368421053,,
,279,467,1288.34210526316,,
,230,468,1291.21052631579,,
,232,469,1294.07894736842,,
,206,470,1296.94736842105,,
,194,471,1299.81578947368,,
,176,472,1302.68421052632,,
,145,473,1305.55263157895,,
,110,474,1308.42105263158,,
,138,475,1311.28947368421,,
,110,476,1314.15789473684,,
,95,477,1317.02631578947,,
,77,478,1319.89473684211,,
,56,479,1322.76315789474,,
,71,480,1325.63157894737,,
,46,481,1328.5,,
,38,482,1331.36842105263,,
,32,483,1334.23684210526,,
,28,484,1337.10526315789,,
,19,485,1339.97368421053,,
,18,486,1342.84210526316,,
,11,487,1345.71052631579,,
,13,488,1348.57894736842,,
,10,489,1351.44736842105,,
,9,490,1354.31578947368,,
,10,491,1357.18421052632,,
,6,492,1360.05263157895,,
,6,493,1362.92105263158,,
,9,494,1365.78947368421,,
,7,495,1368.65789473684,,
,8,496,1371.52631578947,,
,8,497,1374.39473684211,,
,1,498,1377.26315789474,,
,3,499,1380.13157894737,,
,9,500,1383,,
,4,501,1385.86842105263,,
,4,502,1388.73684210526,,
,3,503,1391.60526315789,,
,6,504,1394.47368421053,,
,10,505,1397.34210526316,,
,7,506,1400.21052631579,,
,4,507,1403.07894736842,,
,11,508,1405.94736842105,,
,8,509,1408.81578947368,,
,5,510,1411.68421052632,,
,806,511,1414.55263157895,,
Time t / s,Events N_A,Channel n_A,Energy E_A / keV,Voltage U_A / V,Rate R_A / 1/s
0,0,0,-51.2105263157895,761.684895833333,
0.999,0,1,-48.3421052631579,765.565104166667,508.462745626619
1.999,0,2,-45.4736842105264,760.908854166667,625.383934729433
3,47,3,-42.6052631578947,764.7890625,574.674783130352
3.999,249,4,-39.7368421052631,764.401041666667,665.920822014263
4.999,310,5,-36.8684210526316,768.669270833333,605.018755581423
5.999,363,6,-34,765.953125,607.623969053821
6.999,358,7,-31.1315789473684,764.013020833333,590.470974966361
8,388,8,-28.2631578947369,766.341145833333,625.687188134042
9,410,9,-25.3947368421053,769.833333333333,619.901336543334
9.999,404,10,-22.5263157894736,762.072916666667,554.273605002192
10.999,414,11,-19.6578947368421,765.177083333333,622.821563924973
12,438,12,-16.7894736842105,770.997395833333,586.202911090305
13,458,13,-13.921052631579,765.953125,614.908465767325
14,535,14,-11.0526315789474,764.7890625,593.85201207859
14.999,544,15,-8.18421052631584,766.729166666667,650.005070039546
16,533,16,-5.31578947368416,764.013020833333,651.852838946819
16.999,547,17,-2.4473684210526,761.684895833333,640.551643075016
17.999,555,18,0.421052631578959,764.401041666667,631.648829677845
19,559,19,3.28947368421052,772.549479166667,619.380619380619
19.999,538,20,6.15789473684208,769.833333333333,644.970331364757
20.999,606,21,9.0263157894737,772.161458333333,558.8491107401
22,594,22,11.8947368421053,769.833333333333,612.674241106004
22.999,602,23,14.7631578947368,770.221354166667,611.059699731274
24,659,24,17.6315789473684,762.848958333333,611.686656571802
24.999,684,25,20.5,772.161458333333,623.684993228062
26,762,26,23.3684210526316,765.565104166667,662.988521650899
27.001,726,27,26.2368421052632,770.609375,577.157489344881
28,711,28,29.1052631578947,767.893229166667,608.77683206065
29,685,29,31.9736842105263,767.505208333333,634.969916547526
29.999,830,30,34.8421052631579,762.848958333333,628.077944472909
31,846,31,37.7105263157895,764.401041666667,590.584965527378
31.999,826,32,40.578947368421,766.341145833333,624.632690452159
33,918,33,43.4473684210527,767.1171875,638.004721234937
34,823,34,46.3157894736842,765.177083333333,562.133779840861
35,866,35,49.1842105263158,767.893229166667,624.974329429186
35.999,884,36,52.0526315789473,760.1328125,612.619603466947
37,874,37,54.921052631579,766.729166666667,635.553578277757
37.999,844,38,57.7894736842105,760.520833333333,634.355141337325
39,892,39,60.6578947368421,762.4609375,573.515723323226
40,867,40,63.5263157894737,770.609375,662.814213176047
41,905,41,66.3947368421053,767.505208333333,605.080164239851
42,849,42,69.2631578947368,771.385416666667,647.659122689161
42.999,963,43,72.1315789473684,763.625,629.682891095393
43.999,902,44,75,766.729166666667,613.083331574791
45,854,45,77.8684210526316,767.893229166667,603.72722227001
46,917,46,80.7368421052632,760.908854166667,593.528168846893
46.999,885,47,83.6052631578947,766.341145833333,588.874183725741
48,891,48,86.4736842105263,767.505208333333,613.370909048962
49,900,49,89.3421052631579,761.684895833333,627.590625537694
50,913,50,92.2105263157895,769.4453125,589.914521385851
51,845,51,95.078947368421,762.4609375,650.635605923427
52,871,52,97.9473684210527,766.729166666667,641.107449608554
53,827,53,100.815789473684,767.1171875,592.837266170436
54,885,54,103.684210526316,767.893229166667,639.475346005011
55,848,55,106.552631578947,767.893229166667,577.601861139307
55.999,886,56,109.421052631579,770.609375,635.089329422279
56.999,884,57,112.289473684211,767.1171875,599.57410252917
58,790,58,115.157894736842,762.4609375,598.703423872694
59,857,59,118.026315789474,767.893229166667,587.955133113743
60,821,60,120.894736842105,769.4453125,590.438404955066
61,784,61,123.763157894737,765.177083333333,624.777291309681
62,777,62,126.631578947368,762.072916666667,624.519287787796
63,820,63,129.5,769.057291666667,592.069731373631
64,817,64,132.368421052632,762.4609375,608.668622481796
64.999,786,65,135.236842105263,758.580729166667,592.006731771857
66,916,66,138.105263157895,770.609375,608.398050968372
66.999,883,67,140.973684210526,765.565104166667,599.735982892864
68,958,68,143.842105263158,768.669270833333,667.265207553442
68.999,919,69,146.710526315789,770.221354166667,614.722544879251
70,1029,70,149.578947368421,766.729166666667,614.888947615346
70.999,989,71,152.447368421053,770.997395833333,625.619488417431
71.999,985,72,155.315789473684,765.953125,595.937027124718
73,1001,73,158.184210526316,767.505208333333,621.122430343874
74,991,74,161.052631578947,770.997395833333,585.991149092019
75,926,75,163.921052631579,770.221354166667,616.890193545549
76.001,915,76,166.789473684211,764.013020833333,600.764773556738
76.999,921,77,169.657894736842,764.013020833333,630.462645254764
78,866,78,172.526315789474,769.833333333333,606.269122863639
79,831,79,175.394736842105,762.4609375,606.184015696471
80,850,80,178.263157894737,768.28125,631.555326598678
81,788,81,181.131578947368,764.013020833333,590.691186647621
82,805,82,184,767.893229166667,608.910503876446
83,749,83,186.868421052632,764.013020833333,638.701519810226
83.999,808,84,189.736842105263,762.4609375,646.590207541444
84.999,744,85,192.605263157895,765.953125,584.952677328404
86,846,86,195.473684210526,764.7890625,620.28545536656
86.999,808,87,198.342105263158,769.833333333333,605.362248769664
88,800,88,201.210526315789,762.072916666667,632.38587875676
89,777,89,204.078947368421,762.848958333333,577.479092758135
90,688,90,206.947368421053,765.565104166667,625.792252992288
90.999,768,91,209.815789473684,765.177083333333,615.367663295696
91.999,712,92,212.684210526316,767.1171875,626.550545965481
92.999,722,93,215.552631578947,761.684895833333,654.027796181338
93.999,739,94,218.421052631579,765.177083333333,631.097086731406
95,718,95,221.289473684211,763.236979166667,567.891986944083
95.999,722,96,224.157894736842,768.669270833333,601.053313428901
97,651,97,227.026315789474,766.341145833333,633.193185243363
98,673,98,229.894736842105,761.684895833333,598.548090486458
98.999,668,99,232.763157894737,768.28125,594.419124924985
100,605,100,235.631578947368,764.7890625,632.903451244727
101,667,101,238.5,764.013020833333,590.228182215244
102,647,102,241.368421052632,762.4609375,580.717941591189
102.999,635,103,244.236842105263,769.4453125,598.94060716384
104,577,104,247.105263157895,767.1171875,611.512386228421
104.999,655,105,249.973684210526,763.236979166667,597.317047228682
106,636,106,252.842105263158,767.505208333333,637.950865765423
107,579,107,255.710526315789,766.341145833333,626.596418245999
108,594,108,258.578947368421,764.013020833333,562.214163819207
109,601,109,261.447368421053,761.684895833333,584.642810180447
110,611,110,264.315789473684,764.013020833333,641.221093032878
111,596,111,267.184210526316,765.953125,616.914328726606
111.999,614,112,270.052631578947,765.953125,603.068810151238
113,637,113,272.921052631579,761.684895833333,586.995834104991
114,608,114,275.789473684211,766.729166666667,664.283462077079
114.999,589,115,278.657894736842,760.520833333333,561.139161292133
116,604,116,281.526315789474,770.609375,626.412617991471
117,578,117,284.394736842105,762.848958333333,602.190352370384
117.999,585,118,287.263157894737,767.1171875,556.368989677139
119,587,119,290.131578947368,767.1171875,643.808043475366
120,586,120,293,768.28125,592.396668809435
121,611,121,295.868421052632,770.221354166667,594.085484792633
122,576,122,298.736842105263,768.669270833333,610.57442842226
123,568,123,301.605263157895,768.28125,641.915271175388
123.999,552,124,304.473684210526,765.565104166667,616.565275932402
125,548,125,307.342105263158,763.625,639.948692288309
126,535,126,310.210526315789,763.236979166667,626.893240081214
127.001,516,127,313.078947368421,769.057291666667,649.903879216264
127.999,477,128,315.947368421053,766.729166666667,591.178692076262
128.999,394,129,318.815789473684,760.908854166667,594.646209357845
129.999,424,130,321.684210526316,765.565104166667,595.835122507707
130.999,401,131,324.552631578947,765.953125,628.727873935071
132,355,132,327.421052631579,769.4453125,608.118390532028
133,363,133,330.289473684211,764.013020833333,638.007273282915
134,323,134,333.157894736842,768.28125,591.086154140159
135,261,135,336.026315789474,767.505208333333,627.557574797643
136,284,136,338.894736842105,765.565104166667,623.622855977408
136.999,286,137,341.763157894737,769.057291666667,599.970572394963
137.999,275,138,344.631578947368,762.848958333333,586.159066950003
139,271,139,347.5,762.072916666667,615.53156564163
139.999,231,140,350.368421052632,769.057291666667,647.021122520608
140.999,241,141,353.236842105263,763.625,593.631683474385
142,244,142,356.105263157895,765.565104166667,581.864375631209
143,236,143,358.973684210526,763.236979166667,568.610316386751
144,211,144,361.842105263158,766.341145833333,660.318339471459
145,222,145,364.710526315789,770.221354166667,598.530237937789
146,196,146,367.578947368421,767.1171875,631.369982809927
147,204,147,370.447368421053,765.565104166667,588.350613449873
148,158,148,373.315789473684,769.4453125,586.544900212297
149,171,149,376.184210526316,765.565104166667,622.166365508519
150,190,150,379.052631578947,762.4609375,612.265417058295
151,176,151,381.921052631579,763.236979166667,681.662501568157
152,194,152,384.789473684211,763.236979166667,618.695787281394
153,176,153,387.657894736842,762.072916666667,611.131448764242
154,179,154,390.526315789474,770.609375,683.349551348347
155,177,155,393.394736842105,764.7890625,633.066273524497
155.999,160,156,396.263157894737,768.28125,620.530816649531
156.999,159,157,399.131578947368,773.713541666667,585.172627428103
158,172,158,402,772.549479166667,628.177512754445
158.999,154,159,404.868421052632,767.893229166667,587.120418397813
160,174,160,407.736842105263,772.161458333333,621.482643420881
161,145,161,410.605263157895,762.4609375,615.800052018637
162,161,162,413.473684210526,761.684895833333,642.64727433471
163,177,163,416.342105263158,765.565104166667,571.87522104643
164,150,164,419.210526315789,760.908854166667,616.467995237058
165.001,134,165,422.078947368421,762.848958333333,594.012904043754
166,156,166,424.947368421053,764.013020833333,656.996715016425
167,154,167,427.815789473684,762.4609375,626.223373877462
168,138,168,430.684210526316,765.565104166667,593.645924715044
168.999,146,169,433.552631578947,769.833333333333,580.931290952526
169.999,130,170,436.421052631579,770.221354166667,627.267182291393
171,142,171,439.289473684211,769.833333333333,624.65251201405
172,148,172,442.157894736842,768.28125,668.320742000328
173.001,147,173,445.026315789474,766.729166666667,616.143377265191
174,148,174,447.894736842105,772.9375,616.445979006182
175,135,175,450.763157894737,763.236979166667,617.446209163457
176,168,176,453.631578947368,764.7890625,603.035337870799
177,170,177,456.5,765.177083333333,603.550619229924
178,162,178,459.368421052632,767.893229166667,604.342377731761
179,193,179,462.236842105263,763.625,626.837528253373
179.999,207,180,465.105263157895,762.848958333333,602.99276729207
180.999,269,181,467.973684210526,770.609375,639.737873663483
182.001,374,182,470.842105263158,766.341145833333,655.976142447384
183,437,183,473.710526315789,768.669270833333,618.877267749083
184,588,184,476.578947368421,767.893229166667,617.203862435763
184.999,766,185,479.447368421053,763.625,636.28367184224
186,920,186,482.315789473684,772.549479166667,620.509189841184
187,1094,187,485.184210526316,767.1171875,636.344183684295
188,1379,188,488.052631578947,768.28125,626.388201532236
189.001,1575,189,490.921052631579,762.848958333333,618.265539832396
189.999,1901,190,493.789473684211,765.565104166667,641.949735335723
191,2139,191,496.657894736842,762.4609375,607.576264983225
191.999,2533,192,499.526315789474,765.953125,653.865783684176
193,2572,193,502.394736842105,765.177083333333,599.907374301408
194,2869,194,505.263157894737,761.296875,631.065183589417
195,3071,195,508.131578947368,764.013020833333,635.207712922126
196,3089,196,511,769.833333333333,641.034936404034
197,2987,197,513.868421052632,767.1171875,576.649943818296
198,2963,198,516.736842105263,767.893229166667,653.486816802765
199,2739,199,519.605263157895,762.4609375,650.829156345184
200,2616,200,522.473684210526,764.013020833333,610.320418219565
200.999,2299,201,525.342105263158,765.565104166667,632.79215541997
202,2109,202,528.210526315789,768.28125,635.540277448269
203,1693,203,531.078947368421,766.729166666667,567.916105469733
204,1418,204,533.947368421053,770.609375,645.877606193626
205,1177,205,536.815789473684,758.96875,625.191485713708
206,931,206,539.684210526316,764.013020833333,597.296683155584
206.999,717,207,542.552631578947,765.177083333333,588.561134185332
207.999,571,208,545.421052631579,765.565104166667,606.359640221268
208.999,422,209,548.289473684211,767.893229166667,626.575310138144
210,281,210,551.157894736842,768.669270833333,630.643734032667
210.999,221,211,554.026315789474,767.505208333333,617.31217476678
212,189,212,556.894736842105,763.625,626.949766200818
213,149,213,559.763157894737,762.072916666667,603.219439810953
214,110,214,562.631578947368,768.28125,554.15492928028
215,105,215,565.5,767.1171875,606.748606430614
216,114,216,568.368421052632,763.625,580.947800229491
217,108,217,571.236842105263,771.385416666667,585.726407195199
218,75,218,574.105263157895,764.401041666667,630.301034215248
218.999,76,219,576.973684210526,760.908854166667,614.884572946641
220,86,220,579.842105263158,764.013020833333,618.727813414797
220.999,75,221,582.710526315789,768.669270833333,585.991279162361
222,78,222,585.578947368421,765.565104166667,626.648393092333
223,94,223,588.447368421053,762.072916666667,664.425545228936
224,84,224,591.315789473684,765.565104166667,638.653019814335
224.999,101,225,594.184210526316,763.236979166667,653.03669575451
226,90,226,597.052631578947,767.1171875,634.687232900145
227,84,227,599.921052631579,777.59375,605.145053269269
227.999,91,228,602.789473684211,770.609375,590.528227499498
229,65,229,605.657894736842,770.609375,599.986200317393
230,84,230,608.526315789474,769.833333333333,648.73408389901
231,81,231,611.394736842105,764.401041666667,639.999715555682
232.001,91,232,614.263157894737,769.833333333333,610.822667073882
233,85,233,617.131578947368,771.7734375,619.002661711445
234,67,234,620,760.908854166667,612.290593115493
234.999,98,235,622.868421052632,768.28125,646.129517660984
236,75,236,625.736842105263,765.177083333333,631.848545903547
237,82,237,628.605263157895,770.221354166667,665.060638706609
238.001,99,238,631.473684210526,761.684895833333,647.712570892085
238.999,116,239,634.342105263158,767.893229166667,552.40255007464
240,86,240,637.210526315789,769.057291666667,670.85499358245
241,106,241,640.078947368421,764.7890625,585.239851169175
241.999,107,242,642.947368421053,769.4453125,628.878312046619
242.999,114,243,645.815789473684,770.997395833333,634.692195308203
244,95,244,648.684210526316,760.520833333333,631.446875619725
245,118,245,651.552631578947,762.072916666667,607.542839527118
246,101,246,654.421052631579,768.28125,639.522347864184
247,125,247,657.289473684211,767.893229166667,597.289792017699
247.999,121,248,660.157894736842,766.729166666667,602.381126538761
249,126,249,663.026315789474,765.953125,610.200997603483
250.001,144,250,665.894736842105,764.401041666667,623.100624098472
250.999,122,251,668.763157894737,768.669270833333,642.171990102108
252,104,252,671.631578947368,769.057291666667,590.924184427138
253,120,253,674.5,769.4453125,614.425260722415
253.999,113,254,677.368421052632,764.7890625,656.588605576893
255.001,104,255,680.236842105263,768.669270833333,577.565612902536
256,102,256,683.105263157895,767.1171875,628.485505052653
256.999,89,257,685.973684210526,760.1328125,612.181144400628
257.999,113,258,688.842105263158,761.684895833333,583.214811123384
259,112,259,691.710526315789,760.520833333333,614.50384959184
260,90,260,694.578947368421,765.953125,587.992944084671
261,93,261,697.447368421053,766.341145833333,674.465014350617
261.999,88,262,700.315789473684,760.908854166667,611.018304219792
263,93,263,703.184210526316,764.7890625,605.210518314503
263.999,84,264,706.052631578947,763.625,649.13735746484
265,90,265,708.921052631579,760.908854166667,599.899616797456
265.999,88,266,711.789473684211,766.341145833333,599.982050620456
266.999,98,267,714.657894736842,760.1328125,661.006015154738
268,100,268,717.526315789474,767.1171875,582.694505923339
268.999,85,269,720.394736842105,770.609375,656.26335848576
269.999,96,270,723.263157894737,762.848958333333,576.166512122003
270.999,79,271,726.131578947368,767.505208333333,603.006331566481
272,78,272,729,760.908854166667,632.131862706561
273,76,273,731.868421052632,770.609375,628.361902706486
274,69,274,734.736842105263,764.401041666667,613.093513590841
274.999,101,275,737.605263157895,763.236979166667,596.556626363611
276,75,276,740.473684210526,762.072916666667,639.140546304881
277,81,277,743.342105263158,761.296875,590.507087972014
278,85,278,746.210526315789,764.7890625,630.779164214608
279,80,279,749.078947368421,771.385416666667,582.287708356699
280,65,280,751.947368421053,762.4609375,577.959080497101
281,88,281,754.815789473684,765.177083333333,641.847368695724
282,75,282,757.684210526316,764.401041666667,609.022533833752
283,89,283,760.552631578947,764.7890625,609.728399871657
284,73,284,763.421052631579,763.236979166667,594.799589087611
285,74,285,766.289473684211,769.833333333333,633.939265287706
286,90,286,769.157894736842,767.505208333333,642.091235610158
287,76,287,772.026315789474,769.833333333333,599.59623189744
288,81,288,774.894736842105,770.997395833333,633.108134869436
288.999,61,289,777.763157894737,768.28125,607.494257327762
289.999,80,290,780.631578947368,765.177083333333,642.482247174729
290.999,65,291,783.5,769.833333333333,581.868381594171
292,78,292,786.368421052632,768.28125,620.169418303274
292.999,65,293,789.236842105263,762.4609375,607.284223948384
294,87,294,792.105263157895,768.28125,597.120679643202
295,92,295,794.973684210526,766.729166666667,647.635801618156
295.999,82,296,797.842105263158,762.4609375,623.90033403091
297,79,297,800.710526315789,764.7890625,633.687043492555
297.999,81,298,803.578947368421,771.385416666667,682.275968741971
298.999,91,299,806.447368421053,764.013020833333,617.570202568031
299.999,90,300,809.315789473684,767.1171875,595.278354268585
,86,301,812.184210526316,,
,84,302,815.052631578947,,
,68,303,817.921052631579,,
,88,304,820.789473684211,,
,89,305,823.657894736842,,
,93,306,826.526315789474,,
,70,307,829.394736842105,,
,80,308,832.263157894737,,
,76,309,835.131578947368,,
,82,310,838,,
,80,311,840.868421052632,,
,93,312,843.736842105263,,
,102,313,846.605263157895,,
,70,314,849.473684210526,,
,76,315,852.342105263158,,
,90,316,855.210526315789,,
,74,317,858.078947368421,,
,94,318,860.947368421053,,
,72,319,863.815789473684,,
,101,320,866.684210526316,,
,81,321,869.552631578947,,
,84,322,872.421052631579,,
,76,323,875.289473684211,,
,88,324,878.157894736842,,
,88,325,881.026315789474,,
,93,326,883.894736842105,,
,85,327,886.763157894737,,
,89,328,889.631578947368,,
,77,329,892.5,,
,77,330,895.368421052632,,
,88,331,898.236842105263,,
,95,332,901.105263157895,,
,93,333,903.973684210526,,
,92,334,906.842105263158,,
,93,335,909.710526315789,,
,71,336,912.578947368421,,
,111,337,915.447368421053,,
,105,338,918.315789473684,,
,92,339,921.184210526316,,
,100,340,924.052631578947,,
,82,341,926.921052631579,,
,76,342,929.789473684211,,
,105,343,932.657894736842,,
,93,344,935.526315789474,,
,87,345,938.394736842105,,
,81,346,941.263157894737,,
,104,347,944.131578947368,,
,90,348,947,,
,101,349,949.868421052632,,
,111,350,952.736842105263,,
,104,351,955.605263157895,,
,94,352,958.473684210526,,
,106,353,961.342105263158,,
,91,354,964.210526315789,,
,91,355,967.078947368421,,
,108,356,969.947368421053,,
,112,357,972.815789473684,,
,110,358,975.684210526316,,
,102,359,978.552631578947,,
,90,360,981.421052631579,,
,111,361,984.289473684211,,
,112,362,987.157894736842,,
,106,363,990.026315789474,,
,100,364,992.894736842105,,
,100,365,995.763157894737,,
,86,366,998.631578947368,,
,103,367,1001.5,,
,94,368,1004.36842105263,,
,82,369,1007.23684210526,,
,113,370,1010.10526315789,,
,107,371,1012.97368421053,,
,98,372,1015.84210526316,,
,98,373,1018.71052631579,,
,104,374,1021.57894736842,,
,82,375,1024.44736842105,,
,77,376,1027.31578947368,,
,85,377,1030.18421052632,,
,81,378,1033.05263157895,,
,103,379,1035.92105263158,,
,88,380,1038.78947368421,,
,68,381,1041.65789473684,,
,89,382,1044.52631578947,,
,55,383,1047.39473684211,,
,66,384,1050.26315789474,,
,62,385,1053.13157894737,,
,63,386,1056,,
,51,387,1058.86842105263,,
,59,388,1061.73684210526,,
,61,389,1064.60526315789,,
,58,390,1067.47368421053,,
,74,391,1070.34210526316,,
,53,392,1073.21052631579,,
,41,393,1076.07894736842,,
,37,394,1078.94736842105,,
,52,395,1081.81578947368,,
,33,396,1084.68421052632,,
,32,397,1087.55263157895,,
,31,398,1090.42105263158,,
,25,399,1093.28947368421,,
,36,400,1096.15789473684,,
,29,401,1099.02631578947,,
,27,402,1101.89473684211,,
,23,403,1104.76315789474,,
,24,404,1107.63157894737,,
,26,405,1110.5,,
,34,406,1113.36842105263,,
,26,407,1116.23684210526,,
,30,408,1119.10526315789,,
,23,409,1121.97368421053,,
,30,410,1124.84210526316,,
,23,411,1127.71052631579,,
,18,412,1130.57894736842,,
,23,413,1133.44736842105,,
,21,414,1136.31578947368,,
,23,415,1139.18421052632,,
,18,416,1142.05263157895,,
,17,417,1144.92105263158,,
,22,418,1147.78947368421,,
,17,419,1150.65789473684,,
,15,420,1153.52631578947,,
,15,421,1156.39473684211,,
,15,422,1159.26315789474,,
,14,423,1162.13157894737,,
,13,424,1165,,
,8,425,1167.86842105263,,
,19,426,1170.73684210526,,
,21,427,1173.60526315789,,
,20,428,1176.47368421053,,
,9,429,1179.34210526316,,
,8,430,1182.21052631579,,
,19,431,1185.07894736842,,
,18,432,1187.94736842105,,
,14,433,1190.81578947368,,
,18,434,1193.68421052632,,
,12,435,1196.55263157895,,
,13,436,1199.42105263158,,
,26,437,1202.28947368421,,
,22,438,1205.15789473684,,
,26,439,1208.02631578947,,
,22,440,1210.89473684211,,
,40,441,1213.76315789474,,
,21,442,1216.63157894737,,
,43,443,1219.5,,
,71,444,1222.36842105263,,
,58,445,1225.23684210526,,
,83,446,1228.10526315789,,
,90,447,1230.97368421053,,
,100,448,1233.84210526316,,
,102,449,1236.71052631579,,
,135,450,1239.57894736842,,
,149,451,1242.44736842105,,
,175,452,1245.31578947368,,
,189,453,1248.18421052632,,
,217,454,1251.05263157895,,
,224,455,1253.92105263158,,
,240,456,1256.78947368421,,
,294,457,1259.65789473684,,
,294,458,1262.52631578947,,
,318,459,1265.39473684211,,
,283,460,1268.26315789474,,
,327,461,1271.13157894737,,
,325,462,1274,,
,315,463,1276.86842105263,,
,326,464,1279.73684210526,,
,320,465,1282.60526315789,,
,266,466,1285.47368421053,,
,258,467,1288.34210526316,,
,255,468,1291.21052631579,,
,215,469,1294.07894736842,,
,238,470,1296.94736842105,,
,238,471,1299.81578947368,,
,218,472,1302.68421052632,,
,150,473,1305.55263157895,,
,142,474,1308.42105263158,,
,143,475,1311.28947368421,,
,115,476,1314.15789473684,,
,83,477,1317.02631578947,,
,74,478,1319.89473684211,,
,64,479,1322.76315789474,,
,69,480,1325.63157894737,,
,61,481,1328.5,,
,40,482,1331.36842105263,,
,35,483,1334.23684210526,,
,28,484,1337.10526315789,,
,30,485,1339.97368421053,,
,21,486,1342.84210526316,,
,15,487,1345.71052631579,,
,14,488,1348.57894736842,,
,10,489,1351.44736842105,,
,11,490,1354.31578947368,,
,9,491,1357.18421052632,,
,7,492,1360.05263157895,,
,6,493,1362.92105263158,,
,7,494,1365.78947368421,,
,4,495,1368.65789473684,,
,5,496,1371.52631578947,,
,5,497,1374.39473684211,,
,3,498,1377.26315789474,,
,2,499,1380.13157894737,,
,6,500,1383,,
,6,501,1385.86842105263,,
,6,502,1388.73684210526,,
,8,503,1391.60526315789,,
,11,504,1394.47368421053,,
,7,505,1397.34210526316,,
,3,506,1400.21052631579,,
,5,507,1403.07894736842,,
,4,508,1405.94736842105,,
,6,509,1408.81578947368,,
,6,510,1411.68421052632,,
,825,511,1414.55263157895,,
Time t / s,Events N_A,Channel n_A,Energy E_A / keV,Voltage U_A / V,Rate R_A / 1/s
0,0,0,-51.2105263157895,770.609375,
0.999,0,1,-48.3421052631579,766.341145833333,532.452263548829
2.001,0,2,-45.4736842105264,760.1328125,634.000897216436
3,56,3,-42.6052631578947,768.28125,606.507683299207
4,254,4,-39.7368421052631,765.953125,602.59150382015
5,306,5,-36.8684210526316,761.684895833333,571.723628797839
6,323,6,-34,772.9375,617.222072172132
7,368,7,-31.1315789473684,766.341145833333,586.407083797572
7.999,416,8,-28.2631578947369,766.729166666667,610.774235188503
9,416,9,-25.3947368421053,770.997395833333,609.693459677218
10,409,10,-22.5263157894736,764.401041666667,610.9623078468
11.001,480,11,-19.6578947368421,765.177083333333,634.843193731149
12,446,12,-16.7894736842105,765.953125,617.702074956814
13,448,13,-13.921052631579,765.177083333333,636.720321699939
14,479,14,-11.0526315789474,765.953125,573.61436072954
14.999,525,15,-8.18421052631584,766.341145833333,613.160966972618
16,529,16,-5.31578947368416,762.072916666667,606.591150688997
17.001,554,17,-2.4473684210526,764.7890625,645.432600201163
18,530,18,0.421052631578959,763.236979166667,632.081238166007
19,588,19,3.28947368421052,769.057291666667,671.742001329272
20,523,20,6.15789473684208,765.565104166667,633.512701829591
21.002,615,21,9.0263157894737,764.401041666667,598.739004558081
22,580,22,11.8947368421053,768.669270833333,609.537726588155
23,628,23,14.7631578947368,767.1171875,625.48299952761
24.001,653,24,17.6315789473684,765.953125,614.145859641665
25.001,751,25,20.5,765.177083333333,628.016140014798
26.001,713,26,23.3684210526316,766.341145833333,606.913343891222
27,749,27,26.2368421052632,762.4609375,612.871704745948
28,775,28,29.1052631578947,765.953125,604.394749765019
29.001,756,29,31.9736842105263,764.013020833333,611.575515091431
30,795,30,34.8421052631579,767.505208333333,617.599132918845
31,852,31,37.7105263157895,769.057291666667,578.887152227432
32,811,32,40.578947368421,766.729166666667,645.19560809464
33.004,874,33,43.4473684210527,766.341145833333,585.708961217171
34,852,34,46.3157894736842,771.385416666667,560.018648620999
35.001,892,35,49.1842105263158,768.28125,626.550110997456
35.999,903,36,52.0526315789473,765.177083333333,610.82414372902
37.001,878,37,54.921052631579,770.997395833333,658.773579520719
38.001,914,38,57.7894736842105,763.625,612.86725295301
39,897,39,60.6578947368421,768.669270833333,595.415004757825
40.002,936,40,63.5263157894737,763.625,659.675243579328
41.001,890,41,66.3947368421053,762.072916666667,587.066514636108
42,942,42,69.2631578947368,766.341145833333,588.816202799854
43,925,43,72.1315789473684,762.4609375,609.052449733204
43.999,881,44,75,768.669270833333,626.489923325395
45.001,864,45,77.8684210526316,762.848958333333,651.134406362765
46,906,46,80.7368421052632,761.296875,612.117526565101
47.001,886,47,83.6052631578947,762.848958333333,635.793621390497
48.001,892,48,86.4736842105263,764.7890625,629.268035421198
49,836,49,89.3421052631579,769.833333333333,643.773751672135
50,900,50,92.2105263157895,764.7890625,618.123446021566
51,865,51,95.078947368421,759.356770833333,602.428929397731
52,835,52,97.9473684210527,764.401041666667,586.620193311352
53.001,840,53,100.815789473684,769.057291666667,645.555694341689
54,853,54,103.684210526316,763.236979166667,641.655925220664
55,862,55,106.552631578947,765.565104166667,633.140999167586
56,824,56,109.421052631579,765.177083333333,592.126715117035
57.001,842,57,112.289473684211,766.341145833333,638.813295982198
58,820,58,115.157894736842,769.4453125,661.031566979218
59,854,59,118.026315789474,763.625,617.012463651766
60,808,60,120.894736842105,767.893229166667,583.237961088124
61.001,793,61,123.763157894737,770.221354166667,623.768519502413
62.001,745,62,126.631578947368,765.565104166667,644.694723033541
63,836,63,129.5,768.28125,646.201876062875
64,819,64,132.368421052632,763.625,600.027421253151
65.001,794,65,135.236842105263,763.236979166667,624.56273102065
66,845,66,138.105263157895,765.953125,644.223867794058
67,903,67,140.973684210526,772.161458333333,652.997518609429
68,935,68,143.842105263158,768.669270833333,616.616104146127
69,988,69,146.710526315789,772.549479166667,644.768039712394
70.001,952,70,149.578947368421,768.669270833333,621.071790242763
71,960,71,152.447368421053,768.669270833333,601.273497267212
72,1029,72,155.315789473684,765.177083333333,606.338908687858
73,983,73,158.184210526316,762.4609375,567.709652619464
74,943,74,161.052631578947,763.625,646.6395264917
75,966,75,163.921052631579,764.7890625,593.194855289893
76.001,893,76,166.789473684211,763.625,604.988278213351
77,950,77,169.657894736842,760.1328125,642.668117775239
78,814,78,172.526315789474,766.729166666667,640.842669237442
79,862,79,175.394736842105,766.729166666667,625.689071374305
80,865,80,178.263157894737,767.893229166667,612.296782912838
81,808,81,181.131578947368,759.356770833333,666.328659346737
82,803,82,184,764.013020833333,627.083874632504
83,837,83,186.868421052632,765.953125,611.378228341776
84.001,814,84,189.736842105263,768.669270833333,633.232156906485
85,753,85,192.605263157895,764.7890625,610.632859895996
86.001,813,86,195.473684210526,767.505208333333,606.606970935118
87.001,802,87,198.342105263158,764.013020833333,629.821690481406
88,769,88,201.210526315789,762.848958333333,606.325709509353
89,747,89,204.078947368421,768.28125,605.218516088596
90,707,90,206.947368421053,766.341145833333,602.424769705119
91.001,792,91,209.815789473684,766.729166666667,615.012730763527
92,715,92,212.684210526316,764.7890625,635.556762713683
92.999,719,93,215.552631578947,760.908854166667,644.467367735082
94.001,728,94,218.421052631579,767.1171875,605.162486127525
95,665,95,221.289473684211,765.177083333333,642.226776597256
96,697,96,224.157894736842,764.013020833333,658.189953620615
97,690,97,227.026315789474,763.625,650.762433266815
98.001,699,98,229.894736842105,764.401041666667,686.61837450766
99,669,99,232.763157894737,762.848958333333,658.760357423596
100.001,652,100,235.631578947368,767.893229166667,582.209187761163
101.001,609,101,238.5,770.221354166667,600.81320717389
102.001,662,102,241.368421052632,770.609375,593.649987371173
103,643,103,244.236842105263,761.684895833333,627.600306357813
104.001,614,104,247.105263157895,769.833333333333,638.420642815197
105,664,105,249.973684210526,762.072916666667,596.1656827595
106,623,106,252.842105263158,763.236979166667,641.888371288632
107,612,107,255.710526315789,769.833333333333,700.708766917737
108,588,108,258.578947368421,763.236979166667,609.325003301898
109,574,109,261.447368421053,763.625,622.000808601051
110.001,597,110,264.315789473684,760.520833333333,606.895189200825
111,649,111,267.184210526316,764.013020833333,619.503718473491
112,623,112,270.052631578947,770.221354166667,604.018241350889
113,592,113,272.921052631579,770.609375,670.129267935785
114.001,606,114,275.789473684211,771.7734375,620.493375483963
115,593,115,278.657894736842,764.401041666667,604.189812004785
116,598,116,281.526315789474,763.236979166667,628.519004730633
117,616,117,284.394736842105,765.953125,613.78666973005
118,590,118,287.263157894737,767.505208333333,592.579637876137
119.001,547,119,290.131578947368,762.4609375,639.274137283019
120,621,120,293,767.505208333333,646.162731531931
121,574,121,295.868421052632,763.625,653.029602009554
122,575,122,298.736842105263,764.401041666667,629.965141928813
123,600,123,301.605263157895,768.669270833333,598.860742433994
124,565,124,304.473684210526,765.177083333333,593.706391865041
125.001,584,125,307.342105263158,768.669270833333,607.71377302312
126,502,126,310.210526315789,765.565104166667,605.575040121853
126.999,491,127,313.078947368421,768.669270833333,638.654709335602
128.001,464,128,315.947368421053,769.833333333333,614.096524646758
129,427,129,318.815789473684,761.296875,578.75076037408
130,404,130,321.684210526316,767.1171875,569.866459445187
131,380,131,324.552631578947,765.177083333333,604.735963667784
132.001,395,132,327.421052631579,762.072916666667,546.15193946956
133.001,365,133,330.289473684211,769.833333333333,591.032175480564
134,316,134,333.157894736842,768.669270833333,661.914211475815
135,300,135,336.026315789474,769.4453125,618.904812439847
136.001,301,136,338.894736842105,767.893229166667,621.846626859599
137,283,137,341.763157894737,764.401041666667,632.455304573763
138.001,256,138,344.631578947368,767.893229166667,564.587057622516
139.001,241,139,347.5,774.1015625,615.525258034521
140.001,253,140,350.368421052632,766.341145833333,641.729824159042
141,222,141,353.236842105263,769.4453125,625.886568324031
142.001,241,142,356.105263157895,762.848958333333,643.909273183409
143.001,237,143,358.973684210526,767.505208333333,621.335459014322
144,256,144,361.842105263158,764.7890625,619.421804158141
145.001,209,145,364.710526315789,760.520833333333,625.497475328321
146,185,146,367.578947368421,761.684895833333,612.470418981892
147.001,187,147,370.447368421053,771.7734375,611.444502669325
148,215,148,373.315789473684,766.341145833333,604.433631798365
149.002,200,149,376.184210526316,764.013020833333,582.249189669921
150,181,150,379.052631578947,768.669270833333,630.535576919035
151,194,151,381.921052631579,764.401041666667,604.59716061554
152.001,174,152,384.789473684211,766.729166666667,664.866089420826
153,183,153,387.657894736842,766.729166666667,605.530392403693
154,171,154,390.526315789474,767.505208333333,635.673241530105
155.001,175,155,393.394736842105,774.877604166667,641.042875658347
156,145,156,396.263157894737,769.057291666667,619.220264083016
157,144,157,399.131578947368,766.729166666667,589.682262377571
158,152,158,402,764.7890625,636.048992422914
159,191,159,404.868421052632,768.28125,611.018147238973
160,137,160,407.736842105263,769.4453125,651.507460359968
161,158,161,410.605263157895,765.177083333333,611.818123194335
162.001,155,162,413.473684210526,766.341145833333,555.477266067005
163,170,163,416.342105263158,772.9375,587.944715003783
164,145,164,419.210526315789,768.669270833333,616.581526118224
165.001,172,165,422.078947368421,762.072916666667,613.741001297452
166.001,161,166,424.947368421053,765.953125,549.825650286294
167,146,167,427.815789473684,768.28125,630.622275804507
168.001,145,168,430.684210526316,769.057291666667,626.407754418004
169.001,151,169,433.552631578947,765.565104166667,619.760321962984
170,156,170,436.421052631579,775.265625,609.59099847302
171,150,171,439.289473684211,766.341145833333,679.339380193838
172.001,175,172,442.157894736842,760.1328125,629.728964653613
173,146,173,445.026315789474,765.565104166667,586.53326293453
174,149,174,447.894736842105,766.729166666667,655.884919933975
175,140,175,450.763157894737,762.072916666667,648.491621498258
176.001,143,176,453.631578947368,767.505208333333,617.572909637663
177,157,177,456.5,766.341145833333,628.606225622767
178.001,166,178,459.368421052632,761.684895833333,637.408548607747
179,210,179,462.236842105263,767.893229166667,683.273205291268
180,214,180,465.105263157895,764.013020833333,616.642171157043
181,301,181,467.973684210526,767.1171875,623.827944447871
182.001,310,182,470.842105263158,770.609375,591.531331719804
183,420,183,473.710526315789,768.28125,645.069719115209
184.001,561,184,476.578947368421,762.072916666667,661.669434169387
185,660,185,479.447368421053,765.177083333333,593.716615955458
186,882,186,482.315789473684,763.236979166667,637.363562280469
186.999,1089,187,485.184210526316,764.7890625,650.075213702225
188,1361,188,488.052631578947,760.520833333333,636.590983072013
189,1611,189,490.921052631579,762.4609375,570.100052559224
190,1878,190,493.789473684211,768.28125,572.521509843316
191.001,2147,191,496.657894736842,764.7890625,624.847849548635
192,2398,192,499.526315789474,767.1171875,663.168278117446
193.001,2637,193,502.394736842105,765.565104166667,623.285838885713
194.001,2934,194,505.263157894737,765.953125,651.451121245042
195.001,3163,195,508.131578947368,764.401041666667,621.025896779896
196,3094,196,511,769.4453125,572.688295416596
197,3008,197,513.868421052632,765.177083333333,656.503129565453
198.001,2999,198,516.736842105263,772.161458333333,582.38346590045
199,2867,199,519.605263157895,760.520833333333,611.972129611921
200,2638,200,522.473684210526,767.505208333333,677.245230497963
201.001,2377,201,525.342105263158,764.401041666667,620.998820102242
202,2056,202,528.210526315789,765.953125,603.876526778619
203,1746,203,531.078947368421,769.833333333333,608.500238753912
204,1413,204,533.947368421053,764.013020833333,632.055368050241
205,1123,205,536.815789473684,767.1171875,594.517170486606
206.001,919,206,539.684210526316,768.669270833333,618.321201323718
207,732,207,542.552631578947,764.7890625,600.590079753358
208,495,208,545.421052631579,763.236979166667,580.528131860472
209.001,418,209,548.289473684211,765.177083333333,647.350799398194
210,316,210,551.157894736842,773.713541666667,618.621898295762
211,223,211,554.026315789474,770.609375,634.093684787522
212,185,212,556.894736842105,764.7890625,612.908519628284
213.002,139,213,559.763157894737,764.401041666667,629.598064595562
214.001,100,214,562.631578947368,763.236979166667,572.462435155118
215.001,110,215,565.5,762.848958333333,601.916314975034
216,113,216,568.368421052632,765.177083333333,581.542171766738
217,92,217,571.236842105263,759.744791666667,574.037167459021
218,94,218,574.105263157895,768.28125,663.705917613974
219.001,118,219,576.973684210526,767.893229166667,594.539647950592
220,92,220,579.842105263158,765.953125,576.463303223585
221,97,221,582.710526315789,758.580729166667,593.683567259342
222,85,222,585.578947368421,763.236979166667,634.795282405661
223,107,223,588.447368421053,762.4609375,608.300662148591
224.001,87,224,591.315789473684,767.505208333333,579.921710569073
225,87,225,594.184210526316,760.908854166667,631.188338284488
225.999,84,226,597.052631578947,762.072916666667,649.749164667616
227.001,93,227,599.921052631579,764.013020833333,670.114467370684
228,100,228,602.789473684211,762.072916666667,612.628318399227
228.999,86,229,605.657894736842,764.013020833333,590.640017522988
230,98,230,608.526315789474,764.013020833333,643.318661205917
231,88,231,611.394736842105,769.057291666667,615.167589862216
232,81,232,614.263157894737,764.401041666667,618.343853134787
233,91,233,617.131578947368,766.729166666667,593.983636902711
234.001,94,234,620,761.684895833333,628.140842938376
235,96,235,622.868421052632,767.1171875,625.788108146582
236,71,236,625.736842105263,766.341145833333,555.3245316563
237,96,237,628.605263157895,766.341145833333,623.370593818025
237.999,94,238,631.473684210526,765.565104166667,602.900316927931
239.001,92,239,634.342105263158,769.4453125,641.040952740172
240.001,85,240,637.210526315789,764.7890625,627.654643793477
241.001,102,241,640.078947368421,764.7890625,587.576308701506
242,101,242,642.947368421053,765.177083333333,630.330627955614
243,106,243,645.815789473684,765.565104166667,618.73221214317
244.001,116,244,648.684210526316,762.848958333333,631.462012122073
245,104,245,651.552631578947,765.177083333333,628.367516225562
246.001,107,246,654.421052631579,764.401041666667,591.592670499168
247,111,247,657.289473684211,768.28125,610.985152459826
248,117,248,660.157894736842,762.072916666667,592.312515618915
249,113,249,663.026315789474,773.713541666667,651.523788720714
250,153,250,665.894736842105,767.1171875,588.00007051994
251,109,251,668.763157894737,767.1171875,605.164081635191
252.001,143,252,671.631578947368,764.013020833333,594.91950739065
253.001,136,253,674.5,765.953125,618.15507013674
254.001,124,254,677.368421052632,765.177083333333,629.407289457008
255.001,115,255,680.236842105263,768.28125,621.565054914225
256,128,256,683.105263157895,763.236979166667,559.308726489112
257,105,257,685.973684210526,761.684895833333,605.769320380077
258.001,107,258,688.842105263158,762.848958333333,633.882554680882
259,100,259,691.710526315789,769.4453125,620.698484551881
260,103,260,694.578947368421,765.177083333333,624.5564400163
261.001,103,261,697.447368421053,766.729166666667,621.354669245205
262.003,98,262,700.315789473684,766.341145833333,627.489755754366
263,92,263,703.184210526316,766.729166666667,603.54529607447
263.999,82,264,706.052631578947,766.341145833333,602.839102243611
265,85,265,708.921052631579,768.28125,616.506680676906
266,98,266,711.789473684211,767.893229166667,578.000245622369
267,111,267,714.657894736842,761.296875,639.877925511322
268.001,84,268,717.526315789474,768.669270833333,626.757122604106
269,91,269,720.394736842105,765.953125,626.248063949616
270,97,270,723.263157894737,768.28125,593.549983414632
271,86,271,726.131578947368,763.625,625.04010581496
272,86,272,729,770.997395833333,619.962388948404
273.001,87,273,731.868421052632,762.848958333333,598.818960141432
274,78,274,734.736842105263,765.953125,578.666450150639
275,71,275,737.605263157895,767.1171875,637.43147736703
276,91,276,740.473684210526,761.684895833333,630.168099559459
277,65,277,743.342105263158,772.549479166667,590.663191524205
278.001,82,278,746.210526315789,760.908854166667,569.982136218919
279.001,90,279,749.078947368421,763.625,688.186174339758
279.999,64,280,751.947368421053,766.729166666667,619.853094816528
281.001,83,281,754.815789473684,768.669270833333,573.59836642383
282.001,73,282,757.684210526316,768.28125,628.584457828889
283.001,75,283,760.552631578947,767.1171875,558.836668706846
284.001,74,284,763.421052631579,764.013020833333,589.268942345286
285.001,92,285,766.289473684211,767.505208333333,650.735275337644
286,87,286,769.157894736842,769.833333333333,659.865314157544
287,72,287,772.026315789474,766.729166666667,615.509665890465
288,79,288,774.894736842105,766.729166666667,649.46274220382
289,69,289,777.763157894737,762.848958333333,579.403148710873
290,85,290,780.631578947368,763.625,601.84027159192
291,71,291,783.5,768.669270833333,638.093186685093
292.001,91,292,786.368421052632,764.013020833333,598.370567006624
293.001,72,293,789.236842105263,764.7890625,663.893976132012
294,86,294,792.105263157895,767.893229166667,643.22104225892
295,78,295,794.973684210526,762.4609375,615.396965970987
296,77,296,797.842105263158,767.1171875,637.172322477575
297,81,297,800.710526315789,773.325520833333,653.586136046807
298,72,298,803.578947368421,763.625,580.550170635129
299,87,299,806.447368421053,762.848958333333,576.623419910173
,95,300,809.315789473684,,
,73,301,812.184210526316,,
,82,302,815.052631578947,,
,58,303,817.921052631579,,
,66,304,820.789473684211,,
,71,305,823.657894736842,,
,90,306,826.526315789474,,
,67,307,829.394736842105,,
,86,308,832.263157894737,,
,69,309,835.131578947368,,
,93,310,838,,
,77,311,840.868421052632,,
,79,312,843.736842105263,,
,83,313,846.605263157895,,
,81,314,849.473684210526,,
,86,315,852.342105263158,,
,85,316,855.210526315789,,
,84,317,858.078947368421,,
,90,318,860.947368421053,,
,93,319,863.815789473684,,
,94,320,866.684210526316,,
,72,321,869.552631578947,,
,76,322,872.421052631579,,
,78,323,875.289473684211,,
,80,324,878.157894736842,,
,77,325,881.026315789474,,
,92,326,883.894736842105,,
,83,327,886.763157894737,,
,88,328,889.631578947368,,
,92,329,892.5,,
,104,330,895.368421052632,,
,100,331,898.236842105263,,
,100,332,901.105263157895,,
,88,333,903.973684210526,,
,102,334,906.842105263158,,
,87,335,909.710526315789,,
,98,336,912.578947368421,,
,115,337,915.447368421053,,
,102,338,918.315789473684,,
,102,339,921.184210526316,,
,102,340,924.052631578947,,
,90,341,926.921052631579,,
,90,342,929.789473684211,,
,93,343,932.657894736842,,
,95,344,935.526315789474,,
,88,345,938.394736842105,,
,100,346,941.263157894737,,
,88,347,944.131578947368,,
,105,348,947,,
,97,349,949.868421052632,,
,92,350,952.736842105263,,
,97,351,955.605263157895,,
,77,352,958.473684210526,,
,93,353,961.342105263158,,
,103,354,964.210526315789,,
,100,355,967.078947368421,,
,104,356,969.947368421053,,
,98,357,972.815789473684,,
,112,358,975.684210526316,,
,109,359,978.552631578947,,
,99,360,981.421052631579,,
,92,361,984.289473684211,,
,108,362,987.157894736842,,
,105,363,990.026315789474,,
,100,364,992.894736842105,,
,116,365,995.763157894737,,
,127,366,998.631578947368,,
,116,367,1001.5,,
,121,368,1004.36842105263,,
,124,369,1007.23684210526,,
,102,370,1010.10526315789,,
,96,371,1012.97368421053,,
,100,372,1015.84210526316,,
,95,373,1018.71052631579,,
,100,374,1021.57894736842,,
,106,375,1024.44736842105,,
,89,376,1027.31578947368,,
,80,377,1030.18421052632,,
,105,378,1033.05263157895,,
,90,379,1035.92105263158,,
,82,380,1038.78947368421,,
,87,381,1041.65789473684,,
,76,382,1044.52631578947,,
,64,383,1047.39473684211,,
,75,384,1050.26315789474,,
,83,385,1053.13157894737,,
,78,386,1056,,
,57,387,1058.86842105263,,
,67,388,1061.73684210526,,
,52,389,1064.60526315789,,
,39,390,1067.47368421053,,
,42,391,1070.34210526316,,
,46,392,1073.21052631579,,
,38,393,1076.07894736842,,
,43,394,1078.94736842105,,
,32,395,1081.81578947368,,
,51,396,1084.68421052632,,
,41,397,1087.55263157895,,
,31,398,1090.42105263158,,
,34,399,1093.28947368421,,
,31,400,1096.15789473684,,
,31,401,1099.02631578947,,
,39,402,1101.89473684211,,
,27,403,1104.76315789474,,
,24,404,1107.63157894737,,
,27,405,1110.5,,
,27,406,1113.36842105263,,
,19,407,1116.23684210526,,
,31,408,1119.10526315789,,
,21,409,1121.97368421053,,
,29,410,1124.84210526316,,
,19,411,1127.71052631579,,
,13,412,1130.57894736842,,
,13,413,1133.44736842105,,
,19,414,1136.31578947368,,
,23,415,1139.18421052632,,
,24,416,1142.05263157895,,
,21,417,1144.92105263158,,
,18,418,1147.78947368421,,
,13,419,1150.65789473684,,
,8,420,1153.52631578947,,
,19,421,1156.39473684211,,
,20,422,1159.26315789474,,
,10,423,1162.13157894737,,
,25,424,1165,,
,13,425,1167.86842105263,,
,21,426,1170.73684210526,,
,17,427,1173.60526315789,,
,21,428,1176.47368421053,,
,17,429,1179.34210526316,,
,12,430,1182.21052631579,,
,9,431,1185.07894736842,,
,12,432,1187.94736842105,,
,18,433,1190.81578947368,,
,12,434,1193.68421052632,,
,17,435,1196.55263157895,,
,23,436,1199.42105263158,,
,22,437,1202.28947368421,,
,23,438,1205.15789473684,,
,20,439,1208.02631578947,,
,20,440,1210.89473684211,,
,37,441,1213.76315789474,,
,34,442,1216.63157894737,,
,48,443,1219.5,,
,50,444,1222.36842105263,,
,86,445,1225.23684210526,,
,80,446,1228.10526315789,,
,98,447,1230.97368421053,,
,108,448,1233.84210526316,,
,107,449,1236.71052631579,,
,128,450,1239.57894736842,,
,145,451,1242.44736842105,,
,172,452,1245.31578947368,,
,176,453,1248.18421052632,,
,216,454,1251.05263157895,,
,242,455,1253.92105263158,,
,230,456,1256.78947368421,,
,286,457,1259.65789473684,,
,268,458,1262.52631578947,,
,267,459,1265.39473684211,,
,324,460,1268.26315789474,,
,314,461,1271.13157894737,,
,311,462,1274,,
,320,463,1276.86842105263,,
,315,464,1279.73684210526,,
,321,465,1282.60526315789,,
,262,466,1285.47368421053,,
,262,467,1288.34210526316,,
,237,468,1291.21052631579,,
,249,469,1294.07894736842,,
,232,470,1296.94736842105,,
,194,471,1299.81578947368,,
,196,472,1302.68421052632,,
,153,473,1305.55263157895,,
,147,474,1308.42105263158,,
,109,475,1311.28947368421,,
,107,476,1314.15789473684,,
,86,477,1317.02631578947,,
,87,478,1319.89473684211,,
,68,479,1322.76315789474,,
,56,480,1325.63157894737,,
,55,481,1328.5,,
,44,482,1331.36842105263,,
,36,483,1334.23684210526,,
,32,484,1337.10526315789,,
,27,485,1339.97368421053,,
,17,486,1342.84210526316,,
,25,487,1345.71052631579,,
,18,488,1348.57894736842,,
,11,489,1351.44736842105,,
,9,490,1354.31578947368,,
,9,491,1357.18421052632,,
,4,492,1360.05263157895,,
,10,493,1362.92105263158,,
,8,494,1365.78947368421,,
,9,495,1368.65789473684,,
,8,496,1371.52631578947,,
,9,497,1374.39473684211,,
,4,498,1377.26315789474,,
,5,499,1380.13157894737,,
,6,500,1383,,
,10,501,1385.86842105263,,
,6,502,1388.73684210526,,
,4,503,1391.60526315789,,
,10,504,1394.47368421053,,
,4,505,1397.34210526316,,
,7,506,1400.21052631579,,
,3,507,1403.07894736842,,
,3,508,1405.94736842105,,
,6,509,1408.81578947368,,
,4,510,1411.68421052632,,
,792,511,1414.55263157895,,
