Time t / s,Events N_A,Channel n_A,Energy E_A / keV,Rate R_A / 1/s
0,0,0,-48.3421052631579,
0.999,0,1,-45.4736842105264,328.108916575129
2,0,2,-42.6052631578947,315.957314166856
3,3,3,-39.7368421052631,320.041861475481
4,53,4,-36.8684210526316,328.816147450047
5,60,5,-34,312.680659242715
6,65,6,-31.1315789473684,317.320938397095
7,68,7,-28.2631578947369,303.090036103112
8,78,8,-25.3947368421053,327.455408307765
9,81,9,-22.5263157894736,313.599641853695
9.999,83,10,-19.6578947368421,294.312736714032
11,87,11,-16.7894736842105,304.442753095816
11.999,104,12,-13.921052631579,343.228114847904
13,89,13,-11.0526315789474,284.071671282665
13.999,90,14,-8.18421052631584,298.000149000075
14.999,110,15,-5.31578947368416,312.324692750583
16,109,16,-2.4473684210526,331.878911925553
17,86,17,0.421052631578959,313.312132545698
17.999,114,18,3.28947368421052,352.202733670959
19,119,19,6.15789473684208,305.553518532099
20,119,20,9.0263157894737,310.105994228827
21,127,21,11.8947368421053,312.210913249142
21.999,126,22,14.7631578947368,304.32937412665
23,125,23,17.6315789473684,326.000945402742
24,162,24,20.5,306.00278462534
25,138,25,23.3684210526316,325.701852524199
26,164,26,26.2368421052632,303.262989664637
27,152,27,29.1052631578947,312.030766233551
28,134,28,31.9736842105263,335.317545715793
29,139,29,34.8421052631579,330.771078442472
29.999,152,30,37.7105263157895,332.001958811557
31,133,31,40.578947368421,332.321121900092
32,161,32,43.4473684210527,286.103941561969
33,165,33,46.3157894736842,345.540569259113
34,164,34,49.1842105263158,305.469107798049
35,165,35,52.0526315789473,325.338286750563
36,208,36,54.921052631579,340.998278569602
37,188,37,57.7894736842105,327.600727784451
38,206,38,60.6578947368421,336.447609900211
39.001,210,39,63.5263157894737,303.995173355467
40,227,40,66.3947368421053,316.009701497836
41,201,41,69.2631578947368,320.95320213566
42,216,42,72.1315789473684,288.866935001829
43,221,43,75,287.774164613267
44,270,44,77.8684210526316,316.684993437028
44.999,247,45,80.7368421052632,322.307481337196
46,266,46,83.6052631578947,313.134428610202
47,248,47,86.4736842105263,310.984298624894
48,273,48,89.3421052631579,323.30308653346
49,291,49,92.2105263157895,318.011448412143
49.999,278,50,95.078947368421,292.163933182909
51,301,51,97.9473684210527,287.593526191997
52,287,52,100.815789473684,316.087493018067
53,299,53,103.684210526316,308.636664148354
53.999,361,54,106.552631578947,338.844978422372
55,308,55,109.421052631579,314.311451217011
56,334,56,112.289473684211,316.018613496335
56.999,355,57,115.157894736842,311.008677142092
58,311,58,118.026315789474,311.088815856927
59,363,59,120.894736842105,365.979980895045
59.999,312,60,123.763157894737,285.894133402401
60.999,327,61,126.631578947368,305.031235198484
61.999,310,62,129.5,284.235783797383
62.999,316,63,132.368421052632,320.191730808408
64,335,64,135.236842105263,320.017152919396
65,328,65,138.105263157895,296.337633114698
65.999,309,66,140.973684210526,294.597915930172
67,297,67,143.842105263158,358.487820681506
68,324,68,146.710526315789,293.110825203009
69,357,69,149.578947368421,323.236075189821
70,325,70,152.447368421053,288.267367983805
71,317,71,155.315789473684,312.171442334269
72,326,72,158.184210526316,300.106928098481
73,310,73,161.052631578947,294.328903998019
74,318,74,163.921052631579,330.56400831098
74.999,357,75,166.789473684211,313.939490215516
76,314,76,169.657894736842,315.92026172594
76.999,285,77,172.526315789474,314.347983217422
78,344,78,175.394736842105,317.411801970106
78.999,310,79,178.263157894737,303.418717830606
79.999,307,80,181.131578947368,312.977095847793
81,315,81,184,327.868131437536
82,305,82,186.868421052632,305.329389345226
83,296,83,189.736842105263,300.88678329823
84,298,84,192.605263157895,323.189298635908
85,311,85,195.473684210526,313.067904428471
86,322,86,198.342105263158,310.955377903271
87,319,87,201.210526315789,341.009616471184
88,321,88,204.078947368421,304.091495581906
89,330,89,206.947368421053,328.567435961906
90,314,90,209.815789473684,319.741861736958
91,312,91,212.684210526316,335.005795600264
92,281,92,215.552631578947,310.089429791552
93,298,93,218.421052631579,314.226266673284
93.999,281,94,221.289473684211,293.459528275326
95,310,95,224.157894736842,298.575252173994
95.999,315,96,227.026315789474,289.979411461786
97,269,97,229.894736842105,327.487957056013
98,286,98,232.763157894737,336.640034699477
99,292,99,235.631578947368,330.606018582721
100,278,100,238.5,331.124138439501
101,270,101,241.368421052632,323.197985199309
102,278,102,244.236842105263,309.992043537549
103,276,103,247.105263157895,333.23206280854
103.999,261,104,249.973684210526,313.102333389588
105,261,105,252.842105263158,306.00862944335
106,266,106,255.710526315789,348.990053783467
107,251,107,258.578947368421,329.999706666927
108,227,108,261.447368421053,308.223585388841
109,266,109,264.315789473684,322.191220267028
110,266,110,267.184210526316,326.345436644688
111,226,111,270.052631578947,339.625883221527
112,257,112,272.921052631579,323.318371600515
113,247,113,275.789473684211,319.669461776523
114,255,114,278.657894736842,310.059314346835
115,261,115,281.526315789474,322.162192666989
116,238,116,284.394736842105,298.000536400966
116.999,242,117,287.263157894737,292.008439043888
118,253,118,290.131578947368,319.284642258574
119,273,119,293,335.230009968098
120,262,120,295.868421052632,326.003716442367
120.999,218,121,298.736842105263,317.770716206307
122,240,122,301.605263157895,288.985579619577
123,265,123,304.473684210526,330.039934832115
124,247,124,307.342105263158,320.095804674339
125,247,125,310.210526315789,297.678683851465
125.999,245,126,313.078947368421,317.690060022316
126.999,214,127,315.947368421053,333.514412630041
127.999,223,128,318.815789473684,331.362924522729
128.999,238,129,321.684210526316,347.66661596946
130,283,130,324.552631578947,330.987587965451
131.001,237,131,327.421052631579,303.026848178749
132,256,132,330.289473684211,331.848781726519
133,214,133,333.157894736842,336.664160389028
134,238,134,336.026315789474,304.006536140527
135,222,135,338.894736842105,314.277946972093
136,230,136,341.763157894737,332.998534806447
137,257,137,344.631578947368,318.019494595019
138,237,138,347.5,315.0127580167
139,223,139,350.368421052632,299.945709826521
140,240,140,353.236842105263,322.718331440319
141,280,141,356.105263157895,351.134870903914
142,256,142,358.973684210526,308.191664396088
143,251,143,361.842105263158,291.020778883612
143.999,223,144,364.710526315789,313.972087881387
144.999,243,145,367.578947368421,308.608854408863
145.999,250,146,370.447368421053,326.338732500363
147,245,147,373.315789473684,299.644421952616
148,224,148,376.184210526316,317.734212886811
148.999,239,149,379.052631578947,294.156138744459
150,233,150,381.921052631579,317.357121969352
151,220,151,384.789473684211,303.66214549692
152,265,152,387.657894736842,325.138704171199
152.999,238,153,390.526315789474,323.539566935779
153.999,224,154,393.394736842105,340.338467159888
155,219,155,396.263157894737,300.31707476754
156,232,156,399.131578947368,304.483275855438
157,220,157,402,274.23730386759
158,228,158,404.868421052632,310.762953016082
159,216,159,407.736842105263,290.019228274835
160,206,160,410.605263157895,307.616370922417
161,222,161,413.473684210526,300.107651161511
162,203,162,416.342105263158,320.016160816121
163,208,163,419.210526315789,313.432568287494
164,171,164,422.078947368421,330.978519494085
165,182,165,424.947368421053,327.126434366883
166,168,166,427.815789473684,319.721700022447
167,183,167,430.684210526316,307.759004478505
168,164,168,433.552631578947,330.147774143707
169,160,169,436.421052631579,300.963070720658
170.001,198,170,439.289473684211,325.203870306295
171,177,171,442.157894736842,329.778169218173
172,156,172,445.026315789474,336.353473865685
173,170,173,447.894736842105,315.984674743275
174,158,174,450.763157894737,328.551393596245
174.999,167,175,453.631578947368,327.986552551345
175.999,152,176,456.5,331.992662962149
176.999,144,177,459.368421052632,345.321252361072
178,145,178,462.236842105263,317.731135912791
179,136,179,465.105263157895,354.412429188341
180,144,180,467.973684210526,337.995842651135
181,157,181,470.842105263158,318.026396190884
182,153,182,473.710526315789,346.00031140028
183,120,183,476.578947368421,302.019057402522
183.999,123,184,479.447368421053,307.296725718354
185,161,185,482.315789473684,299.646550246953
186,148,186,485.184210526316,332.318726890961
187,169,187,488.052631578947,308.70089004685
188,151,188,490.921052631579,322.986305380652
189,145,189,493.789473684211,276.435167571335
189.999,129,190,496.657894736842,308.121893020879
191,136,191,499.526315789474,324.04381072321
192,128,192,502.394736842105,316.103112835407
193,140,193,505.263157894737,267.668004155185
194,149,194,508.131578947368,328.993321435575
194.999,139,195,511,307.985309100756
196,130,196,513.868421052632,294.256061624826
197,125,197,516.736842105263,343.312734569259
198,136,198,519.605263157895,324.121513155282
198.999,119,199,522.473684210526,334.359536809932
200,138,200,525.342105263158,346.12912813068
201,135,201,528.210526315789,307.997597618739
202,124,202,531.078947368421,346.336292540056
203,136,203,533.947368421053,334.09086494571
204,132,204,536.815789473684,316.344245808289
205,116,205,539.684210526316,336.243075112708
205.999,128,206,542.552631578947,327.512529019553
207,138,207,545.421052631579,293.227955412538
208,132,208,548.289473684211,318.016695876534
208.999,141,209,551.157894736842,317.66610116107
210,113,210,554.026315789474,279.018694252515
211,139,211,556.894736842105,316.407469539273
212,128,212,559.763157894737,322.850814854377
213,109,213,562.631578947368,340.461188726249
214,121,214,565.5,305.436876360374
215,103,215,568.368421052632,316.665329635275
216,117,216,571.236842105263,325.99152422037
217,139,217,574.105263157895,326.010432333835
218,111,218,576.973684210526,360.072338532811
219,133,219,579.842105263158,351.150854407053
220,120,220,582.710526315789,315.361187943386
221,116,221,585.578947368421,322.202603663688
222,114,222,588.447368421053,336.176968881995
223,119,223,591.315789473684,317.341713557158
224,120,224,594.184210526316,286.316342714892
225,121,225,597.052631578947,316.331642093571
226,125,226,599.921052631579,316.131921850988
227,130,227,602.789473684211,296.550748274175
228,134,228,605.657894736842,350.350595841258
229,115,229,608.526315789474,334.139820308263
230,119,230,611.394736842105,326.637378181756
231,96,231,614.263157894737,297.17857460548
232,99,232,617.131578947368,344.145229286759
233.001,100,233,620,310.036150215115
234,102,234,622.868421052632,316.989888022572
235,105,235,625.736842105263,293.392062307692
236,108,236,628.605263157895,281.568035354524
237,111,237,631.473684210526,317.683460200256
238,111,238,634.342105263158,293.30750358676
238.999,99,239,637.210526315789,323.996274042848
239.999,106,240,640.078947368421,336.653088325438
240.999,100,241,642.947368421053,311.016110634531
242,100,242,645.815789473684,320.989664132815
243,119,243,648.684210526316,353.126348607532
244,88,244,651.552631578947,310.903371232221
245,103,245,654.421052631579,321.984287166786
246,104,246,657.289473684211,310.009765307607
247,91,247,660.157894736842,296.981943497835
248,101,248,663.026315789474,327.011314591485
249,103,249,665.894736842105,305.555250000306
250,98,250,668.763157894737,276.214065901073
250.999,90,251,671.631578947368,317.532149019836
252,97,252,674.5,274.440144882175
253,101,253,677.368421052632,309.63342842446
253.999,100,254,680.236842105263,308.712539412217
255,76,255,683.105263157895,336.554967812349
256,102,256,685.973684210526,346.278027294034
256.999,85,257,688.842105263158,299.983334259208
258,79,258,691.710526315789,308.562840820422
259,88,259,694.578947368421,305.630301370516
259.999,92,260,697.447368421053,295.51726965151
260.999,85,261,700.315789473684,314.100748425501
262,97,262,703.184210526316,298.013350998125
263,82,263,706.052631578947,328.991939697477
264,99,264,708.921052631579,303.091062544006
265,62,265,711.789473684211,327.299118664548
266,94,266,714.657894736842,313.26479795698
267,89,267,717.526315789474,330.056604707707
268,80,268,720.394736842105,333.027108406624
269,106,269,723.263157894737,283.115029636541
270.001,97,270,726.131578947368,328.523643602457
270.999,97,271,729,285.274376895698
272,94,272,731.868421052632,316.013177749512
273,84,273,734.736842105263,282.001945813426
274,88,274,737.605263157895,340.956698499291
275,84,275,740.473684210526,312.04115822877
276,92,276,743.342105263158,309.99783001519
276.999,106,277,746.210526315789,323.625762774902
277.999,84,278,749.078947368421,306.301283269202
279,82,279,751.947368421053,307.471809164125
280,88,280,754.815789473684,336.66242858286
280.999,87,281,757.684210526316,325.344507298779
282,89,282,760.552631578947,357.127458790042
283,71,283,763.421052631579,301.000030100003
284,97,284,766.289473684211,322.098321734462
285,84,285,769.157894736842,313.99073727325
285.999,72,286,772.026315789474,305.070806934289
287,84,287,774.894736842105,312.121233663064
287.999,82,288,777.763157894737,365.108546770955
288.999,76,289,780.631578947368,290.900308464289
290,84,290,783.5,326.050407392983
291,76,291,786.368421052632,309.306429880082
292,70,292,789.236842105263,292.692204877351
292.999,85,293,792.105263157895,301.999154402368
294,74,294,794.973684210526,281.218534923489
295,79,295,797.842105263158,320.855211254846
296.001,70,296,800.710526315789,340.131562888525
297,72,297,803.578947368421,306.52239679191
298,78,298,806.447368421053,306.014137853169
299,77,299,809.315789473684,292.987225756957
300,76,300,812.184210526316,281.941102503687
,79,301,815.052631578947,
,76,302,817.921052631579,
,88,303,820.789473684211,
,70,304,823.657894736842,
,76,305,826.526315789474,
,77,306,829.394736842105,
,85,307,832.263157894737,
,81,308,835.131578947368,
,85,309,838,
,69,310,840.868421052632,
,77,311,843.736842105263,
,74,312,846.605263157895,
,79,313,849.473684210526,
,75,314,852.342105263158,
,89,315,855.210526315789,
,74,316,858.078947368421,
,85,317,860.947368421053,
,82,318,863.815789473684,
,68,319,866.684210526316,
,78,320,869.552631578947,
,75,321,872.421052631579,
,97,322,875.289473684211,
,69,323,878.157894736842,
,99,324,881.026315789474,
,102,325,883.894736842105,
,88,326,886.763157894737,
,86,327,889.631578947368,
,98,328,892.5,
,85,329,895.368421052632,
,95,330,898.236842105263,
,74,331,901.105263157895,
,99,332,903.973684210526,
,99,333,906.842105263158,
,104,334,909.710526315789,
,106,335,912.578947368421,
,66,336,915.447368421053,
,93,337,918.315789473684,
,100,338,921.184210526316,
,84,339,924.052631578947,
,82,340,926.921052631579,
,96,341,929.789473684211,
,93,342,932.657894736842,
,82,343,935.526315789474,
,80,344,938.394736842105,
,64,345,941.263157894737,
,82,346,944.131578947368,
,80,347,947,
,75,348,949.868421052632,
,61,349,952.736842105263,
,77,350,955.605263157895,
,59,351,958.473684210526,
,74,352,961.342105263158,
,69,353,964.210526315789,
,76,354,967.078947368421,
,69,355,969.947368421053,
,73,356,972.815789473684,
,63,357,975.684210526316,
,63,358,978.552631578947,
,78,359,981.421052631579,
,81,360,984.289473684211,
,65,361,987.157894736842,
,73,362,990.026315789474,
,73,363,992.894736842105,
,67,364,995.763157894737,
,79,365,998.631578947368,
,58,366,1001.5,
,72,367,1004.36842105263,
,59,368,1007.23684210526,
,67,369,1010.10526315789,
,58,370,1012.97368421053,
,72,371,1015.84210526316,
,76,372,1018.71052631579,
,63,373,1021.57894736842,
,63,374,1024.44736842105,
,62,375,1027.31578947368,
,93,376,1030.18421052632,
,67,377,1033.05263157895,
,74,378,1035.92105263158,
,84,379,1038.78947368421,
,59,380,1041.65789473684,
,82,381,1044.52631578947,
,67,382,1047.39473684211,
,73,383,1050.26315789474,
,66,384,1053.13157894737,
,68,385,1056,
,60,386,1058.86842105263,
,68,387,1061.73684210526,
,73,388,1064.60526315789,
,71,389,1067.47368421053,
,79,390,1070.34210526316,
,71,391,1073.21052631579,
,66,392,1076.07894736842,
,67,393,1078.94736842105,
,76,394,1081.81578947368,
,69,395,1084.68421052632,
,67,396,1087.55263157895,
,79,397,1090.42105263158,
,80,398,1093.28947368421,
,68,399,1096.15789473684,
,68,400,1099.02631578947,
,90,401,1101.89473684211,
,83,402,1104.76315789474,
,82,403,1107.63157894737,
,81,404,1110.5,
,77,405,1113.36842105263,
,85,406,1116.23684210526,
,88,407,1119.10526315789,
,101,408,1121.97368421053,
,87,409,1124.84210526316,
,103,410,1127.71052631579,
,91,411,1130.57894736842,
,106,412,1133.44736842105,
,136,413,1136.31578947368,
,111,414,1139.18421052632,
,117,415,1142.05263157895,
,121,416,1144.92105263158,
,104,417,1147.78947368421,
,112,418,1150.65789473684,
,134,419,1153.52631578947,
,128,420,1156.39473684211,
,121,421,1159.26315789474,
,122,422,1162.13157894737,
,111,423,1165,
,100,424,1167.86842105263,
,116,425,1170.73684210526,
,106,426,1173.60526315789,
,112,427,1176.47368421053,
,93,428,1179.34210526316,
,96,429,1182.21052631579,
,103,430,1185.07894736842,
,102,431,1187.94736842105,
,98,432,1190.81578947368,
,97,433,1193.68421052632,
,81,434,1196.55263157895,
,95,435,1199.42105263158,
,83,436,1202.28947368421,
,76,437,1205.15789473684,
,64,438,1208.02631578947,
,78,439,1210.89473684211,
,73,440,1213.76315789474,
,54,441,1216.63157894737,
,65,442,1219.5,
,74,443,1222.36842105263,
,70,444,1225.23684210526,
,66,445,1228.10526315789,
,62,446,1230.97368421053,
,40,447,1233.84210526316,
,53,448,1236.71052631579,
,49,449,1239.57894736842,
,55,450,1242.44736842105,
,49,451,1245.31578947368,
,55,452,1248.18421052632,
,53,453,1251.05263157895,
,69,454,1253.92105263158,
,59,455,1256.78947368421,
,69,456,1259.65789473684,
,63,457,1262.52631578947,
,68,458,1265.39473684211,
,62,459,1268.26315789474,
,78,460,1271.13157894737,
,65,461,1274,
,62,462,1276.86842105263,
,59,463,1279.73684210526,
,62,464,1282.60526315789,
,68,465,1285.47368421053,
,60,466,1288.34210526316,
,61,467,1291.21052631579,
,64,468,1294.07894736842,
,64,469,1296.94736842105,
,64,470,1299.81578947368,
,67,471,1302.68421052632,
,61,472,1305.55263157895,
,71,473,1308.42105263158,
,64,474,1311.28947368421,
,74,475,1314.15789473684,
,67,476,1317.02631578947,
,58,477,1319.89473684211,
,69,478,1322.76315789474,
,63,479,1325.63157894737,
,78,480,1328.5,
,71,481,1331.36842105263,
,64,482,1334.23684210526,
,66,483,1337.10526315789,
,67,484,1339.97368421053,
,62,485,1342.84210526316,
,60,486,1345.71052631579,
,57,487,1348.57894736842,
,62,488,1351.44736842105,
,60,489,1354.31578947368,
,82,490,1357.18421052632,
,64,491,1360.05263157895,
,73,492,1362.92105263158,
,57,493,1365.78947368421,
,72,494,1368.65789473684,
,52,495,1371.52631578947,
,66,496,1374.39473684211,
,73,497,1377.26315789474,
,62,498,1380.13157894737,
,68,499,1383,
,63,500,1385.86842105263,
,75,501,1388.73684210526,
,64,502,1391.60526315789,
,64,503,1394.47368421053,
,69,504,1397.34210526316,
,69,505,1400.21052631579,
,72,506,1403.07894736842,
,65,507,1405.94736842105,
,67,508,1408.81578947368,
,71,509,1411.68421052632,
,63,510,1414.55263157895,
,20213,511,1417.42105263158,
Time t / s,Events N_A,Channel n_A,Energy E_A / keV,Rate R_A / 1/s
0,0,0,-48.3421052631579,
1,0,1,-45.4736842105264,584.442912931763
2.001,0,2,-42.6052631578947,643.113674285028
3,0,3,-39.7368421052631,691.092298042998
4,16,4,-36.8684210526316,629.946734503894
5,17,5,-34,670.215331086928
6,24,6,-31.1315789473684,663.994531008545
7.001,20,7,-28.2631578947369,624.690844606433
8.001,24,8,-25.3947368421053,674.997705007803
9,13,9,-22.5263157894736,603.659316705706
10,21,10,-19.6578947368421,654.536514928092
11,26,11,-16.7894736842105,665.816957406738
12,28,12,-13.921052631579,640.450664153999
13.001,28,13,-11.0526315789474,665.488934720339
14.001,29,14,-8.18421052631584,649.243206505157
15.001,28,15,-5.31578947368416,663.28896667134
16,38,16,-2.4473684210526,643.854265839916
17.001,29,17,0.421052631578959,638.084547867161
18.001,37,18,3.28947368421052,650.810436689361
19.001,30,19,6.15789473684208,662.004459366196
20,36,20,9.0263157894737,642.384032485327
21,18,21,11.8947368421053,674.834027374432
22,34,22,14.7631578947368,636.198961887088
23,42,23,17.6315789473684,659.828811080681
24,38,24,20.5,670.4063332786
25,38,25,23.3684210526316,628.608808741883
26.001,41,26,26.2368421052632,631.885587651093
27.001,43,27,29.1052631578947,680.450103336433
28.001,28,28,31.9736842105263,688.668851227179
29,27,29,34.8421052631579,661.131282147647
,33,30,37.7105263157895,
,46,31,40.578947368421,
,41,32,43.4473684210527,
,38,33,46.3157894736842,
,45,34,49.1842105263158,
,33,35,52.0526315789473,
,30,36,54.921052631579,
,37,37,57.7894736842105,
,42,38,60.6578947368421,
,50,39,63.5263157894737,
,44,40,66.3947368421053,
,40,41,69.2631578947368,
,47,42,72.1315789473684,
,41,43,75,
,57,44,77.8684210526316,
,39,45,80.7368421052632,
,58,46,83.6052631578947,
,46,47,86.4736842105263,
,47,48,89.3421052631579,
,33,49,92.2105263157895,
,50,50,95.078947368421,
,41,51,97.9473684210527,
,59,52,100.815789473684,
,54,53,103.684210526316,
,51,54,106.552631578947,
,50,55,109.421052631579,
,50,56,112.289473684211,
,52,57,115.157894736842,
,68,58,118.026315789474,
,63,59,120.894736842105,
,44,60,123.763157894737,
,53,61,126.631578947368,
,52,62,129.5,
,60,63,132.368421052632,
,52,64,135.236842105263,
,56,65,138.105263157895,
,55,66,140.973684210526,
,60,67,143.842105263158,
,61,68,146.710526315789,
,65,69,149.578947368421,
,53,70,152.447368421053,
,47,71,155.315789473684,
,73,72,158.184210526316,
,53,73,161.052631578947,
,39,74,163.921052631579,
,53,75,166.789473684211,
,49,76,169.657894736842,
,54,77,172.526315789474,
,63,78,175.394736842105,
,37,79,178.263157894737,
,48,80,181.131578947368,
,42,81,184,
,50,82,186.868421052632,
,48,83,189.736842105263,
,51,84,192.605263157895,
,52,85,195.473684210526,
,53,86,198.342105263158,
,55,87,201.210526315789,
,50,88,204.078947368421,
,47,89,206.947368421053,
,46,90,209.815789473684,
,47,91,212.684210526316,
,52,92,215.552631578947,
,32,93,218.421052631579,
,54,94,221.289473684211,
,48,95,224.157894736842,
,46,96,227.026315789474,
,66,97,229.894736842105,
,51,98,232.763157894737,
,50,99,235.631578947368,
,53,100,238.5,
,53,101,241.368421052632,
,41,102,244.236842105263,
,40,103,247.105263157895,
,55,104,249.973684210526,
,50,105,252.842105263158,
,50,106,255.710526315789,
,51,107,258.578947368421,
,49,108,261.447368421053,
,62,109,264.315789473684,
,42,110,267.184210526316,
,50,111,270.052631578947,
,42,112,272.921052631579,
,60,113,275.789473684211,
,64,114,278.657894736842,
,42,115,281.526315789474,
,60,116,284.394736842105,
,70,117,287.263157894737,
,64,118,290.131578947368,
,51,119,293,
,67,120,295.868421052632,
,55,121,298.736842105263,
,60,122,301.605263157895,
,58,123,304.473684210526,
,52,124,307.342105263158,
,68,125,310.210526315789,
,57,126,313.078947368421,
,62,127,315.947368421053,
,55,128,318.815789473684,
,67,129,321.684210526316,
,63,130,324.552631578947,
,61,131,327.421052631579,
,48,132,330.289473684211,
,54,133,333.157894736842,
,63,134,336.026315789474,
,48,135,338.894736842105,
,55,136,341.763157894737,
,50,137,344.631578947368,
,52,138,347.5,
,47,139,350.368421052632,
,52,140,353.236842105263,
,40,141,356.105263157895,
,55,142,358.973684210526,
,42,143,361.842105263158,
,45,144,364.710526315789,
,55,145,367.578947368421,
,54,146,370.447368421053,
,32,147,373.315789473684,
,57,148,376.184210526316,
,50,149,379.052631578947,
,56,150,381.921052631579,
,60,151,384.789473684211,
,55,152,387.657894736842,
,45,153,390.526315789474,
,63,154,393.394736842105,
,41,155,396.263157894737,
,28,156,399.131578947368,
,45,157,402,
,48,158,404.868421052632,
,40,159,407.736842105263,
,47,160,410.605263157895,
,40,161,413.473684210526,
,41,162,416.342105263158,
,54,163,419.210526315789,
,40,164,422.078947368421,
,35,165,424.947368421053,
,45,166,427.815789473684,
,44,167,430.684210526316,
,39,168,433.552631578947,
,37,169,436.421052631579,
,48,170,439.289473684211,
,47,171,442.157894736842,
,51,172,445.026315789474,
,42,173,447.894736842105,
,42,174,450.763157894737,
,47,175,453.631578947368,
,44,176,456.5,
,39,177,459.368421052632,
,39,178,462.236842105263,
,54,179,465.105263157895,
,42,180,467.973684210526,
,37,181,470.842105263158,
,43,182,473.710526315789,
,42,183,476.578947368421,
,48,184,479.447368421053,
,46,185,482.315789473684,
,47,186,485.184210526316,
,35,187,488.052631578947,
,35,188,490.921052631579,
,38,189,493.789473684211,
,35,190,496.657894736842,
,45,191,499.526315789474,
,31,192,502.394736842105,
,40,193,505.263157894737,
,46,194,508.131578947368,
,28,195,511,
,35,196,513.868421052632,
,39,197,516.736842105263,
,38,198,519.605263157895,
,37,199,522.473684210526,
,29,200,525.342105263158,
,45,201,528.210526315789,
,33,202,531.078947368421,
,43,203,533.947368421053,
,34,204,536.815789473684,
,42,205,539.684210526316,
,37,206,542.552631578947,
,29,207,545.421052631579,
,34,208,548.289473684211,
,23,209,551.157894736842,
,41,210,554.026315789474,
,30,211,556.894736842105,
,32,212,559.763157894737,
,23,213,562.631578947368,
,35,214,565.5,
,27,215,568.368421052632,
,37,216,571.236842105263,
,25,217,574.105263157895,
,34,218,576.973684210526,
,21,219,579.842105263158,
,23,220,582.710526315789,
,33,221,585.578947368421,
,18,222,588.447368421053,
,19,223,591.315789473684,
,26,224,594.184210526316,
,20,225,597.052631578947,
,24,226,599.921052631579,
,22,227,602.789473684211,
,23,228,605.657894736842,
,12,229,608.526315789474,
,22,230,611.394736842105,
,16,231,614.263157894737,
,22,232,617.131578947368,
,14,233,620,
,15,234,622.868421052632,
,17,235,625.736842105263,
,17,236,628.605263157895,
,11,237,631.473684210526,
,15,238,634.342105263158,
,19,239,637.210526315789,
,20,240,640.078947368421,
,10,241,642.947368421053,
,23,242,645.815789473684,
,12,243,648.684210526316,
,10,244,651.552631578947,
,14,245,654.421052631579,
,8,246,657.289473684211,
,10,247,660.157894736842,
,14,248,663.026315789474,
,19,249,665.894736842105,
,15,250,668.763157894737,
,16,251,671.631578947368,
,16,252,674.5,
,12,253,677.368421052632,
,13,254,680.236842105263,
,13,255,683.105263157895,
,9,256,685.973684210526,
,14,257,688.842105263158,
,15,258,691.710526315789,
,17,259,694.578947368421,
,6,260,697.447368421053,
,15,261,700.315789473684,
,19,262,703.184210526316,
,7,263,706.052631578947,
,10,264,708.921052631579,
,9,265,711.789473684211,
,12,266,714.657894736842,
,6,267,717.526315789474,
,20,268,720.394736842105,
,11,269,723.263157894737,
,11,270,726.131578947368,
,10,271,729,
,8,272,731.868421052632,
,11,273,734.736842105263,
,10,274,737.605263157895,
,6,275,740.473684210526,
,8,276,743.342105263158,
,13,277,746.210526315789,
,12,278,749.078947368421,
,10,279,751.947368421053,
,14,280,754.815789473684,
,12,281,757.684210526316,
,11,282,760.552631578947,
,8,283,763.421052631579,
,6,284,766.289473684211,
,6,285,769.157894736842,
,8,286,772.026315789474,
,17,287,774.894736842105,
,8,288,777.763157894737,
,21,289,780.631578947368,
,10,290,783.5,
,15,291,786.368421052632,
,9,292,789.236842105263,
,11,293,792.105263157895,
,9,294,794.973684210526,
,7,295,797.842105263158,
,6,296,800.710526315789,
,10,297,803.578947368421,
,9,298,806.447368421053,
,8,299,809.315789473684,
,12,300,812.184210526316,
,11,301,815.052631578947,
,9,302,817.921052631579,
,14,303,820.789473684211,
,10,304,823.657894736842,
,12,305,826.526315789474,
,26,306,829.394736842105,
,19,307,832.263157894737,
,20,308,835.131578947368,
,26,309,838,
,38,310,840.868421052632,
,31,311,843.736842105263,
,43,312,846.605263157895,
,36,313,849.473684210526,
,38,314,852.342105263158,
,63,315,855.210526315789,
,65,316,858.078947368421,
,62,317,860.947368421053,
,84,318,863.815789473684,
,116,319,866.684210526316,
,95,320,869.552631578947,
,116,321,872.421052631579,
,113,322,875.289473684211,
,143,323,878.157894736842,
,151,324,881.026315789474,
,155,325,883.894736842105,
,175,326,886.763157894737,
,159,327,889.631578947368,
,190,328,892.5,
,182,329,895.368421052632,
,162,330,898.236842105263,
,178,331,901.105263157895,
,192,332,903.973684210526,
,194,333,906.842105263158,
,190,334,909.710526315789,
,170,335,912.578947368421,
,170,336,915.447368421053,
,167,337,918.315789473684,
,148,338,921.184210526316,
,170,339,924.052631578947,
,136,340,926.921052631579,
,120,341,929.789473684211,
,100,342,932.657894736842,
,98,343,935.526315789474,
,78,344,938.394736842105,
,81,345,941.263157894737,
,70,346,944.131578947368,
,65,347,947,
,32,348,949.868421052632,
,36,349,952.736842105263,
,41,350,955.605263157895,
,26,351,958.473684210526,
,27,352,961.342105263158,
,27,353,964.210526315789,
,16,354,967.078947368421,
,9,355,969.947368421053,
,19,356,972.815789473684,
,9,357,975.684210526316,
,19,358,978.552631578947,
,13,359,981.421052631579,
,7,360,984.289473684211,
,3,361,987.157894736842,
,7,362,990.026315789474,
,6,363,992.894736842105,
,7,364,995.763157894737,
,4,365,998.631578947368,
,4,366,1001.5,
,7,367,1004.36842105263,
,10,368,1007.23684210526,
,4,369,1010.10526315789,
,5,370,1012.97368421053,
,10,371,1015.84210526316,
,3,372,1018.71052631579,
,6,373,1021.57894736842,
,5,374,1024.44736842105,
,3,375,1027.31578947368,
,8,376,1030.18421052632,
,5,377,1033.05263157895,
,5,378,1035.92105263158,
,6,379,1038.78947368421,
,12,380,1041.65789473684,
,3,381,1044.52631578947,
,2,382,1047.39473684211,
,4,383,1050.26315789474,
,2,384,1053.13157894737,
,2,385,1056,
,3,386,1058.86842105263,
,4,387,1061.73684210526,
,2,388,1064.60526315789,
,9,389,1067.47368421053,
,2,390,1070.34210526316,
,1,391,1073.21052631579,
,5,392,1076.07894736842,
,2,393,1078.94736842105,
,6,394,1081.81578947368,
,5,395,1084.68421052632,
,4,396,1087.55263157895,
,7,397,1090.42105263158,
,4,398,1093.28947368421,
,4,399,1096.15789473684,
,12,400,1099.02631578947,
,6,401,1101.89473684211,
,7,402,1104.76315789474,
,7,403,1107.63157894737,
,4,404,1110.5,
,11,405,1113.36842105263,
,2,406,1116.23684210526,
,4,407,1119.10526315789,
,9,408,1121.97368421053,
,7,409,1124.84210526316,
,10,410,1127.71052631579,
,5,411,1130.57894736842,
,9,412,1133.44736842105,
,8,413,1136.31578947368,
,8,414,1139.18421052632,
,12,415,1142.05263157895,
,8,416,1144.92105263158,
,8,417,1147.78947368421,
,7,418,1150.65789473684,
,8,419,1153.52631578947,
,7,420,1156.39473684211,
,6,421,1159.26315789474,
,10,422,1162.13157894737,
,9,423,1165,
,10,424,1167.86842105263,
,6,425,1170.73684210526,
,8,426,1173.60526315789,
,8,427,1176.47368421053,
,10,428,1179.34210526316,
,7,429,1182.21052631579,
,8,430,1185.07894736842,
,8,431,1187.94736842105,
,6,432,1190.81578947368,
,7,433,1193.68421052632,
,6,434,1196.55263157895,
,5,435,1199.42105263158,
,11,436,1202.28947368421,
,11,437,1205.15789473684,
,9,438,1208.02631578947,
,3,439,1210.89473684211,
,2,440,1213.76315789474,
,3,441,1216.63157894737,
,6,442,1219.5,
,4,443,1222.36842105263,
,5,444,1225.23684210526,
,9,445,1228.10526315789,
,6,446,1230.97368421053,
,1,447,1233.84210526316,
,3,448,1236.71052631579,
,9,449,1239.57894736842,
,8,450,1242.44736842105,
,5,451,1245.31578947368,
,6,452,1248.18421052632,
,8,453,1251.05263157895,
,7,454,1253.92105263158,
,3,455,1256.78947368421,
,5,456,1259.65789473684,
,6,457,1262.52631578947,
,5,458,1265.39473684211,
,6,459,1268.26315789474,
,4,460,1271.13157894737,
,6,461,1274,
,3,462,1276.86842105263,
,6,463,1279.73684210526,
,5,464,1282.60526315789,
,5,465,1285.47368421053,
,4,466,1288.34210526316,
,5,467,1291.21052631579,
,8,468,1294.07894736842,
,5,469,1296.94736842105,
,9,470,1299.81578947368,
,7,471,1302.68421052632,
,6,472,1305.55263157895,
,8,473,1308.42105263158,
,5,474,1311.28947368421,
,7,475,1314.15789473684,
,6,476,1317.02631578947,
,4,477,1319.89473684211,
,3,478,1322.76315789474,
,2,479,1325.63157894737,
,5,480,1328.5,
,5,481,1331.36842105263,
,6,482,1334.23684210526,
,9,483,1337.10526315789,
,4,484,1339.97368421053,
,5,485,1342.84210526316,
,2,486,1345.71052631579,
,11,487,1348.57894736842,
,4,488,1351.44736842105,
,8,489,1354.31578947368,
,4,490,1357.18421052632,
,7,491,1360.05263157895,
,6,492,1362.92105263158,
,6,493,1365.78947368421,
,3,494,1368.65789473684,
,4,495,1371.52631578947,
,3,496,1374.39473684211,
,13,497,1377.26315789474,
,9,498,1380.13157894737,
,7,499,1383,
,4,500,1385.86842105263,
,4,501,1388.73684210526,
,5,502,1391.60526315789,
,5,503,1394.47368421053,
,7,504,1397.34210526316,
,7,505,1400.21052631579,
,5,506,1403.07894736842,
,5,507,1405.94736842105,
,10,508,1408.81578947368,
,3,509,1411.68421052632,
,6,510,1414.55263157895,
,1708,511,1417.42105263158,
Time t / s,Events N_A,Channel n_A,Energy E_A / keV,Rate R_A / 1/s
0,0,0,-48.3421052631579,
1,0,1,-45.4736842105264,278.781536158467
2,0,2,-42.6052631578947,315.312411537351
3,8,3,-39.7368421052631,320.758704214747
3.999,17,4,-36.8684210526316,315.314052796585
5,26,5,-34,294.114121606533
6,26,6,-31.1315789473684,297.556967131076
7,31,7,-28.2631578947369,300.446889803731
8,26,8,-25.3947368421053,310.981604549572
8.999,28,9,-22.5263157894736,288.261626251986
9.999,37,10,-19.6578947368421,286.600736513962
10.999,41,11,-16.7894736842105,274.440312036632
12,44,12,-13.921052631579,299.790446477912
13,47,13,-11.0526315789474,323.022611582811
14.001,36,14,-8.18421052631584,339.98726936558
15,52,15,-5.31578947368416,310.27036960007
16,63,16,-2.4473684210526,346.699931209538
17,53,17,0.421052631578959,310.272388129539
18,58,18,3.28947368421052,325.240505918822
19,82,19,6.15789473684208,275.174240328976
20,105,20,9.0263157894737,305.350699164272
21.001,76,21,11.8947368421053,289.865180483833
22,84,22,14.7631578947368,286.248635564852
23,109,23,17.6315789473684,330.28080474019
24,102,24,20.5,300.833408449178
25.001,95,25,23.3684210526316,335.844839684066
26.001,90,26,26.2368421052632,277.081656296609
,83,27,29.1052631578947,
,85,28,31.9736842105263,
,103,29,34.8421052631579,
,98,30,37.7105263157895,
,92,31,40.578947368421,
,78,32,43.4473684210527,
,76,33,46.3157894736842,
,86,34,49.1842105263158,
,66,35,52.0526315789473,
,77,36,54.921052631579,
,67,37,57.7894736842105,
,82,38,60.6578947368421,
,69,39,63.5263157894737,
,68,40,66.3947368421053,
,78,41,69.2631578947368,
,78,42,72.1315789473684,
,57,43,75,
,70,44,77.8684210526316,
,75,45,80.7368421052632,
,64,46,83.6052631578947,
,69,47,86.4736842105263,
,84,48,89.3421052631579,
,57,49,92.2105263157895,
,69,50,95.078947368421,
,59,51,97.9473684210527,
,49,52,100.815789473684,
,45,53,103.684210526316,
,55,54,106.552631578947,
,35,55,109.421052631579,
,47,56,112.289473684211,
,27,57,115.157894736842,
,35,58,118.026315789474,
,32,59,120.894736842105,
,29,60,123.763157894737,
,34,61,126.631578947368,
,41,62,129.5,
,37,63,132.368421052632,
,27,64,135.236842105263,
,36,65,138.105263157895,
,32,66,140.973684210526,
,35,67,143.842105263158,
,28,68,146.710526315789,
,25,69,149.578947368421,
,34,70,152.447368421053,
,22,71,155.315789473684,
,32,72,158.184210526316,
,34,73,161.052631578947,
,26,74,163.921052631579,
,31,75,166.789473684211,
,29,76,169.657894736842,
,19,77,172.526315789474,
,18,78,175.394736842105,
,29,79,178.263157894737,
,23,80,181.131578947368,
,30,81,184,
,21,82,186.868421052632,
,14,83,189.736842105263,
,23,84,192.605263157895,
,22,85,195.473684210526,
,16,86,198.342105263158,
,22,87,201.210526315789,
,27,88,204.078947368421,
,35,89,206.947368421053,
,15,90,209.815789473684,
,18,91,212.684210526316,
,25,92,215.552631578947,
,23,93,218.421052631579,
,24,94,221.289473684211,
,26,95,224.157894736842,
,23,96,227.026315789474,
,16,97,229.894736842105,
,18,98,232.763157894737,
,24,99,235.631578947368,
,22,100,238.5,
,23,101,241.368421052632,
,27,102,244.236842105263,
,17,103,247.105263157895,
,24,104,249.973684210526,
,29,105,252.842105263158,
,26,106,255.710526315789,
,19,107,258.578947368421,
,21,108,261.447368421053,
,27,109,264.315789473684,
,26,110,267.184210526316,
,25,111,270.052631578947,
,23,112,272.921052631579,
,21,113,275.789473684211,
,24,114,278.657894736842,
,23,115,281.526315789474,
,17,116,284.394736842105,
,18,117,287.263157894737,
,23,118,290.131578947368,
,17,119,293,
,16,120,295.868421052632,
,27,121,298.736842105263,
,12,122,301.605263157895,
,26,123,304.473684210526,
,14,124,307.342105263158,
,15,125,310.210526315789,
,16,126,313.078947368421,
,12,127,315.947368421053,
,11,128,318.815789473684,
,20,129,321.684210526316,
,14,130,324.552631578947,
,24,131,327.421052631579,
,20,132,330.289473684211,
,24,133,333.157894736842,
,29,134,336.026315789474,
,24,135,338.894736842105,
,19,136,341.763157894737,
,21,137,344.631578947368,
,30,138,347.5,
,23,139,350.368421052632,
,25,140,353.236842105263,
,21,141,356.105263157895,
,13,142,358.973684210526,
,19,143,361.842105263158,
,19,144,364.710526315789,
,17,145,367.578947368421,
,23,146,370.447368421053,
,16,147,373.315789473684,
,10,148,376.184210526316,
,23,149,379.052631578947,
,12,150,381.921052631579,
,13,151,384.789473684211,
,18,152,387.657894736842,
,15,153,390.526315789474,
,19,154,393.394736842105,
,23,155,396.263157894737,
,9,156,399.131578947368,
,18,157,402,
,20,158,404.868421052632,
,19,159,407.736842105263,
,15,160,410.605263157895,
,13,161,413.473684210526,
,15,162,416.342105263158,
,17,163,419.210526315789,
,21,164,422.078947368421,
,9,165,424.947368421053,
,13,166,427.815789473684,
,23,167,430.684210526316,
,15,168,433.552631578947,
,10,169,436.421052631579,
,24,170,439.289473684211,
,9,171,442.157894736842,
,25,172,445.026315789474,
,11,173,447.894736842105,
,18,174,450.763157894737,
,15,175,453.631578947368,
,10,176,456.5,
,16,177,459.368421052632,
,21,178,462.236842105263,
,18,179,465.105263157895,
,22,180,467.973684210526,
,14,181,470.842105263158,
,24,182,473.710526315789,
,22,183,476.578947368421,
,14,184,479.447368421053,
,18,185,482.315789473684,
,12,186,485.184210526316,
,16,187,488.052631578947,
,21,188,490.921052631579,
,16,189,493.789473684211,
,22,190,496.657894736842,
,20,191,499.526315789474,
,17,192,502.394736842105,
,13,193,505.263157894737,
,11,194,508.131578947368,
,14,195,511,
,8,196,513.868421052632,
,13,197,516.736842105263,
,12,198,519.605263157895,
,15,199,522.473684210526,
,14,200,525.342105263158,
,12,201,528.210526315789,
,13,202,531.078947368421,
,16,203,533.947368421053,
,9,204,536.815789473684,
,10,205,539.684210526316,
,13,206,542.552631578947,
,9,207,545.421052631579,
,8,208,548.289473684211,
,6,209,551.157894736842,
,14,210,554.026315789474,
,10,211,556.894736842105,
,8,212,559.763157894737,
,7,213,562.631578947368,
,5,214,565.5,
,10,215,568.368421052632,
,7,216,571.236842105263,
,9,217,574.105263157895,
,7,218,576.973684210526,
,8,219,579.842105263158,
,5,220,582.710526315789,
,7,221,585.578947368421,
,12,222,588.447368421053,
,11,223,591.315789473684,
,8,224,594.184210526316,
,10,225,597.052631578947,
,8,226,599.921052631579,
,10,227,602.789473684211,
,20,228,605.657894736842,
,25,229,608.526315789474,
,28,230,611.394736842105,
,33,231,614.263157894737,
,31,232,617.131578947368,
,40,233,620,
,23,234,622.868421052632,
,37,235,625.736842105263,
,27,236,628.605263157895,
,29,237,631.473684210526,
,31,238,634.342105263158,
,26,239,637.210526315789,
,20,240,640.078947368421,
,18,241,642.947368421053,
,17,242,645.815789473684,
,5,243,648.684210526316,
,5,244,651.552631578947,
,3,245,654.421052631579,
,8,246,657.289473684211,
,4,247,660.157894736842,
,2,248,663.026315789474,
,1,249,665.894736842105,
,6,250,668.763157894737,
,3,251,671.631578947368,
,3,252,674.5,
,1,253,677.368421052632,
,13,254,680.236842105263,
,8,255,683.105263157895,
,11,256,685.973684210526,
,9,257,688.842105263158,
,10,258,691.710526315789,
,11,259,694.578947368421,
,15,260,697.447368421053,
,29,261,700.315789473684,
,20,262,703.184210526316,
,28,263,706.052631578947,
,28,264,708.921052631579,
,28,265,711.789473684211,
,28,266,714.657894736842,
,22,267,717.526315789474,
,19,268,720.394736842105,
,25,269,723.263157894737,
,19,270,726.131578947368,
,8,271,729,
,17,272,731.868421052632,
,9,273,734.736842105263,
,8,274,737.605263157895,
,8,275,740.473684210526,
,7,276,743.342105263158,
,4,277,746.210526315789,
,0,278,749.078947368421,
,1,279,751.947368421053,
,1,280,754.815789473684,
,2,281,757.684210526316,
,0,282,760.552631578947,
,0,283,763.421052631579,
,0,284,766.289473684211,
,0,285,769.157894736842,
,2,286,772.026315789474,
,2,287,774.894736842105,
,1,288,777.763157894737,
,1,289,780.631578947368,
,0,290,783.5,
,0,291,786.368421052632,
,0,292,789.236842105263,
,0,293,792.105263157895,
,1,294,794.973684210526,
,0,295,797.842105263158,
,0,296,800.710526315789,
,1,297,803.578947368421,
,2,298,806.447368421053,
,0,299,809.315789473684,
,0,300,812.184210526316,
,0,301,815.052631578947,
,0,302,817.921052631579,
,0,303,820.789473684211,
,0,304,823.657894736842,
,0,305,826.526315789474,
,0,306,829.394736842105,
,0,307,832.263157894737,
,0,308,835.131578947368,
,0,309,838,
,0,310,840.868421052632,
,0,311,843.736842105263,
,0,312,846.605263157895,
,1,313,849.473684210526,
,0,314,852.342105263158,
,0,315,855.210526315789,
,0,316,858.078947368421,
,0,317,860.947368421053,
,0,318,863.815789473684,
,0,319,866.684210526316,
,1,320,869.552631578947,
,0,321,872.421052631579,
,0,322,875.289473684211,
,0,323,878.157894736842,
,1,324,881.026315789474,
,0,325,883.894736842105,
,0,326,886.763157894737,
,0,327,889.631578947368,
,0,328,892.5,
,0,329,895.368421052632,
,0,330,898.236842105263,
,0,331,901.105263157895,
,0,332,903.973684210526,
,0,333,906.842105263158,
,0,334,909.710526315789,
,0,335,912.578947368421,
,0,336,915.447368421053,
,0,337,918.315789473684,
,0,338,921.184210526316,
,0,339,924.052631578947,
,0,340,926.921052631579,
,0,341,929.789473684211,
,0,342,932.657894736842,
,0,343,935.526315789474,
,2,344,938.394736842105,
,0,345,941.263157894737,
,0,346,944.131578947368,
,1,347,947,
,0,348,949.868421052632,
,0,349,952.736842105263,
,1,350,955.605263157895,
,1,351,958.473684210526,
,0,352,961.342105263158,
,1,353,964.210526315789,
,0,354,967.078947368421,
,0,355,969.947368421053,
,0,356,972.815789473684,
,0,357,975.684210526316,
,0,358,978.552631578947,
,0,359,981.421052631579,
,0,360,984.289473684211,
,0,361,987.157894736842,
,0,362,990.026315789474,
,0,363,992.894736842105,
,0,364,995.763157894737,
,0,365,998.631578947368,
,0,366,1001.5,
,0,367,1004.36842105263,
,0,368,1007.23684210526,
,0,369,1010.10526315789,
,0,370,1012.97368421053,
,0,371,1015.84210526316,
,0,372,1018.71052631579,
,0,373,1021.57894736842,
,0,374,1024.44736842105,
,0,375,1027.31578947368,
,0,376,1030.18421052632,
,0,377,1033.05263157895,
,0,378,1035.92105263158,
,0,379,1038.78947368421,
,0,380,1041.65789473684,
,0,381,1044.52631578947,
,0,382,1047.39473684211,
,0,383,1050.26315789474,
,0,384,1053.13157894737,
,0,385,1056,
,0,386,1058.86842105263,
,0,387,1061.73684210526,
,1,388,1064.60526315789,
,1,389,1067.47368421053,
,0,390,1070.34210526316,
,0,391,1073.21052631579,
,0,392,1076.07894736842,
,0,393,1078.94736842105,
,0,394,1081.81578947368,
,0,395,1084.68421052632,
,0,396,1087.55263157895,
,1,397,1090.42105263158,
,0,398,1093.28947368421,
,0,399,1096.15789473684,
,1,400,1099.02631578947,
,0,401,1101.89473684211,
,0,402,1104.76315789474,
,0,403,1107.63157894737,
,0,404,1110.5,
,0,405,1113.36842105263,
,0,406,1116.23684210526,
,0,407,1119.10526315789,
,0,408,1121.97368421053,
,1,409,1124.84210526316,
,0,410,1127.71052631579,
,0,411,1130.57894736842,
,0,412,1133.44736842105,
,0,413,1136.31578947368,
,0,414,1139.18421052632,
,0,415,1142.05263157895,
,0,416,1144.92105263158,
,0,417,1147.78947368421,
,0,418,1150.65789473684,
,0,419,1153.52631578947,
,0,420,1156.39473684211,
,0,421,1159.26315789474,
,0,422,1162.13157894737,
,0,423,1165,
,0,424,1167.86842105263,
,0,425,1170.73684210526,
,0,426,1173.60526315789,
,0,427,1176.47368421053,
,0,428,1179.34210526316,
,0,429,1182.21052631579,
,0,430,1185.07894736842,
,0,431,1187.94736842105,
,0,432,1190.81578947368,
,0,433,1193.68421052632,
,1,434,1196.55263157895,
,0,435,1199.42105263158,
,0,436,1202.28947368421,
,0,437,1205.15789473684,
,0,438,1208.02631578947,
,0,439,1210.89473684211,
,0,440,1213.76315789474,
,2,441,1216.63157894737,
,0,442,1219.5,
,0,443,1222.36842105263,
,0,444,1225.23684210526,
,0,445,1228.10526315789,
,0,446,1230.97368421053,
,0,447,1233.84210526316,
,0,448,1236.71052631579,
,0,449,1239.57894736842,
,0,450,1242.44736842105,
,0,451,1245.31578947368,
,0,452,1248.18421052632,
,0,453,1251.05263157895,
,1,454,1253.92105263158,
,0,455,1256.78947368421,
,0,456,1259.65789473684,
,0,457,1262.52631578947,
,0,458,1265.39473684211,
,0,459,1268.26315789474,
,0,460,1271.13157894737,
,0,461,1274,
,0,462,1276.86842105263,
,0,463,1279.73684210526,
,0,464,1282.60526315789,
,0,465,1285.47368421053,
,0,466,1288.34210526316,
,0,467,1291.21052631579,
,0,468,1294.07894736842,
,0,469,1296.94736842105,
,0,470,1299.81578947368,
,0,471,1302.68421052632,
,1,472,1305.55263157895,
,0,473,1308.42105263158,
,0,474,1311.28947368421,
,0,475,1314.15789473684,
,0,476,1317.02631578947,
,0,477,1319.89473684211,
,0,478,1322.76315789474,
,0,479,1325.63157894737,
,1,480,1328.5,
,0,481,1331.36842105263,
,0,482,1334.23684210526,
,0,483,1337.10526315789,
,0,484,1339.97368421053,
,0,485,1342.84210526316,
,0,486,1345.71052631579,
,0,487,1348.57894736842,
,0,488,1351.44736842105,
,0,489,1354.31578947368,
,0,490,1357.18421052632,
,1,491,1360.05263157895,
,0,492,1362.92105263158,
,0,493,1365.78947368421,
,0,494,1368.65789473684,
,0,495,1371.52631578947,
,0,496,1374.39473684211,
,0,497,1377.26315789474,
,0,498,1380.13157894737,
,0,499,1383,
,1,500,1385.86842105263,
,0,501,1388.73684210526,
,0,502,1391.60526315789,
,0,503,1394.47368421053,
,0,504,1397.34210526316,
,0,505,1400.21052631579,
,0,506,1403.07894736842,
,0,507,1405.94736842105,
,0,508,1408.81578947368,
,2,509,1411.68421052632,
,0,510,1414.55263157895,
,11,511,1417.42105263158,
Time t / s,Events N_A,Channel n_A,Energy E_A / keV,Rate R_A / 1/s
0,0,0,-48.3421052631579,
1.001,0,1,-45.4736842105264,263.748766720911
2.001,0,2,-42.6052631578947,302.419698056963
3,0,3,-39.7368421052631,288.056948858789
4.001,9,4,-36.8684210526316,291.038965785259
5,7,5,-34,279.986420658598
6,2,6,-31.1315789473684,322.486519564792
7.001,14,7,-28.2631578947369,285.272121076295
8.001,5,8,-25.3947368421053,312.45424598281
9,11,9,-22.5263157894736,328.810303226418
10,16,10,-19.6578947368421,330.697665540815
11,16,11,-16.7894736842105,308.786097428012
12.001,15,12,-13.921052631579,315.479497287928
13,14,13,-11.0526315789474,283.188498149224
13.999,14,14,-8.18421052631584,277.087809126712
15,11,15,-5.31578947368416,307.689539255465
16.001,10,16,-2.4473684210526,319.248119638583
,15,17,0.421052631578959,
,17,18,3.28947368421052,
,11,19,6.15789473684208,
,16,20,9.0263157894737,
,24,21,11.8947368421053,
,19,22,14.7631578947368,
,34,23,17.6315789473684,
,27,24,20.5,
,31,25,23.3684210526316,
,28,26,26.2368421052632,
,30,27,29.1052631578947,
,23,28,31.9736842105263,
,33,29,34.8421052631579,
,37,30,37.7105263157895,
,28,31,40.578947368421,
,48,32,43.4473684210527,
,37,33,46.3157894736842,
,37,34,49.1842105263158,
,40,35,52.0526315789473,
,39,36,54.921052631579,
,38,37,57.7894736842105,
,38,38,60.6578947368421,
,38,39,63.5263157894737,
,37,40,66.3947368421053,
,32,41,69.2631578947368,
,32,42,72.1315789473684,
,46,43,75,
,36,44,77.8684210526316,
,37,45,80.7368421052632,
,31,46,83.6052631578947,
,33,47,86.4736842105263,
,42,48,89.3421052631579,
,35,49,92.2105263157895,
,28,50,95.078947368421,
,27,51,97.9473684210527,
,36,52,100.815789473684,
,23,53,103.684210526316,
,35,54,106.552631578947,
,35,55,109.421052631579,
,30,56,112.289473684211,
,28,57,115.157894736842,
,27,58,118.026315789474,
,20,59,120.894736842105,
,34,60,123.763157894737,
,24,61,126.631578947368,
,19,62,129.5,
,38,63,132.368421052632,
,23,64,135.236842105263,
,21,65,138.105263157895,
,22,66,140.973684210526,
,22,67,143.842105263158,
,27,68,146.710526315789,
,25,69,149.578947368421,
,28,70,152.447368421053,
,20,71,155.315789473684,
,25,72,158.184210526316,
,35,73,161.052631578947,
,25,74,163.921052631579,
,24,75,166.789473684211,
,25,76,169.657894736842,
,31,77,172.526315789474,
,15,78,175.394736842105,
,19,79,178.263157894737,
,24,80,181.131578947368,
,20,81,184,
,27,82,186.868421052632,
,16,83,189.736842105263,
,18,84,192.605263157895,
,19,85,195.473684210526,
,15,86,198.342105263158,
,20,87,201.210526315789,
,12,88,204.078947368421,
,16,89,206.947368421053,
,16,90,209.815789473684,
,22,91,212.684210526316,
,12,92,215.552631578947,
,11,93,218.421052631579,
,11,94,221.289473684211,
,18,95,224.157894736842,
,15,96,227.026315789474,
,13,97,229.894736842105,
,12,98,232.763157894737,
,17,99,235.631578947368,
,19,100,238.5,
,13,101,241.368421052632,
,13,102,244.236842105263,
,12,103,247.105263157895,
,12,104,249.973684210526,
,8,105,252.842105263158,
,17,106,255.710526315789,
,10,107,258.578947368421,
,11,108,261.447368421053,
,18,109,264.315789473684,
,9,110,267.184210526316,
,11,111,270.052631578947,
,12,112,272.921052631579,
,15,113,275.789473684211,
,17,114,278.657894736842,
,8,115,281.526315789474,
,9,116,284.394736842105,
,11,117,287.263157894737,
,8,118,290.131578947368,
,11,119,293,
,14,120,295.868421052632,
,16,121,298.736842105263,
,12,122,301.605263157895,
,10,123,304.473684210526,
,8,124,307.342105263158,
,14,125,310.210526315789,
,14,126,313.078947368421,
,13,127,315.947368421053,
,9,128,318.815789473684,
,13,129,321.684210526316,
,14,130,324.552631578947,
,11,131,327.421052631579,
,15,132,330.289473684211,
,8,133,333.157894736842,
,10,134,336.026315789474,
,10,135,338.894736842105,
,11,136,341.763157894737,
,7,137,344.631578947368,
,1,138,347.5,
,6,139,350.368421052632,
,12,140,353.236842105263,
,9,141,356.105263157895,
,13,142,358.973684210526,
,14,143,361.842105263158,
,11,144,364.710526315789,
,7,145,367.578947368421,
,7,146,370.447368421053,
,10,147,373.315789473684,
,10,148,376.184210526316,
,4,149,379.052631578947,
,8,150,381.921052631579,
,8,151,384.789473684211,
,5,152,387.657894736842,
,11,153,390.526315789474,
,8,154,393.394736842105,
,5,155,396.263157894737,
,13,156,399.131578947368,
,3,157,402,
,14,158,404.868421052632,
,8,159,407.736842105263,
,7,160,410.605263157895,
,10,161,413.473684210526,
,7,162,416.342105263158,
,16,163,419.210526315789,
,12,164,422.078947368421,
,8,165,424.947368421053,
,7,166,427.815789473684,
,14,167,430.684210526316,
,16,168,433.552631578947,
,9,169,436.421052631579,
,13,170,439.289473684211,
,7,171,442.157894736842,
,11,172,445.026315789474,
,7,173,447.894736842105,
,6,174,450.763157894737,
,7,175,453.631578947368,
,13,176,456.5,
,14,177,459.368421052632,
,4,178,462.236842105263,
,5,179,465.105263157895,
,4,180,467.973684210526,
,6,181,470.842105263158,
,0,182,473.710526315789,
,3,183,476.578947368421,
,2,184,479.447368421053,
,8,185,482.315789473684,
,7,186,485.184210526316,
,5,187,488.052631578947,
,10,188,490.921052631579,
,6,189,493.789473684211,
,5,190,496.657894736842,
,6,191,499.526315789474,
,7,192,502.394736842105,
,9,193,505.263157894737,
,4,194,508.131578947368,
,9,195,511,
,4,196,513.868421052632,
,7,197,516.736842105263,
,7,198,519.605263157895,
,6,199,522.473684210526,
,11,200,525.342105263158,
,9,201,528.210526315789,
,8,202,531.078947368421,
,9,203,533.947368421053,
,7,204,536.815789473684,
,7,205,539.684210526316,
,10,206,542.552631578947,
,13,207,545.421052631579,
,6,208,548.289473684211,
,8,209,551.157894736842,
,14,210,554.026315789474,
,3,211,556.894736842105,
,9,212,559.763157894737,
,12,213,562.631578947368,
,3,214,565.5,
,13,215,568.368421052632,
,15,216,571.236842105263,
,13,217,574.105263157895,
,6,218,576.973684210526,
,11,219,579.842105263158,
,9,220,582.710526315789,
,11,221,585.578947368421,
,11,222,588.447368421053,
,7,223,591.315789473684,
,6,224,594.184210526316,
,8,225,597.052631578947,
,4,226,599.921052631579,
,4,227,602.789473684211,
,9,228,605.657894736842,
,6,229,608.526315789474,
,4,230,611.394736842105,
,3,231,614.263157894737,
,3,232,617.131578947368,
,4,233,620,
,10,234,622.868421052632,
,4,235,625.736842105263,
,6,236,628.605263157895,
,4,237,631.473684210526,
,6,238,634.342105263158,
,9,239,637.210526315789,
,7,240,640.078947368421,
,5,241,642.947368421053,
,5,242,645.815789473684,
,4,243,648.684210526316,
,8,244,651.552631578947,
,10,245,654.421052631579,
,4,246,657.289473684211,
,5,247,660.157894736842,
,6,248,663.026315789474,
,8,249,665.894736842105,
,6,250,668.763157894737,
,6,251,671.631578947368,
,8,252,674.5,
,4,253,677.368421052632,
,10,254,680.236842105263,
,4,255,683.105263157895,
,8,256,685.973684210526,
,3,257,688.842105263158,
,6,258,691.710526315789,
,3,259,694.578947368421,
,5,260,697.447368421053,
,5,261,700.315789473684,
,11,262,703.184210526316,
,5,263,706.052631578947,
,6,264,708.921052631579,
,6,265,711.789473684211,
,5,266,714.657894736842,
,4,267,717.526315789474,
,5,268,720.394736842105,
,14,269,723.263157894737,
,4,270,726.131578947368,
,4,271,729,
,4,272,731.868421052632,
,11,273,734.736842105263,
,5,274,737.605263157895,
,6,275,740.473684210526,
,6,276,743.342105263158,
,4,277,746.210526315789,
,8,278,749.078947368421,
,11,279,751.947368421053,
,7,280,754.815789473684,
,4,281,757.684210526316,
,9,282,760.552631578947,
,7,283,763.421052631579,
,4,284,766.289473684211,
,9,285,769.157894736842,
,6,286,772.026315789474,
,8,287,774.894736842105,
,5,288,777.763157894737,
,9,289,780.631578947368,
,6,290,783.5,
,10,291,786.368421052632,
,9,292,789.236842105263,
,6,293,792.105263157895,
,10,294,794.973684210526,
,10,295,797.842105263158,
,6,296,800.710526315789,
,4,297,803.578947368421,
,9,298,806.447368421053,
,3,299,809.315789473684,
,6,300,812.184210526316,
,5,301,815.052631578947,
,7,302,817.921052631579,
,8,303,820.789473684211,
,10,304,823.657894736842,
,4,305,826.526315789474,
,6,306,829.394736842105,
,4,307,832.263157894737,
,8,308,835.131578947368,
,5,309,838,
,3,310,840.868421052632,
,8,311,843.736842105263,
,3,312,846.605263157895,
,5,313,849.473684210526,
,3,314,852.342105263158,
,8,315,855.210526315789,
,6,316,858.078947368421,
,4,317,860.947368421053,
,9,318,863.815789473684,
,1,319,866.684210526316,
,3,320,869.552631578947,
,5,321,872.421052631579,
,5,322,875.289473684211,
,3,323,878.157894736842,
,4,324,881.026315789474,
,6,325,883.894736842105,
,4,326,886.763157894737,
,6,327,889.631578947368,
,4,328,892.5,
,3,329,895.368421052632,
,2,330,898.236842105263,
,5,331,901.105263157895,
,8,332,903.973684210526,
,4,333,906.842105263158,
,4,334,909.710526315789,
,6,335,912.578947368421,
,6,336,915.447368421053,
,6,337,918.315789473684,
,3,338,921.184210526316,
,1,339,924.052631578947,
,3,340,926.921052631579,
,0,341,929.789473684211,
,2,342,932.657894736842,
,1,343,935.526315789474,
,3,344,938.394736842105,
,4,345,941.263157894737,
,2,346,944.131578947368,
,3,347,947,
,4,348,949.868421052632,
,4,349,952.736842105263,
,1,350,955.605263157895,
,8,351,958.473684210526,
,6,352,961.342105263158,
,6,353,964.210526315789,
,6,354,967.078947368421,
,9,355,969.947368421053,
,9,356,972.815789473684,
,12,357,975.684210526316,
,11,358,978.552631578947,
,11,359,981.421052631579,
,14,360,984.289473684211,
,9,361,987.157894736842,
,10,362,990.026315789474,
,7,363,992.894736842105,
,15,364,995.763157894737,
,11,365,998.631578947368,
,15,366,1001.5,
,22,367,1004.36842105263,
,12,368,1007.23684210526,
,21,369,1010.10526315789,
,12,370,1012.97368421053,
,9,371,1015.84210526316,
,15,372,1018.71052631579,
,12,373,1021.57894736842,
,4,374,1024.44736842105,
,4,375,1027.31578947368,
,13,376,1030.18421052632,
,9,377,1033.05263157895,
,4,378,1035.92105263158,
,4,379,1038.78947368421,
,4,380,1041.65789473684,
,3,381,1044.52631578947,
,0,382,1047.39473684211,
,1,383,1050.26315789474,
,4,384,1053.13157894737,
,2,385,1056,
,1,386,1058.86842105263,
,2,387,1061.73684210526,
,2,388,1064.60526315789,
,3,389,1067.47368421053,
,3,390,1070.34210526316,
,1,391,1073.21052631579,
,2,392,1076.07894736842,
,1,393,1078.94736842105,
,3,394,1081.81578947368,
,1,395,1084.68421052632,
,4,396,1087.55263157895,
,5,397,1090.42105263158,
,2,398,1093.28947368421,
,7,399,1096.15789473684,
,7,400,1099.02631578947,
,7,401,1101.89473684211,
,3,402,1104.76315789474,
,10,403,1107.63157894737,
,6,404,1110.5,
,7,405,1113.36842105263,
,7,406,1116.23684210526,
,13,407,1119.10526315789,
,7,408,1121.97368421053,
,14,409,1124.84210526316,
,15,410,1127.71052631579,
,6,411,1130.57894736842,
,11,412,1133.44736842105,
,7,413,1136.31578947368,
,11,414,1139.18421052632,
,13,415,1142.05263157895,
,9,416,1144.92105263158,
,9,417,1147.78947368421,
,6,418,1150.65789473684,
,12,419,1153.52631578947,
,6,420,1156.39473684211,
,4,421,1159.26315789474,
,3,422,1162.13157894737,
,4,423,1165,
,4,424,1167.86842105263,
,3,425,1170.73684210526,
,4,426,1173.60526315789,
,1,427,1176.47368421053,
,2,428,1179.34210526316,
,0,429,1182.21052631579,
,1,430,1185.07894736842,
,0,431,1187.94736842105,
,0,432,1190.81578947368,
,0,433,1193.68421052632,
,0,434,1196.55263157895,
,1,435,1199.42105263158,
,2,436,1202.28947368421,
,0,437,1205.15789473684,
,0,438,1208.02631578947,
,0,439,1210.89473684211,
,0,440,1213.76315789474,
,0,441,1216.63157894737,
,0,442,1219.5,
,0,443,1222.36842105263,
,0,444,1225.23684210526,
,1,445,1228.10526315789,
,0,446,1230.97368421053,
,0,447,1233.84210526316,
,1,448,1236.71052631579,
,0,449,1239.57894736842,
,0,450,1242.44736842105,
,0,451,1245.31578947368,
,2,452,1248.18421052632,
,0,453,1251.05263157895,
,0,454,1253.92105263158,
,0,455,1256.78947368421,
,0,456,1259.65789473684,
,1,457,1262.52631578947,
,0,458,1265.39473684211,
,0,459,1268.26315789474,
,1,460,1271.13157894737,
,0,461,1274,
,0,462,1276.86842105263,
,0,463,1279.73684210526,
,0,464,1282.60526315789,
,0,465,1285.47368421053,
,0,466,1288.34210526316,
,0,467,1291.21052631579,
,0,468,1294.07894736842,
,0,469,1296.94736842105,
,0,470,1299.81578947368,
,0,471,1302.68421052632,
,0,472,1305.55263157895,
,0,473,1308.42105263158,
,0,474,1311.28947368421,
,0,475,1314.15789473684,
,0,476,1317.02631578947,
,0,477,1319.89473684211,
,0,478,1322.76315789474,
,0,479,1325.63157894737,
,1,480,1328.5,
,0,481,1331.36842105263,
,0,482,1334.23684210526,
,0,483,1337.10526315789,
,0,484,1339.97368421053,
,0,485,1342.84210526316,
,0,486,1345.71052631579,
,0,487,1348.57894736842,
,0,488,1351.44736842105,
,0,489,1354.31578947368,
,0,490,1357.18421052632,
,0,491,1360.05263157895,
,0,492,1362.92105263158,
,0,493,1365.78947368421,
,0,494,1368.65789473684,
,0,495,1371.52631578947,
,0,496,1374.39473684211,
,0,497,1377.26315789474,
,0,498,1380.13157894737,
,0,499,1383,
,0,500,1385.86842105263,
,0,501,1388.73684210526,
,0,502,1391.60526315789,
,0,503,1394.47368421053,
,0,504,1397.34210526316,
,0,505,1400.21052631579,
,1,506,1403.07894736842,
,0,507,1405.94736842105,
,0,508,1408.81578947368,
,0,509,1411.68421052632,
,0,510,1414.55263157895,
,23,511,1417.42105263158,
Time t / s,Events N_A,Channel n_A,Energy E_A / keV,Rate R_A / 1/s
0,0,0,-48.3421052631579,
1,0,1,-45.4736842105264,272.937951269538
2,0,2,-42.6052631578947,299.991533572275
3,5,3,-39.7368421052631,291.998656806179
4,14,4,-36.8684210526316,336.666517037104
4.999,20,5,-34,307.08871793061
6,22,6,-31.1315789473684,323.010465539083
7,18,7,-28.2631578947369,286.569105806645
7.999,17,8,-25.3947368421053,350.01515565624
9,28,9,-22.5263157894736,316.821882737525
10,22,10,-19.6578947368421,320.165013047725
11,25,11,-16.7894736842105,310.575683086169
12,30,12,-13.921052631579,330.750079024851
13,30,13,-11.0526315789474,325.05406936077
13.999,26,14,-8.18421052631584,313.283866511446
15,31,15,-5.31578947368416,290.904466973046
16,30,16,-2.4473684210526,281.110673827841
17,32,17,0.421052631578959,338.002771622727
18,37,18,3.28947368421052,289.811075380083
18.999,36,19,6.15789473684208,292.155602073664
20,35,20,9.0263157894737,312.999123602454
21,35,21,11.8947368421053,278.885294367317
22,36,22,14.7631578947368,304.0199312804
23,39,23,17.6315789473684,303.151880091328
24,39,24,20.5,301.885954811446
25,52,25,23.3684210526316,312.611749933445
26,59,26,26.2368421052632,275.394205150693
27,49,27,29.1052631578947,292.085136931289
28,45,28,31.9736842105263,331.667801529988
29.001,57,29,34.8421052631579,296.296622548834
30,69,30,37.7105263157895,329.740787103471
31,87,31,40.578947368421,331.00721162524
32.001,77,32,43.4473684210527,316.319451013579
33.001,78,33,46.3157894736842,316.079177834047
34.001,88,34,49.1842105263158,307.157817686727
35,76,35,52.0526315789473,293.999588400576
36.001,73,36,54.921052631579,319.887897063629
37.001,82,37,57.7894736842105,327.154973310857
38.001,88,38,60.6578947368421,295.552946612953
39,66,39,63.5263157894737,336.306509752989
40.001,63,40,66.3947368421053,304.076019004751
,65,41,69.2631578947368,
,92,42,72.1315789473684,
,73,43,75,
,74,44,77.8684210526316,
,79,45,80.7368421052632,
,79,46,83.6052631578947,
,84,47,86.4736842105263,
,69,48,89.3421052631579,
,76,49,92.2105263157895,
,73,50,95.078947368421,
,67,51,97.9473684210527,
,82,52,100.815789473684,
,57,53,103.684210526316,
,78,54,106.552631578947,
,63,55,109.421052631579,
,63,56,112.289473684211,
,72,57,115.157894736842,
,75,58,118.026315789474,
,61,59,120.894736842105,
,60,60,123.763157894737,
,62,61,126.631578947368,
,47,62,129.5,
,56,63,132.368421052632,
,45,64,135.236842105263,
,66,65,138.105263157895,
,57,66,140.973684210526,
,52,67,143.842105263158,
,62,68,146.710526315789,
,71,69,149.578947368421,
,60,70,152.447368421053,
,46,71,155.315789473684,
,59,72,158.184210526316,
,41,73,161.052631578947,
,61,74,163.921052631579,
,63,75,166.789473684211,
,54,76,169.657894736842,
,58,77,172.526315789474,
,53,78,175.394736842105,
,54,79,178.263157894737,
,49,80,181.131578947368,
,67,81,184,
,55,82,186.868421052632,
,53,83,189.736842105263,
,56,84,192.605263157895,
,55,85,195.473684210526,
,42,86,198.342105263158,
,56,87,201.210526315789,
,55,88,204.078947368421,
,57,89,206.947368421053,
,59,90,209.815789473684,
,42,91,212.684210526316,
,37,92,215.552631578947,
,43,93,218.421052631579,
,43,94,221.289473684211,
,53,95,224.157894736842,
,50,96,227.026315789474,
,42,97,229.894736842105,
,29,98,232.763157894737,
,40,99,235.631578947368,
,34,100,238.5,
,35,101,241.368421052632,
,50,102,244.236842105263,
,34,103,247.105263157895,
,29,104,249.973684210526,
,23,105,252.842105263158,
,44,106,255.710526315789,
,35,107,258.578947368421,
,34,108,261.447368421053,
,40,109,264.315789473684,
,34,110,267.184210526316,
,32,111,270.052631578947,
,31,112,272.921052631579,
,24,113,275.789473684211,
,20,114,278.657894736842,
,30,115,281.526315789474,
,28,116,284.394736842105,
,28,117,287.263157894737,
,30,118,290.131578947368,
,23,119,293,
,22,120,295.868421052632,
,27,121,298.736842105263,
,22,122,301.605263157895,
,31,123,304.473684210526,
,25,124,307.342105263158,
,18,125,310.210526315789,
,25,126,313.078947368421,
,26,127,315.947368421053,
,25,128,318.815789473684,
,25,129,321.684210526316,
,18,130,324.552631578947,
,27,131,327.421052631579,
,21,132,330.289473684211,
,24,133,333.157894736842,
,20,134,336.026315789474,
,26,135,338.894736842105,
,33,136,341.763157894737,
,33,137,344.631578947368,
,31,138,347.5,
,19,139,350.368421052632,
,32,140,353.236842105263,
,28,141,356.105263157895,
,22,142,358.973684210526,
,17,143,361.842105263158,
,20,144,364.710526315789,
,26,145,367.578947368421,
,17,146,370.447368421053,
,12,147,373.315789473684,
,33,148,376.184210526316,
,25,149,379.052631578947,
,26,150,381.921052631579,
,20,151,384.789473684211,
,28,152,387.657894736842,
,21,153,390.526315789474,
,15,154,393.394736842105,
,18,155,396.263157894737,
,27,156,399.131578947368,
,21,157,402,
,15,158,404.868421052632,
,17,159,407.736842105263,
,24,160,410.605263157895,
,20,161,413.473684210526,
,16,162,416.342105263158,
,20,163,419.210526315789,
,25,164,422.078947368421,
,12,165,424.947368421053,
,20,166,427.815789473684,
,17,167,430.684210526316,
,16,168,433.552631578947,
,26,169,436.421052631579,
,20,170,439.289473684211,
,20,171,442.157894736842,
,20,172,445.026315789474,
,22,173,447.894736842105,
,13,174,450.763157894737,
,14,175,453.631578947368,
,8,176,456.5,
,21,177,459.368421052632,
,21,178,462.236842105263,
,21,179,465.105263157895,
,21,180,467.973684210526,
,16,181,470.842105263158,
,12,182,473.710526315789,
,11,183,476.578947368421,
,14,184,479.447368421053,
,24,185,482.315789473684,
,18,186,485.184210526316,
,13,187,488.052631578947,
,25,188,490.921052631579,
,20,189,493.789473684211,
,22,190,496.657894736842,
,12,191,499.526315789474,
,18,192,502.394736842105,
,16,193,505.263157894737,
,24,194,508.131578947368,
,22,195,511,
,24,196,513.868421052632,
,18,197,516.736842105263,
,16,198,519.605263157895,
,17,199,522.473684210526,
,18,200,525.342105263158,
,18,201,528.210526315789,
,9,202,531.078947368421,
,15,203,533.947368421053,
,17,204,536.815789473684,
,10,205,539.684210526316,
,10,206,542.552631578947,
,18,207,545.421052631579,
,18,208,548.289473684211,
,13,209,551.157894736842,
,15,210,554.026315789474,
,17,211,556.894736842105,
,19,212,559.763157894737,
,13,213,562.631578947368,
,16,214,565.5,
,12,215,568.368421052632,
,21,216,571.236842105263,
,10,217,574.105263157895,
,18,218,576.973684210526,
,14,219,579.842105263158,
,18,220,582.710526315789,
,12,221,585.578947368421,
,16,222,588.447368421053,
,13,223,591.315789473684,
,16,224,594.184210526316,
,14,225,597.052631578947,
,10,226,599.921052631579,
,16,227,602.789473684211,
,13,228,605.657894736842,
,17,229,608.526315789474,
,16,230,611.394736842105,
,15,231,614.263157894737,
,14,232,617.131578947368,
,15,233,620,
,9,234,622.868421052632,
,15,235,625.736842105263,
,11,236,628.605263157895,
,12,237,631.473684210526,
,26,238,634.342105263158,
,20,239,637.210526315789,
,21,240,640.078947368421,
,23,241,642.947368421053,
,11,242,645.815789473684,
,28,243,648.684210526316,
,23,244,651.552631578947,
,22,245,654.421052631579,
,28,246,657.289473684211,
,32,247,660.157894736842,
,20,248,663.026315789474,
,30,249,665.894736842105,
,26,250,668.763157894737,
,28,251,671.631578947368,
,20,252,674.5,
,33,253,677.368421052632,
,22,254,680.236842105263,
,22,255,683.105263157895,
,21,256,685.973684210526,
,19,257,688.842105263158,
,20,258,691.710526315789,
,19,259,694.578947368421,
,12,260,697.447368421053,
,18,261,700.315789473684,
,14,262,703.184210526316,
,12,263,706.052631578947,
,13,264,708.921052631579,
,10,265,711.789473684211,
,10,266,714.657894736842,
,16,267,717.526315789474,
,4,268,720.394736842105,
,12,269,723.263157894737,
,13,270,726.131578947368,
,9,271,729,
,10,272,731.868421052632,
,13,273,734.736842105263,
,18,274,737.605263157895,
,13,275,740.473684210526,
,9,276,743.342105263158,
,10,277,746.210526315789,
,8,278,749.078947368421,
,11,279,751.947368421053,
,17,280,754.815789473684,
,18,281,757.684210526316,
,13,282,760.552631578947,
,15,283,763.421052631579,
,17,284,766.289473684211,
,13,285,769.157894736842,
,9,286,772.026315789474,
,10,287,774.894736842105,
,11,288,777.763157894737,
,10,289,780.631578947368,
,14,290,783.5,
,15,291,786.368421052632,
,18,292,789.236842105263,
,13,293,792.105263157895,
,10,294,794.973684210526,
,11,295,797.842105263158,
,15,296,800.710526315789,
,18,297,803.578947368421,
,12,298,806.447368421053,
,17,299,809.315789473684,
,16,300,812.184210526316,
,6,301,815.052631578947,
,16,302,817.921052631579,
,18,303,820.789473684211,
,8,304,823.657894736842,
,10,305,826.526315789474,
,16,306,829.394736842105,
,14,307,832.263157894737,
,17,308,835.131578947368,
,14,309,838,
,12,310,840.868421052632,
,11,311,843.736842105263,
,17,312,846.605263157895,
,17,313,849.473684210526,
,12,314,852.342105263158,
,14,315,855.210526315789,
,16,316,858.078947368421,
,11,317,860.947368421053,
,16,318,863.815789473684,
,13,319,866.684210526316,
,14,320,869.552631578947,
,15,321,872.421052631579,
,14,322,875.289473684211,
,14,323,878.157894736842,
,13,324,881.026315789474,
,12,325,883.894736842105,
,19,326,886.763157894737,
,11,327,889.631578947368,
,18,328,892.5,
,17,329,895.368421052632,
,18,330,898.236842105263,
,18,331,901.105263157895,
,29,332,903.973684210526,
,14,333,906.842105263158,
,16,334,909.710526315789,
,10,335,912.578947368421,
,22,336,915.447368421053,
,14,337,918.315789473684,
,11,338,921.184210526316,
,15,339,924.052631578947,
,21,340,926.921052631579,
,18,341,929.789473684211,
,17,342,932.657894736842,
,10,343,935.526315789474,
,17,344,938.394736842105,
,14,345,941.263157894737,
,11,346,944.131578947368,
,17,347,947,
,12,348,949.868421052632,
,9,349,952.736842105263,
,7,350,955.605263157895,
,12,351,958.473684210526,
,14,352,961.342105263158,
,7,353,964.210526315789,
,13,354,967.078947368421,
,11,355,969.947368421053,
,15,356,972.815789473684,
,9,357,975.684210526316,
,11,358,978.552631578947,
,15,359,981.421052631579,
,11,360,984.289473684211,
,10,361,987.157894736842,
,12,362,990.026315789474,
,13,363,992.894736842105,
,10,364,995.763157894737,
,12,365,998.631578947368,
,4,366,1001.5,
,13,367,1004.36842105263,
,8,368,1007.23684210526,
,12,369,1010.10526315789,
,13,370,1012.97368421053,
,8,371,1015.84210526316,
,5,372,1018.71052631579,
,8,373,1021.57894736842,
,8,374,1024.44736842105,
,9,375,1027.31578947368,
,4,376,1030.18421052632,
,9,377,1033.05263157895,
,10,378,1035.92105263158,
,14,379,1038.78947368421,
,7,380,1041.65789473684,
,11,381,1044.52631578947,
,13,382,1047.39473684211,
,6,383,1050.26315789474,
,7,384,1053.13157894737,
,10,385,1056,
,10,386,1058.86842105263,
,10,387,1061.73684210526,
,8,388,1064.60526315789,
,8,389,1067.47368421053,
,8,390,1070.34210526316,
,5,391,1073.21052631579,
,7,392,1076.07894736842,
,10,393,1078.94736842105,
,9,394,1081.81578947368,
,4,395,1084.68421052632,
,9,396,1087.55263157895,
,12,397,1090.42105263158,
,12,398,1093.28947368421,
,3,399,1096.15789473684,
,3,400,1099.02631578947,
,4,401,1101.89473684211,
,9,402,1104.76315789474,
,5,403,1107.63157894737,
,5,404,1110.5,
,10,405,1113.36842105263,
,7,406,1116.23684210526,
,10,407,1119.10526315789,
,5,408,1121.97368421053,
,15,409,1124.84210526316,
,9,410,1127.71052631579,
,10,411,1130.57894736842,
,13,412,1133.44736842105,
,20,413,1136.31578947368,
,9,414,1139.18421052632,
,23,415,1142.05263157895,
,20,416,1144.92105263158,
,23,417,1147.78947368421,
,29,418,1150.65789473684,
,32,419,1153.52631578947,
,31,420,1156.39473684211,
,35,421,1159.26315789474,
,23,422,1162.13157894737,
,36,423,1165,
,30,424,1167.86842105263,
,29,425,1170.73684210526,
,32,426,1173.60526315789,
,30,427,1176.47368421053,
,30,428,1179.34210526316,
,20,429,1182.21052631579,
,26,430,1185.07894736842,
,21,431,1187.94736842105,
,23,432,1190.81578947368,
,22,433,1193.68421052632,
,21,434,1196.55263157895,
,17,435,1199.42105263158,
,18,436,1202.28947368421,
,16,437,1205.15789473684,
,12,438,1208.02631578947,
,7,439,1210.89473684211,
,7,440,1213.76315789474,
,11,441,1216.63157894737,
,3,442,1219.5,
,4,443,1222.36842105263,
,6,444,1225.23684210526,
,5,445,1228.10526315789,
,1,446,1230.97368421053,
,5,447,1233.84210526316,
,6,448,1236.71052631579,
,4,449,1239.57894736842,
,4,450,1242.44736842105,
,4,451,1245.31578947368,
,3,452,1248.18421052632,
,2,453,1251.05263157895,
,5,454,1253.92105263158,
,2,455,1256.78947368421,
,5,456,1259.65789473684,
,5,457,1262.52631578947,
,2,458,1265.39473684211,
,3,459,1268.26315789474,
,1,460,1271.13157894737,
,7,461,1274,
,5,462,1276.86842105263,
,12,463,1279.73684210526,
,12,464,1282.60526315789,
,14,465,1285.47368421053,
,11,466,1288.34210526316,
,16,467,1291.21052631579,
,21,468,1294.07894736842,
,28,469,1296.94736842105,
,20,470,1299.81578947368,
,16,471,1302.68421052632,
,27,472,1305.55263157895,
,24,473,1308.42105263158,
,18,474,1311.28947368421,
,18,475,1314.15789473684,
,27,476,1317.02631578947,
,21,477,1319.89473684211,
,21,478,1322.76315789474,
,20,479,1325.63157894737,
,28,480,1328.5,
,26,481,1331.36842105263,
,29,482,1334.23684210526,
,18,483,1337.10526315789,
,17,484,1339.97368421053,
,14,485,1342.84210526316,
,13,486,1345.71052631579,
,14,487,1348.57894736842,
,9,488,1351.44736842105,
,14,489,1354.31578947368,
,15,490,1357.18421052632,
,13,491,1360.05263157895,
,8,492,1362.92105263158,
,11,493,1365.78947368421,
,7,494,1368.65789473684,
,4,495,1371.52631578947,
,1,496,1374.39473684211,
,7,497,1377.26315789474,
,3,498,1380.13157894737,
,2,499,1383,
,1,500,1385.86842105263,
,1,501,1388.73684210526,
,3,502,1391.60526315789,
,0,503,1394.47368421053,
,1,504,1397.34210526316,
,2,505,1400.21052631579,
,0,506,1403.07894736842,
,0,507,1405.94736842105,
,2,508,1408.81578947368,
,1,509,1411.68421052632,
,1,510,1414.55263157895,
,79,511,1417.42105263158,
Time t / s,Events N_A,Channel n_A,Energy E_A / keV,Rate R_A / 1/s
0,0,0,-48.3421052631579,
1.001,0,1,-45.4736842105264,581.818590367913
2.001,0,2,-42.6052631578947,608.058616850664
3.001,43,3,-39.7368421052631,654.124676163277
4.001,285,4,-36.8684210526316,653.471937433214
5,306,5,-34,654.228991133949
6,350,6,-31.1315789473684,636.279667788097
7,387,7,-28.2631578947369,698.895774714452
8,388,8,-25.3947368421053,711.108345689767
9.001,385,9,-22.5263157894736,716.836202927631
10.001,464,10,-19.6578947368421,575.067167845204
10.999,452,11,-16.7894736842105,676.020483420648
12.001,471,12,-13.921052631579,651.254118657901
13.001,508,13,-11.0526315789474,614.308723304127
14,528,14,-8.18421052631584,631.621990303754
15.001,517,15,-5.31578947368416,602.103535359607
16.001,558,16,-2.4473684210526,634.303260388792
17,590,17,0.421052631578959,631.714739788941
18.001,584,18,3.28947368421052,647.640408390412
19,615,19,6.15789473684208,649.105892694252
20,581,20,9.0263157894737,664.850476729833
21,613,21,11.8947368421053,672.183011546549
22,698,22,14.7631578947368,670.873100243436
23,612,23,17.6315789473684,680.171114630692
24,716,24,20.5,617.407042276598
25.001,754,25,23.3684210526316,656.206895722613
26,696,26,26.2368421052632,630.729029481252
27,764,27,29.1052631578947,642.241448625029
27.999,791,28,31.9736842105263,657.488619984507
29,831,29,34.8421052631579,623.845760462987
30.001,824,30,37.7105263157895,657.205963754592
31.001,885,31,40.578947368421,627.295875146582
32,904,32,43.4473684210527,637.651969555017
33,965,33,46.3157894736842,691.417547056668
34,943,34,49.1842105263158,638.428936308553
35,951,35,52.0526315789473,639.283363349685
36,920,36,54.921052631579,673.301613346216
37,948,37,57.7894736842105,683.265886708304
38,1025,38,60.6578947368421,630.320259540351
39,1004,39,63.5263157894737,675.0214635731
40.001,948,40,66.3947368421053,682.499167683942
41.001,1003,41,69.2631578947368,692.554286711259
42,948,42,72.1315789473684,610.811747819322
43.001,933,43,75,655.865285270405
44,984,44,77.8684210526316,689.118045921266
45.001,950,45,80.7368421052632,628.28118349796
46,1002,46,83.6052631578947,655.973398926667
47,965,47,86.4736842105263,660.912627350664
48,1000,48,89.3421052631579,670.652880579244
49,1009,49,92.2105263157895,605.241233608235
50.001,934,50,95.078947368421,700.592672533436
51.001,932,51,97.9473684210527,657.741471961342
52,947,52,100.815789473684,619.598406444781
53,911,53,103.684210526316,661.177557229426
54.001,905,54,106.552631578947,661.968467642959
55,939,55,109.421052631579,645.319942074483
56,914,56,112.289473684211,675.985601506688
57,906,57,115.157894736842,627.595984141038
58,880,58,118.026315789474,633.008355710295
59,861,59,120.894736842105,648.118923607643
60.001,869,60,123.763157894737,653.618125884854
61,858,61,126.631578947368,598.174363812458
62,845,62,129.5,678.309652346353
63.001,910,63,132.368421052632,645.475803434065
64.001,878,64,135.236842105263,655.918403750573
65,861,65,138.105263157895,644.786897930234
66,909,66,140.973684210526,619.957705107674
67,948,67,143.842105263158,644.60668265544
68,1072,68,146.710526315789,674.645982849345
69,1054,69,149.578947368421,661.43312715661
70,1047,70,152.447368421053,632.737328809261
71,1093,71,155.315789473684,645.229853646687
72,1071,72,158.184210526316,633.102689256197
73.001,1042,73,161.052631578947,647.52596212584
74,948,74,163.921052631579,616.147012677225
75,1025,75,166.789473684211,655.861744344292
76,935,76,169.657894736842,631.485738830308
77,977,77,172.526315789474,652.721225872626
78.001,889,78,175.394736842105,630.883207663025
79.001,850,79,178.263157894737,677.43973144884
80,867,80,181.131578947368,642.421665609648
81,884,81,184,639.97414504454
82,864,82,186.868421052632,604.950152107466
83,897,83,189.736842105263,661.503006886436
84,868,84,192.605263157895,617.603498553928
85,795,85,195.473684210526,639.831937477756
86.001,810,86,198.342105263158,642.933217565296
87,834,87,201.210526315789,643.316893012734
88,858,88,204.078947368421,668.333132759381
88.999,784,89,206.947368421053,633.124238710679
90,797,90,209.815789473684,679.532028942735
91,792,91,212.684210526316,647.727954259211
92,818,92,215.552631578947,645.775353173653
93,762,93,218.421052631579,679.332895097015
94,793,94,221.289473684211,647.625800811324
95,712,95,224.157894736842,639.197806752526
96.001,752,96,227.026315789474,642.095350458347
97,712,97,229.894736842105,623.031559743535
98,746,98,232.763157894737,636.672899587574
99.001,774,99,235.631578947368,623.174977647347
100.001,676,100,238.5,606.923042158254
101.002,658,101,241.368421052632,621.520300807806
102,664,102,244.236842105263,680.301703262385
103,674,103,247.105263157895,627.33272006471
104.001,655,104,249.973684210526,620.714877324214
105.001,649,105,252.842105263158,627.749532942333
106,675,106,255.710526315789,647.753233525356
107.001,621,107,258.578947368421,639.558782508278
108,660,108,261.447368421053,653.958698455647
109,639,109,264.315789473684,658.122687830768
110,673,110,267.184210526316,637.591046900477
111.001,667,111,270.052631578947,651.078918875678
112.001,671,112,272.921052631579,605.49749762672
113,634,113,275.789473684211,672.953170871222
113.999,639,114,278.657894736842,641.883379118423
115.001,664,115,281.526315789474,616.939046422214
116,639,116,284.394736842105,674.38300065994
117,638,117,287.263157894737,624.214480095361
118,663,118,290.131578947368,651.87821032495
119,590,119,293,621.054871142224
120,676,120,295.868421052632,696.038144222434
121.001,655,121,298.736842105263,627.440448607931
122,615,122,301.605263157895,666.658112056306
123.001,591,123,304.473684210526,681.110877860042
124,585,124,307.342105263158,612.851444809778
125,520,125,310.210526315789,619.116455805337
126,551,126,313.078947368421,667.627932397395
127.001,515,127,315.947368421053,661.009829716091
128,416,128,318.815789473684,634.082823237242
129.001,441,129,321.684210526316,613.549715863528
130,425,130,324.552631578947,645.335316230313
131,393,131,327.421052631579,620.769346054966
132,420,132,330.289473684211,640.424793765705
133,333,133,333.157894736842,665.558270277108
134,324,134,336.026315789474,637.723838294529
135,313,135,338.894736842105,702.869915122191
136,301,136,341.763157894737,639.274565429252
137,285,137,344.631578947368,646.646219853118
138,261,138,347.5,605.342114190298
139,267,139,350.368421052632,611.032423713435
140,245,140,353.236842105263,656.899032015216
141.001,248,141,356.105263157895,661.793527081901
142,251,142,358.973684210526,643.004372830361
143.001,260,143,361.842105263158,628.165730540652
144,220,144,364.710526315789,650.24954699781
145,235,145,367.578947368421,633.516511826009
146.001,236,146,370.447368421053,669.956626963602
147,216,147,373.315789473684,709.026375781179
148,191,148,376.184210526316,646.959565027186
149,198,149,379.052631578947,622.942761575368
150,203,150,381.921052631579,609.607751279149
151.001,189,151,384.789473684211,685.199251944544
152,196,152,387.657894736842,630.792981184267
153,207,153,390.526315789474,676.867341622067
154,187,154,393.394736842105,641.654266707198
155,182,155,396.263157894737,652.501756095288
156,200,156,399.131578947368,654.921802336801
157.001,210,157,402,665.619785748619
158,177,158,404.868421052632,649.297676346752
158.999,162,159,407.736842105263,619.96676978114
160,159,160,410.605263157895,695.405579752189
161,214,161,413.473684210526,634.25848840121
161.999,181,162,416.342105263158,635.395073423208
163,187,163,419.210526315789,645.177024603194
164.001,164,164,422.078947368421,703.693630811891
165.001,158,165,424.947368421053,669.958127617024
166,134,166,427.815789473684,675.395036668507
167,181,167,430.684210526316,667.172597550986
168.001,154,168,433.552631578947,694.771467356229
169.001,180,169,436.421052631579,618.822910706658
170.001,159,170,439.289473684211,674.846742304823
171.001,159,171,442.157894736842,683.934957785515
172.001,143,172,445.026315789474,666.072135612287
173.001,176,173,447.894736842105,660.987375141135
174.001,154,174,450.763157894737,646.264163623298
175,172,175,453.631578947368,604.494778976592
176.001,186,176,456.5,673.327618368111
177,208,177,459.368421052632,657.4449983619
178,209,178,462.236842105263,652.795937211245
179.001,238,179,465.105263157895,667.53349276742
180,300,180,467.973684210526,620.115274881349
181.001,364,181,470.842105263158,636.914354246957
182,448,182,473.710526315789,655.585407788115
183,559,183,476.578947368421,640.383564228418
184,725,184,479.447368421053,615.659109551042
185,917,185,482.315789473684,651.47030332758
186,1154,186,485.184210526316,587.280155725826
187,1400,187,488.052631578947,639.477881821085
188,1695,188,490.921052631579,629.509761541503
189,1989,189,493.789473684211,663.271133240394
190,2232,190,496.657894736842,660.685342239519
191,2458,191,499.526315789474,611.161449666085
192,2745,192,502.394736842105,666.128488271982
193,2775,193,505.263157894737,655.595132843985
194,3005,194,508.131578947368,639.969921413694
195.001,3263,195,511,662.876986252813
196.001,3223,196,513.868421052632,611.5613270601
197,2964,197,516.736842105263,653.805885032734
198,2789,198,519.605263157895,575.388501094071
199,2621,199,522.473684210526,672.83596259232
200,2401,200,525.342105263158,674.110462164323
201,1966,201,528.210526315789,651.210169262503
202,1733,202,531.078947368421,669.235435694466
203,1466,203,533.947368421053,637.557297454763
204,1108,204,536.815789473684,604.423155317752
205,875,205,539.684210526316,637.227743697413
206,667,206,542.552631578947,647.666307210015
207,540,207,545.421052631579,659.152988409893
208.001,419,208,548.289473684211,621.189515803813
209,269,209,551.157894736842,662.830024401471
210,211,210,554.026315789474,685.202271710609
211,161,211,556.894736842105,662.134854598981
212,117,212,559.763157894737,636.582416571113
213,132,213,562.631578947368,626.57239173439
214,103,214,565.5,593.265901777177
215,103,215,568.368421052632,625.898479266663
216,104,216,571.236842105263,634.178300950812
217,106,217,574.105263157895,622.120438910478
218,97,218,576.973684210526,630.877105139919
219.001,112,219,579.842105263158,639.262482873509
220,93,220,582.710526315789,657.197685063667
221,82,221,585.578947368421,638.810337210882
222,101,222,588.447368421053,680.127796012871
223,93,223,591.315789473684,671.986728206582
224,88,224,594.184210526316,690.85319369634
225,99,225,597.052631578947,637.101038013896
226,111,226,599.921052631579,645.648120886628
227,100,227,602.789473684211,643.426398674402
227.999,94,228,605.657894736842,654.684996912269
229,88,229,608.526315789474,668.883240541524
230,108,230,611.394736842105,662.061709038986
231.001,96,231,614.263157894737,649.265031983794
232,93,232,617.131578947368,598.714729426485
233.001,114,233,620,695.887195686698
234.001,91,234,622.868421052632,656.435347922742
235.001,84,235,625.736842105263,619.94566511757
236.001,100,236,628.605263157895,644.383943951929
237,101,237,631.473684210526,621.021642504399
238,126,238,634.342105263158,640.203840902944
239.001,109,239,637.210526315789,654.171392904941
240.001,116,240,640.078947368421,621.359130193119
241.001,124,241,642.947368421053,686.77860089984
242,131,242,645.815789473684,591.001654804634
243,133,243,648.684210526316,644.048783808258
244,129,244,651.552631578947,656.236441990049
245,136,245,654.421052631579,621.832353997362
246,178,246,657.289473684211,684.124989635607
247.001,140,247,660.157894736842,672.825961149908
248,162,248,663.026315789474,656.041677628446
249,158,249,665.894736842105,615.488821221814
250,186,250,668.763157894737,617.963454284794
251,142,251,671.631578947368,648.186974416371
252,145,252,674.5,598.847435338643
253,146,253,677.368421052632,655.252029807974
254,119,254,680.236842105263,643.763009377481
255,124,255,683.105263157895,622.098082200426
256,115,256,685.973684210526,668.812197534932
257,124,257,688.842105263158,607.025326478956
258,111,258,691.710526315789,609.894827025384
259,114,259,694.578947368421,621.00678197174
260,106,260,697.447368421053,612.608209416121
261,91,261,700.315789473684,594.421856413901
262,97,262,703.184210526316,631.404623391
263,125,263,706.052631578947,638.642332622572
264.001,102,264,708.921052631579,677.735155766871
265,110,265,711.789473684211,603.252966632556
266,88,266,714.657894736842,636.243442922021
267,85,267,717.526315789474,691.82437792874
268,96,268,720.394736842105,634.7573129702
269.001,85,269,723.263157894737,596.060489456519
270,72,270,726.131578947368,667.666027037266
271,66,271,729,580.248983740345
272,81,272,731.868421052632,618.784383081968
273,78,273,734.736842105263,614.617584938651
274,84,274,737.605263157895,618.006798074779
275,74,275,740.473684210526,628.036677341957
276,64,276,743.342105263158,652.024255302297
277,66,277,746.210526315789,654.967714798615
278,63,278,749.078947368421,634.276783947888
279,71,279,751.947368421053,660.252709227703
280,74,280,754.815789473684,626.442191548029
281,83,281,757.684210526316,651.947932293555
282,70,282,760.552631578947,663.031162464636
282.999,88,283,763.421052631579,641.039457145124
284,67,284,766.289473684211,668.225192888845
285,85,285,769.157894736842,634.986665280029
286,84,286,772.026315789474,685.912744088559
287,72,287,774.894736842105,651.817009314765
288,90,288,777.763157894737,604.312127213706
289.001,86,289,780.631578947368,660.253661689131
290,75,290,783.5,654.376331828435
291.001,74,291,786.368421052632,635.050478741463
292,83,292,789.236842105263,600.915193840219
293.001,85,293,792.105263157895,627.216279825938
294,84,294,794.973684210526,629.504736898045
294.999,63,295,797.842105263158,634.157241675881
295.999,67,296,800.710526315789,624.921537937455
297,91,297,803.578947368421,647.738553609809
298,86,298,806.447368421053,685.407259801724
299,80,299,809.315789473684,649.570712828291
300,84,300,812.184210526316,618.101016126999
,69,301,815.052631578947,
,83,302,817.921052631579,
,87,303,820.789473684211,
,96,304,823.657894736842,
,83,305,826.526315789474,
,90,306,829.394736842105,
,94,307,832.263157894737,
,91,308,835.131578947368,
,69,309,838,
,59,310,840.868421052632,
,93,311,843.736842105263,
,91,312,846.605263157895,
,89,313,849.473684210526,
,97,314,852.342105263158,
,87,315,855.210526315789,
,81,316,858.078947368421,
,81,317,860.947368421053,
,78,318,863.815789473684,
,81,319,866.684210526316,
,79,320,869.552631578947,
,80,321,872.421052631579,
,93,322,875.289473684211,
,86,323,878.157894736842,
,85,324,881.026315789474,
,88,325,883.894736842105,
,107,326,886.763157894737,
,83,327,889.631578947368,
,101,328,892.5,
,103,329,895.368421052632,
,99,330,898.236842105263,
,92,331,901.105263157895,
,86,332,903.973684210526,
,80,333,906.842105263158,
,88,334,909.710526315789,
,90,335,912.578947368421,
,86,336,915.447368421053,
,98,337,918.315789473684,
,64,338,921.184210526316,
,110,339,924.052631578947,
,100,340,926.921052631579,
,105,341,929.789473684211,
,80,342,932.657894736842,
,114,343,935.526315789474,
,80,344,938.394736842105,
,86,345,941.263157894737,
,94,346,944.131578947368,
,110,347,947,
,91,348,949.868421052632,
,97,349,952.736842105263,
,102,350,955.605263157895,
,115,351,958.473684210526,
,112,352,961.342105263158,
,93,353,964.210526315789,
,96,354,967.078947368421,
,108,355,969.947368421053,
,106,356,972.815789473684,
,72,357,975.684210526316,
,99,358,978.552631578947,
,101,359,981.421052631579,
,109,360,984.289473684211,
,98,361,987.157894736842,
,108,362,990.026315789474,
,114,363,992.894736842105,
,100,364,995.763157894737,
,106,365,998.631578947368,
,99,366,1001.5,
,113,367,1004.36842105263,
,116,368,1007.23684210526,
,117,369,1010.10526315789,
,116,370,1012.97368421053,
,101,371,1015.84210526316,
,75,372,1018.71052631579,
,97,373,1021.57894736842,
,93,374,1024.44736842105,
,109,375,1027.31578947368,
,100,376,1030.18421052632,
,76,377,1033.05263157895,
,98,378,1035.92105263158,
,85,379,1038.78947368421,
,80,380,1041.65789473684,
,88,381,1044.52631578947,
,52,382,1047.39473684211,
,61,383,1050.26315789474,
,69,384,1053.13157894737,
,65,385,1056,
,57,386,1058.86842105263,
,51,387,1061.73684210526,
,48,388,1064.60526315789,
,46,389,1067.47368421053,
,53,390,1070.34210526316,
,46,391,1073.21052631579,
,46,392,1076.07894736842,
,45,393,1078.94736842105,
,28,394,1081.81578947368,
,31,395,1084.68421052632,
,27,396,1087.55263157895,
,37,397,1090.42105263158,
,28,398,1093.28947368421,
,22,399,1096.15789473684,
,28,400,1099.02631578947,
,29,401,1101.89473684211,
,28,402,1104.76315789474,
,21,403,1107.63157894737,
,23,404,1110.5,
,23,405,1113.36842105263,
,29,406,1116.23684210526,
,23,407,1119.10526315789,
,25,408,1121.97368421053,
,29,409,1124.84210526316,
,22,410,1127.71052631579,
,19,411,1130.57894736842,
,16,412,1133.44736842105,
,11,413,1136.31578947368,
,15,414,1139.18421052632,
,15,415,1142.05263157895,
,15,416,1144.92105263158,
,22,417,1147.78947368421,
,15,418,1150.65789473684,
,28,419,1153.52631578947,
,23,420,1156.39473684211,
,14,421,1159.26315789474,
,26,422,1162.13157894737,
,24,423,1165,
,20,424,1167.86842105263,
,13,425,1170.73684210526,
,13,426,1173.60526315789,
,17,427,1176.47368421053,
,16,428,1179.34210526316,
,16,429,1182.21052631579,
,18,430,1185.07894736842,
,22,431,1187.94736842105,
,23,432,1190.81578947368,
,23,433,1193.68421052632,
,22,434,1196.55263157895,
,27,435,1199.42105263158,
,23,436,1202.28947368421,
,27,437,1205.15789473684,
,38,438,1208.02631578947,
,44,439,1210.89473684211,
,35,440,1213.76315789474,
,52,441,1216.63157894737,
,46,442,1219.5,
,70,443,1222.36842105263,
,92,444,1225.23684210526,
,93,445,1228.10526315789,
,114,446,1230.97368421053,
,139,447,1233.84210526316,
,155,448,1236.71052631579,
,145,449,1239.57894736842,
,164,450,1242.44736842105,
,207,451,1245.31578947368,
,221,452,1248.18421052632,
,239,453,1251.05263157895,
,241,454,1253.92105263158,
,271,455,1256.78947368421,
,293,456,1259.65789473684,
,327,457,1262.52631578947,
,337,458,1265.39473684211,
,336,459,1268.26315789474,
,321,460,1271.13157894737,
,354,461,1274,
,310,462,1276.86842105263,
,302,463,1279.73684210526,
,306,464,1282.60526315789,
,275,465,1285.47368421053,
,259,466,1288.34210526316,
,244,467,1291.21052631579,
,214,468,1294.07894736842,
,197,469,1296.94736842105,
,167,470,1299.81578947368,
,150,471,1302.68421052632,
,139,472,1305.55263157895,
,135,473,1308.42105263158,
,111,474,1311.28947368421,
,100,475,1314.15789473684,
,75,476,1317.02631578947,
,58,477,1319.89473684211,
,59,478,1322.76315789474,
,39,479,1325.63157894737,
,37,480,1328.5,
,35,481,1331.36842105263,
,28,482,1334.23684210526,
,26,483,1337.10526315789,
,18,484,1339.97368421053,
,16,485,1342.84210526316,
,22,486,1345.71052631579,
,21,487,1348.57894736842,
,10,488,1351.44736842105,
,7,489,1354.31578947368,
,8,490,1357.18421052632,
,10,491,1360.05263157895,
,4,492,1362.92105263158,
,5,493,1365.78947368421,
,11,494,1368.65789473684,
,3,495,1371.52631578947,
,5,496,1374.39473684211,
,4,497,1377.26315789474,
,4,498,1380.13157894737,
,7,499,1383,
,5,500,1385.86842105263,
,7,501,1388.73684210526,
,6,502,1391.60526315789,
,3,503,1394.47368421053,
,6,504,1397.34210526316,
,10,505,1400.21052631579,
,9,506,1403.07894736842,
,9,507,1405.94736842105,
,9,508,1408.81578947368,
,9,509,1411.68421052632,
,6,510,1414.55263157895,
,825,511,1417.42105263158,
