E_A#1 / keV,N_A#1,E_A#2 / keV,N_A#2,E_A#3 / keV,N_A#3,E_A#4 / keV,N_A#4,E_A#5 / keV,N_A#5,E_A#6 / keV,N_A#6,E_A#7 / keV,N_A#7,E_A#8 / keV,N_A#8,E_A#9 / keV,N_A#9,E_A#10 / keV,N_A#10,E_A#11 / keV,N_A#11
-56.3,0,-56.3,0,-56.3,0,-56.3,0,-56.3,0,-56.3,0,-56.3,0,-56.3,0,-56.3,0,-56.3,0,-56.3,0
-53.4,0,-53.4,0,-53.4,0,-53.4,0,-53.4,0,-53.4,0,-53.4,0,-53.4,0,-53.4,0,-53.4,0,-53.4,0
-50.6,0,-50.6,0,-50.6,0,-50.6,0,-50.6,1,-50.6,0,-50.6,0,-50.6,0,-50.6,0,-50.6,0,-50.6,0
-47.8,4,-47.8,11,-47.8,62,-47.8,39,-47.8,47,-47.8,69,-47.8,58,-47.8,65,-47.8,69,-47.8,84,-47.8,63
-44.9,30,-44.9,59,-44.9,339,-44.9,314,-44.9,306,-44.9,354,-44.9,320,-44.9,363,-44.9,366,-44.9,363,-44.9,383
-42.1,20,-42.1,59,-42.1,463,-42.1,378,-42.1,366,-42.1,400,-42.1,398,-42.1,440,-42.1,407,-42.1,431,-42.1,379
-39.3,26,-39.3,60,-39.3,482,-39.3,416,-39.3,459,-39.3,414,-39.3,494,-39.3,453,-39.3,477,-39.3,523,-39.3,497
-36.4,25,-36.4,89,-36.4,549,-36.4,445,-36.4,463,-36.4,478,-36.4,453,-36.4,511,-36.4,509,-36.4,493,-36.4,490
-33.6,31,-33.6,81,-33.6,561,-33.6,495,-33.6,448,-33.6,502,-33.6,558,-33.6,504,-33.6,502,-33.6,548,-33.6,487
-30.8,43,-30.8,79,-30.8,678,-30.8,468,-30.8,507,-30.8,494,-30.8,580,-30.8,556,-30.8,607,-30.8,598,-30.8,580
-27.9,36,-27.9,94,-27.9,654,-27.9,455,-27.9,507,-27.9,562,-27.9,531,-27.9,590,-27.9,563,-27.9,572,-27.9,684
-25.1,49,-25.1,96,-25.1,721,-25.1,515,-25.1,584,-25.1,546,-25.1,555,-25.1,622,-25.1,642,-25.1,686,-25.1,676
-22.2,42,-22.2,98,-22.2,834,-22.2,563,-22.2,556,-22.2,552,-22.2,653,-22.2,635,-22.2,725,-22.2,717,-22.2,790
-19.4,45,-19.4,112,-19.4,757,-19.4,560,-19.4,566,-19.4,596,-19.4,676,-19.4,694,-19.4,695,-19.4,724,-19.4,781
-16.6,49,-16.6,106,-16.6,781,-16.6,562,-16.6,573,-16.6,631,-16.6,681,-16.6,682,-16.6,721,-16.6,793,-16.6,803
-13.7,28,-13.7,129,-13.7,776,-13.7,595,-13.7,662,-13.7,703,-13.7,734,-13.7,754,-13.7,793,-13.7,818,-13.7,829
-10.9,46,-10.9,114,-10.9,892,-10.9,626,-10.9,724,-10.9,697,-10.9,760,-10.9,782,-10.9,826,-10.9,881,-10.9,961
-8.1,46,-8.1,115,-8.1,883,-8.1,663,-8.1,666,-8.1,752,-8.1,780,-8.1,795,-8.1,863,-8.1,841,-8.1,879
-5.2,41,-5.2,117,-5.2,831,-5.2,655,-5.2,706,-5.2,756,-5.2,736,-5.2,778,-5.2,742,-5.2,844,-5.2,784
-2.4,55,-2.4,107,-2.4,767,-2.4,686,-2.4,743,-2.4,687,-2.4,775,-2.4,805,-2.4,770,-2.4,791,-2.4,800
0.4,57,0.4,120,0.4,793,0.4,708,0.4,693,0.4,797,0.4,785,0.4,791,0.4,805,0.4,771,0.4,768
3.3,58,3.3,124,3.3,813,3.3,753,3.3,808,3.3,841,3.3,785,3.3,833,3.3,802,3.3,844,3.3,798
6.1,65,6.1,144,6.1,867,6.1,757,6.1,783,6.1,858,6.1,856,6.1,830,6.1,817,6.1,914,6.1,874
9,59,9,154,9,845,9,780,9,759,9,826,9,823,9,861,9,797,9,900,9,915
11.8,67,11.8,135,11.8,899,11.8,788,11.8,816,11.8,864,11.8,892,11.8,873,11.8,876,11.8,869,11.8,891
14.6,81,14.6,138,14.6,939,14.6,844,14.6,849,14.6,840,14.6,894,14.6,902,14.6,945,14.6,958,14.6,905
17.5,67,17.5,141,17.5,955,17.5,846,17.5,877,17.5,895,17.5,910,17.5,926,17.5,965,17.5,1002,17.5,1006
20.3,97,20.3,138,20.3,1112,20.3,859,20.3,951,20.3,963,20.3,1058,20.3,1082,20.3,1108,20.3,1102,20.3,1088
23.1,85,23.1,165,23.1,1318,23.1,946,23.1,1027,23.1,1056,23.1,1165,23.1,1277,23.1,1305,23.1,1309,23.1,1285
26,95,26,178,26,1533,26,1022,26,1049,26,1139,26,1275,26,1353,26,1424,26,1451,26,1484
28.8,101,28.8,167,28.8,1557,28.8,1077,28.8,1091,28.8,1172,28.8,1217,28.8,1393,28.8,1396,28.8,1546,28.8,1484
31.6,97,31.6,173,31.6,1364,31.6,1081,31.6,1143,31.6,1168,31.6,1287,31.6,1276,31.6,1329,31.6,1345,31.6,1343
34.5,119,34.5,198,34.5,1353,34.5,1328,34.5,1266,34.5,1303,34.5,1175,34.5,1256,34.5,1216,34.5,1250,34.5,1274
37.3,171,37.3,271,37.3,1508,37.3,1487,37.3,1527,37.3,1419,37.3,1521,37.3,1449,37.3,1425,37.3,1422,37.3,1416
40.2,168,40.2,295,40.2,1692,40.2,1752,40.2,1684,40.2,1720,40.2,1738,40.2,1565,40.2,1594,40.2,1721,40.2,1666
43,152,43,323,43,1641,43,1855,43,1756,43,1763,43,1672,43,1739,43,1703,43,1713,43,1675
45.8,154,45.8,277,45.8,1528,45.8,1605,45.8,1569,45.8,1601,45.8,1514,45.8,1583,45.8,1499,45.8,1565,45.8,1526
48.7,140,48.7,224,48.7,1304,48.7,1481,48.7,1439,48.7,1421,48.7,1349,48.7,1349,48.7,1363,48.7,1395,48.7,1364
51.5,144,51.5,219,51.5,1284,51.5,1494,51.5,1458,51.5,1376,51.5,1308,51.5,1330,51.5,1283,51.5,1292,51.5,1351
54.3,144,54.3,225,54.3,1305,54.3,1476,54.3,1376,54.3,1319,54.3,1248,54.3,1310,54.3,1271,54.3,1251,54.3,1298
57.2,133,57.2,217,57.2,1177,57.2,1468,57.2,1357,57.2,1308,57.2,1240,57.2,1148,57.2,1202,57.2,1211,57.2,1180
60,141,60,208,60,1141,60,1481,60,1323,60,1272,60,1203,60,1172,60,1113,60,1098,60,1166
62.8,109,62.8,189,62.8,1032,62.8,1412,62.8,1340,62.8,1258,62.8,1115,62.8,1038,62.8,1072,62.8,1052,62.8,1038
65.7,112,65.7,220,65.7,1045,65.7,1357,65.7,1266,65.7,1181,65.7,1106,65.7,1112,65.7,998,65.7,1047,65.7,988
68.5,114,68.5,210,68.5,994,68.5,1375,68.5,1297,68.5,1223,68.5,1100,68.5,1024,68.5,995,68.5,1057,68.5,1006
71.4,111,71.4,221,71.4,1048,71.4,1363,71.4,1313,71.4,1245,71.4,1070,71.4,1026,71.4,1016,71.4,970,71.4,1023
74.2,122,74.2,209,74.2,1056,74.2,1420,74.2,1279,74.2,1288,74.2,1053,74.2,1038,74.2,1035,74.2,1021,74.2,1006
77,110,77,230,77,1055,77,1478,77,1395,77,1306,77,1115,77,1104,77,1061,77,1058,77,1010
79.9,148,79.9,200,79.9,1042,79.9,1496,79.9,1444,79.9,1261,79.9,1208,79.9,1220,79.9,1042,79.9,1055,79.9,1086
82.7,137,82.7,224,82.7,1128,82.7,1517,82.7,1424,82.7,1370,82.7,1248,82.7,1158,82.7,1065,82.7,1105,82.7,1122
85.5,127,85.5,212,85.5,1153,85.5,1487,85.5,1425,85.5,1320,85.5,1247,85.5,1055,85.5,1081,85.5,1103,85.5,1120
88.4,141,88.4,171,88.4,1107,88.4,1604,88.4,1490,88.4,1258,88.4,1211,88.4,1134,88.4,1090,88.4,1117,88.4,1067
91.2,126,91.2,221,91.2,1172,91.2,1534,91.2,1419,91.2,1357,91.2,1149,91.2,1166,91.2,1060,91.2,1038,91.2,1105
94,139,94,189,94,1103,94,1454,94,1432,94,1303,94,1214,94,1124,94,1061,94,1104,94,1065
96.9,102,96.9,190,96.9,1134,96.9,1493,96.9,1395,96.9,1350,96.9,1161,96.9,1173,96.9,1099,96.9,1053,96.9,1094
99.7,133,99.7,212,99.7,1072,99.7,1373,99.7,1403,99.7,1285,99.7,1093,99.7,1096,99.7,1144,99.7,1129,99.7,1051
102.6,112,102.6,215,102.6,1082,102.6,1445,102.6,1354,102.6,1337,102.6,1154,102.6,1080,102.6,1127,102.6,1102,102.6,1129
105.4,115,105.4,182,105.4,1067,105.4,1480,105.4,1381,105.4,1362,105.4,1184,105.4,1163,105.4,1124,105.4,1088,105.4,1099
108.2,116,108.2,188,108.2,1120,108.2,1351,108.2,1365,108.2,1283,108.2,1129,108.2,1134,108.2,1026,108.2,1114,108.2,1052
111.1,105,111.1,188,111.1,1147,111.1,1395,111.1,1313,111.1,1277,111.1,1220,111.1,1113,111.1,1087,111.1,1124,111.1,1099
113.9,98,113.9,172,113.9,1076,113.9,1277,113.9,1293,113.9,1263,113.9,1149,113.9,1147,113.9,1071,113.9,1121,113.9,1106
116.7,90,116.7,182,116.7,1104,116.7,1358,116.7,1294,116.7,1183,116.7,1148,116.7,1140,116.7,1107,116.7,1058,116.7,1018
119.6,113,119.6,199,119.6,1071,119.6,1284,119.6,1256,119.6,1247,119.6,1138,119.6,1066,119.6,1121,119.6,1065,119.6,1067
122.4,99,122.4,182,122.4,1050,122.4,1284,122.4,1286,122.4,1232,122.4,1239,122.4,1105,122.4,1108,122.4,1048,122.4,1085
125.2,89,125.2,205,125.2,1069,125.2,1295,125.2,1262,125.2,1230,125.2,1162,125.2,1049,125.2,1061,125.2,1017,125.2,1113
128.1,86,128.1,160,128.1,1080,128.1,1221,128.1,1234,128.1,1188,128.1,1158,128.1,1096,128.1,1046,128.1,1080,128.1,1060
130.9,101,130.9,174,130.9,1085,130.9,1293,130.9,1336,130.9,1216,130.9,1153,130.9,1158,130.9,1051,130.9,1113,130.9,1138
133.8,89,133.8,198,133.8,1150,133.8,1329,133.8,1309,133.8,1199,133.8,1231,133.8,1111,133.8,1114,133.8,1250,133.8,1144
136.6,76,136.6,199,136.6,1186,136.6,1246,136.6,1311,136.6,1262,136.6,1225,136.6,1205,136.6,1133,136.6,1176,136.6,1089
139.4,77,139.4,205,139.4,1179,139.4,1294,139.4,1252,139.4,1229,139.4,1249,139.4,1169,139.4,1192,139.4,1159,139.4,1218
142.3,94,142.3,240,142.3,1200,142.3,1307,142.3,1317,142.3,1323,142.3,1248,142.3,1255,142.3,1190,142.3,1250,142.3,1204
145.1,84,145.1,223,145.1,1172,145.1,1386,145.1,1353,145.1,1342,145.1,1327,145.1,1307,145.1,1284,145.1,1220,145.1,1283
147.9,73,147.9,231,147.9,1352,147.9,1394,147.9,1431,147.9,1478,147.9,1357,147.9,1435,147.9,1351,147.9,1263,147.9,1337
150.8,111,150.8,237,150.8,1484,150.8,1462,150.8,1411,150.8,1413,150.8,1462,150.8,1454,150.8,1424,150.8,1417,150.8,1374
153.6,87,153.6,224,153.6,1521,153.6,1397,153.6,1517,153.6,1478,153.6,1490,153.6,1512,153.6,1532,153.6,1468,153.6,1503
156.4,103,156.4,239,156.4,1705,156.4,1463,156.4,1609,156.4,1583,156.4,1670,156.4,1628,156.4,1630,156.4,1645,156.4,1642
159.3,91,159.3,223,159.3,1733,159.3,1469,159.3,1582,159.3,1710,159.3,1719,159.3,1675,159.3,1730,159.3,1644,159.3,1797
162.1,81,162.1,219,162.1,1836,162.1,1590,162.1,1666,162.1,1671,162.1,1837,162.1,1742,162.1,1755,162.1,1746,162.1,1813
165,79,165,216,165,1831,165,1448,165,1569,165,1686,165,1782,165,1841,165,1880,165,1818,165,1874
167.8,96,167.8,212,167.8,1946,167.8,1453,167.8,1528,167.8,1672,167.8,1782,167.8,1755,167.8,1826,167.8,1849,167.8,1830
170.6,74,170.6,211,170.6,1735,170.6,1439,170.6,1589,170.6,1634,170.6,1839,170.6,1761,170.6,1869,170.6,1864,170.6,1843
173.5,78,173.5,195,173.5,1815,173.5,1399,173.5,1492,173.5,1579,173.5,1698,173.5,1704,173.5,1784,173.5,1752,173.5,1779
176.3,82,176.3,214,176.3,1670,176.3,1349,176.3,1402,176.3,1496,176.3,1630,176.3,1582,176.3,1683,176.3,1775,176.3,1761
179.1,97,179.1,206,179.1,1581,179.1,1355,179.1,1389,179.1,1414,179.1,1530,179.1,1623,179.1,1557,179.1,1629,179.1,1635
182,109,182,177,182,1616,182,1225,182,1373,182,1400,182,1448,182,1525,182,1589,182,1586,182,1581
184.8,92,184.8,181,184.8,1497,184.8,1177,184.8,1261,184.8,1289,184.8,1416,184.8,1521,184.8,1477,184.8,1469,184.8,1490
187.6,91,187.6,184,187.6,1449,187.6,1201,187.6,1252,187.6,1302,187.6,1425,187.6,1414,187.6,1520,187.6,1423,187.6,1465
190.5,83,190.5,174,190.5,1386,190.5,1147,190.5,1236,190.5,1329,190.5,1316,190.5,1343,190.5,1447,190.5,1373,190.5,1474
193.3,94,193.3,178,193.3,1393,193.3,1104,193.3,1241,193.3,1232,193.3,1317,193.3,1331,193.3,1373,193.3,1404,193.3,1405
196.2,104,196.2,210,196.2,1343,196.2,1076,196.2,1166,196.2,1206,196.2,1302,196.2,1330,196.2,1246,196.2,1333,196.2,1396
199,86,199,169,199,1333,199,1064,199,1123,199,1256,199,1279,199,1258,199,1293,199,1285,199,1314
201.8,102,201.8,176,201.8,1341,201.8,1039,201.8,1101,201.8,1128,201.8,1262,201.8,1292,201.8,1274,201.8,1242,201.8,1258
204.7,76,204.7,172,204.7,1251,204.7,1021,204.7,1036,204.7,1202,204.7,1210,204.7,1229,204.7,1244,204.7,1264,204.7,1240
207.5,83,207.5,179,207.5,1183,207.5,1014,207.5,1043,207.5,1059,207.5,1180,207.5,1219,207.5,1165,207.5,1182,207.5,1242
210.3,97,210.3,155,210.3,1221,210.3,974,210.3,984,210.3,1050,210.3,1111,210.3,1162,210.3,1161,210.3,1153,210.3,1235
213.2,77,213.2,170,213.2,1151,213.2,938,213.2,992,213.2,1056,213.2,1108,213.2,1178,213.2,1151,213.2,1175,213.2,1209
216,92,216,173,216,1206,216,995,216,1041,216,1042,216,1116,216,1080,216,1138,216,1176,216,1201
218.8,96,218.8,167,218.8,1167,218.8,941,218.8,1015,218.8,1014,218.8,1135,218.8,1084,218.8,1165,218.8,1168,218.8,1198
221.7,77,221.7,145,221.7,1129,221.7,979,221.7,938,221.7,1071,221.7,1059,221.7,1165,221.7,1115,221.7,1166,221.7,1160
224.5,67,224.5,150,224.5,1082,224.5,882,224.5,884,224.5,1000,224.5,1052,224.5,1099,224.5,1082,224.5,1076,224.5,1079
227.4,68,227.4,156,227.4,1085,227.4,913,227.4,938,227.4,923,227.4,955,227.4,1064,227.4,1085,227.4,1069,227.4,1058
230.2,79,230.2,130,230.2,1005,230.2,901,230.2,917,230.2,984,230.2,949,230.2,1052,230.2,1039,230.2,1042,230.2,1061
233,63,233,152,233,1037,233,913,233,985,233,981,233,988,233,1014,233,1008,233,1026,233,1029
235.9,69,235.9,140,235.9,1015,235.9,820,235.9,865,235.9,922,235.9,1005,235.9,985,235.9,1057,235.9,1002,235.9,1045
238.7,69,238.7,139,238.7,1142,238.7,853,238.7,902,238.7,955,238.7,955,238.7,974,238.7,1061,238.7,969,238.7,987
241.5,72,241.5,150,241.5,1039,241.5,881,241.5,868,241.5,945,241.5,959,241.5,1036,241.5,984,241.5,1022,241.5,996
244.4,63,244.4,117,244.4,1063,244.4,831,244.4,850,244.4,901,244.4,947,244.4,985,244.4,930,244.4,1025,244.4,1038
247.2,64,247.2,148,247.2,992,247.2,860,247.2,895,247.2,904,247.2,1006,247.2,967,247.2,949,247.2,990,247.2,1024
250,66,250,152,250,965,250,821,250,817,250,857,250,915,250,914,250,941,250,922,250,958
252.9,49,252.9,151,252.9,962,252.9,813,252.9,808,252.9,897,252.9,917,252.9,951,252.9,951,252.9,914,252.9,991
255.7,49,255.7,144,255.7,956,255.7,788,255.7,817,255.7,869,255.7,989,255.7,956,255.7,973,255.7,966,255.7,1019
258.6,62,258.6,131,258.6,957,258.6,830,258.6,821,258.6,845,258.6,927,258.6,1006,258.6,993,258.6,953,258.6,962
261.4,57,261.4,151,261.4,924,261.4,828,261.4,821,261.4,884,261.4,930,261.4,982,261.4,925,261.4,949,261.4,1002
264.2,54,264.2,131,264.2,937,264.2,811,264.2,808,264.2,824,264.2,943,264.2,950,264.2,924,264.2,933,264.2,897
267.1,69,267.1,130,267.1,910,267.1,763,267.1,791,267.1,858,267.1,900,267.1,864,267.1,948,267.1,913,267.1,919
269.9,62,269.9,145,269.9,930,269.9,833,269.9,835,269.9,833,269.9,915,269.9,899,269.9,916,269.9,904,269.9,936
272.7,57,272.7,144,272.7,835,272.7,824,272.7,801,272.7,882,272.7,830,272.7,871,272.7,889,272.7,957,272.7,854
275.6,58,275.6,127,275.6,898,275.6,735,275.6,841,275.6,764,275.6,823,275.6,898,275.6,869,275.6,893,275.6,840
278.4,60,278.4,146,278.4,886,278.4,842,278.4,815,278.4,825,278.4,885,278.4,938,278.4,930,278.4,887,278.4,871
281.2,51,281.2,141,281.2,908,281.2,801,281.2,819,281.2,857,281.2,866,281.2,907,281.2,885,281.2,877,281.2,849
284.1,46,284.1,135,284.1,887,284.1,762,284.1,836,284.1,908,284.1,884,284.1,963,284.1,896,284.1,902,284.1,910
286.9,59,286.9,101,286.9,871,286.9,722,286.9,834,286.9,856,286.9,931,286.9,858,286.9,876,286.9,939,286.9,928
289.8,49,289.8,132,289.8,893,289.8,775,289.8,778,289.8,842,289.8,916,289.8,854,289.8,901,289.8,914,289.8,822
292.6,53,292.6,111,292.6,838,292.6,826,292.6,812,292.6,797,292.6,915,292.6,868,292.6,859,292.6,876,292.6,896
295.4,44,295.4,109,295.4,866,295.4,777,295.4,777,295.4,851,295.4,786,295.4,829,295.4,865,295.4,847,295.4,866
298.3,46,298.3,117,298.3,911,298.3,771,298.3,802,298.3,833,298.3,818,298.3,844,298.3,857,298.3,856,298.3,903
301.1,44,301.1,126,301.1,889,301.1,795,301.1,793,301.1,838,301.1,913,301.1,851,301.1,846,301.1,904,301.1,880
303.9,48,303.9,111,303.9,868,303.9,835,303.9,788,303.9,806,303.9,919,303.9,866,303.9,863,303.9,863,303.9,844
306.8,32,306.8,89,306.8,821,306.8,726,306.8,721,306.8,800,306.8,828,306.8,814,306.8,779,306.8,802,306.8,815
309.6,47,309.6,85,309.6,826,309.6,720,309.6,743,309.6,791,309.6,780,309.6,771,309.6,848,309.6,803,309.6,776
312.4,48,312.4,89,312.4,791,312.4,719,312.4,714,312.4,786,312.4,849,312.4,805,312.4,813,312.4,810,312.4,832
315.3,51,315.3,98,315.3,779,315.3,799,315.3,805,315.3,785,315.3,824,315.3,848,315.3,884,315.3,874,315.3,869
318.1,35,318.1,91,318.1,847,318.1,730,318.1,771,318.1,836,318.1,869,318.1,800,318.1,860,318.1,813,318.1,843
321,45,321,93,321,819,321,778,321,771,321,798,321,790,321,847,321,784,321,904,321,844
323.8,39,323.8,70,323.8,816,323.8,797,323.8,766,323.8,798,323.8,845,323.8,843,323.8,855,323.8,865,323.8,832
326.6,49,326.6,58,326.6,818,326.6,757,326.6,811,326.6,795,326.6,850,326.6,830,326.6,833,326.6,835,326.6,824
329.5,45,329.5,74,329.5,793,329.5,779,329.5,826,329.5,836,329.5,850,329.5,823,329.5,840,329.5,831,329.5,863
332.3,38,332.3,74,332.3,819,332.3,760,332.3,787,332.3,851,332.3,842,332.3,896,332.3,879,332.3,832,332.3,847
335.1,48,335.1,68,335.1,829,335.1,782,335.1,808,335.1,840,335.1,875,335.1,854,335.1,856,335.1,812,335.1,834
338,42,338,76,338,833,338,742,338,780,338,825,338,856,338,881,338,805,338,841,338,853
340.8,52,340.8,54,340.8,822,340.8,757,340.8,777,340.8,811,340.8,816,340.8,837,340.8,822,340.8,838,340.8,799
343.7,39,343.7,49,343.7,813,343.7,717,343.7,763,343.7,835,343.7,858,343.7,833,343.7,811,343.7,802,343.7,831
346.5,34,346.5,67,346.5,821,346.5,752,346.5,769,346.5,791,346.5,821,346.5,856,346.5,824,346.5,801,346.5,836
349.3,46,349.3,46,349.3,849,349.3,712,349.3,815,349.3,832,349.3,823,349.3,875,349.3,830,349.3,811,349.3,851
352.2,37,352.2,58,352.2,812,352.2,759,352.2,802,352.2,786,352.2,857,352.2,857,352.2,873,352.2,847,352.2,861
355,42,355,56,355,807,355,698,355,738,355,778,355,824,355,831,355,845,355,850,355,849
357.8,41,357.8,66,357.8,792,357.8,737,357.8,756,357.8,818,357.8,798,357.8,835,357.8,808,357.8,856,357.8,884
360.7,39,360.7,48,360.7,875,360.7,733,360.7,810,360.7,833,360.7,813,360.7,826,360.7,835,360.7,759,360.7,804
363.5,28,363.5,45,363.5,818,363.5,747,363.5,789,363.5,767,363.5,877,363.5,851,363.5,796,363.5,827,363.5,822
366.3,43,366.3,45,366.3,811,366.3,720,366.3,730,366.3,765,366.3,816,366.3,829,366.3,846,366.3,827,366.3,863
369.2,39,369.2,52,369.2,873,369.2,770,369.2,770,369.2,841,369.2,864,369.2,882,369.2,811,369.2,851,369.2,854
372,32,372,49,372,799,372,729,372,753,372,740,372,864,372,834,372,903,372,810,372,848
374.9,32,374.9,47,374.9,887,374.9,802,374.9,780,374.9,846,374.9,834,374.9,789,374.9,826,374.9,809,374.9,882
377.7,39,377.7,33,377.7,877,377.7,758,377.7,792,377.7,819,377.7,836,377.7,822,377.7,822,377.7,845,377.7,881
380.5,37,380.5,51,380.5,827,380.5,760,380.5,787,380.5,842,380.5,835,380.5,861,380.5,840,380.5,844,380.5,865
383.4,33,383.4,41,383.4,833,383.4,748,383.4,779,383.4,827,383.4,788,383.4,866,383.4,868,383.4,783,383.4,844
386.2,41,386.2,58,386.2,820,386.2,749,386.2,793,386.2,801,386.2,852,386.2,873,386.2,820,386.2,849,386.2,871
389,31,389,30,389,893,389,782,389,773,389,795,389,789,389,854,389,820,389,835,389,858
391.9,40,391.9,40,391.9,888,391.9,712,391.9,783,391.9,837,391.9,853,391.9,874,391.9,839,391.9,882,391.9,845
394.7,37,394.7,39,394.7,831,394.7,733,394.7,797,394.7,804,394.7,830,394.7,862,394.7,890,394.7,901,394.7,853
397.5,41,397.5,50,397.5,856,397.5,779,397.5,837,397.5,806,397.5,866,397.5,846,397.5,835,397.5,867,397.5,866
400.4,30,400.4,43,400.4,914,400.4,742,400.4,771,400.4,822,400.4,873,400.4,905,400.4,841,400.4,874,400.4,853
403.2,38,403.2,38,403.2,878,403.2,690,403.2,767,403.2,803,403.2,820,403.2,799,403.2,830,403.2,854,403.2,933
406.1,31,406.1,39,406.1,897,406.1,685,406.1,753,406.1,783,406.1,785,406.1,864,406.1,907,406.1,866,406.1,886
408.9,25,408.9,32,408.9,842,408.9,688,408.9,750,408.9,870,408.9,888,408.9,793,408.9,768,408.9,835,408.9,816
411.7,19,411.7,35,411.7,902,411.7,763,411.7,760,411.7,814,411.7,894,411.7,807,411.7,901,411.7,861,411.7,817
414.6,29,414.6,42,414.6,888,414.6,715,414.6,771,414.6,801,414.6,859,414.6,880,414.6,913,414.6,825,414.6,833
417.4,41,417.4,33,417.4,888,417.4,756,417.4,802,417.4,825,417.4,857,417.4,849,417.4,860,417.4,797,417.4,939
420.2,32,420.2,39,420.2,885,420.2,686,420.2,780,420.2,795,420.2,825,420.2,910,420.2,753,420.2,842,420.2,867
423.1,28,423.1,37,423.1,809,423.1,686,423.1,721,423.1,774,423.1,875,423.1,862,423.1,875,423.1,903,423.1,887
425.9,26,425.9,36,425.9,871,425.9,748,425.9,798,425.9,820,425.9,829,425.9,911,425.9,860,425.9,826,425.9,865
428.7,41,428.7,35,428.7,885,428.7,752,428.7,765,428.7,773,428.7,827,428.7,844,428.7,874,428.7,852,428.7,832
431.6,29,431.6,34,431.6,884,431.6,670,431.6,721,431.6,784,431.6,851,431.6,834,431.6,882,431.6,878,431.6,860
434.4,24,434.4,28,434.4,851,434.4,673,434.4,715,434.4,784,434.4,815,434.4,823,434.4,869,434.4,846,434.4,839
437.3,26,437.3,37,437.3,828,437.3,698,437.3,704,437.3,736,437.3,818,437.3,788,437.3,872,437.3,796,437.3,811
440.1,34,440.1,41,440.1,807,440.1,701,440.1,699,440.1,725,440.1,778,440.1,831,440.1,843,440.1,818,440.1,799
442.9,41,442.9,31,442.9,849,442.9,662,442.9,722,442.9,775,442.9,854,442.9,782,442.9,809,442.9,821,442.9,754
445.8,29,445.8,36,445.8,804,445.8,619,445.8,665,445.8,725,445.8,785,445.8,759,445.8,756,445.8,739,445.8,778
448.6,23,448.6,34,448.6,746,448.6,637,448.6,649,448.6,690,448.6,718,448.6,724,448.6,764,448.6,784,448.6,773
451.4,34,451.4,37,451.4,657,451.4,608,451.4,632,451.4,675,451.4,660,451.4,721,451.4,682,451.4,702,451.4,714
454.3,27,454.3,39,454.3,631,454.3,619,454.3,592,454.3,637,454.3,683,454.3,610,454.3,635,454.3,694,454.3,740
457.1,30,457.1,45,457.1,606,457.1,545,457.1,575,457.1,623,457.1,636,457.1,692,457.1,634,457.1,657,457.1,665
459.9,31,459.9,52,459.9,632,459.9,559,459.9,566,459.9,576,459.9,654,459.9,614,459.9,618,459.9,595,459.9,607
462.8,35,462.8,67,462.8,520,462.8,517,462.8,576,462.8,561,462.8,583,462.8,545,462.8,617,462.8,605,462.8,608
465.6,28,465.6,73,465.6,484,465.6,505,465.6,556,465.6,539,465.6,533,465.6,544,465.6,581,465.6,557,465.6,578
468.5,23,468.5,89,468.5,461,468.5,467,468.5,490,468.5,543,468.5,517,468.5,488,468.5,514,468.5,494,468.5,534
471.3,26,471.3,123,471.3,457,471.3,436,471.3,496,471.3,500,471.3,494,471.3,504,471.3,466,471.3,463,471.3,458
474.1,28,474.1,136,474.1,413,474.1,461,474.1,464,474.1,519,474.1,430,474.1,434,474.1,431,474.1,434,474.1,418
477,26,477,151,477,352,477,443,477,469,477,395,477,447,477,433,477,405,477,419,477,422
479.8,33,479.8,212,479.8,359,479.8,432,479.8,422,479.8,442,479.8,412,479.8,393,479.8,408,479.8,396,479.8,370
482.6,12,482.6,237,482.6,356,482.6,373,482.6,458,482.6,409,482.6,411,482.6,393,482.6,351,482.6,353,482.6,384
485.5,18,485.5,269,485.5,325,485.5,415,485.5,432,485.5,434,485.5,406,485.5,349,485.5,362,485.5,332,485.5,354
488.3,26,488.3,328,488.3,317,488.3,399,488.3,373,488.3,414,488.3,350,488.3,332,488.3,310,488.3,307,488.3,352
491.1,32,491.1,388,491.1,274,491.1,381,491.1,388,491.1,382,491.1,338,491.1,307,491.1,313,491.1,325,491.1,311
494,38,494,502,494,327,494,395,494,412,494,367,494,356,494,358,494,327,494,280,494,307
496.8,38,496.8,542,496.8,262,496.8,450,496.8,383,496.8,399,496.8,351,496.8,339,496.8,324,496.8,299,496.8,328
499.7,24,499.7,555,499.7,317,499.7,412,499.7,398,499.7,383,499.7,331,499.7,299,499.7,338,499.7,291,499.7,301
502.5,30,502.5,502,502.5,255,502.5,369,502.5,400,502.5,342,502.5,322,502.5,301,502.5,316,502.5,285,502.5,277
505.3,35,505.3,543,505.3,252,505.3,373,505.3,348,505.3,363,505.3,346,505.3,314,505.3,286,505.3,295,505.3,276
508.2,32,508.2,567,508.2,242,508.2,381,508.2,396,508.2,391,508.2,320,508.2,278,508.2,296,508.2,269,508.2,263
511,26,511,574,511,274,511,391,511,388,511,396,511,322,511,285,511,274,511,270,511,275
513.8,32,513.8,554,513.8,246,513.8,382,513.8,361,513.8,340,513.8,301,513.8,254,513.8,270,513.8,257,513.8,242
516.7,26,516.7,525,516.7,245,516.7,376,516.7,362,516.7,322,516.7,292,516.7,278,516.7,258,516.7,239,516.7,239
519.5,26,519.5,440,519.5,216,519.5,327,519.5,360,519.5,327,519.5,269,519.5,277,519.5,265,519.5,248,519.5,246
522.3,24,522.3,396,522.3,204,522.3,330,522.3,334,522.3,316,522.3,275,522.3,267,522.3,213,522.3,228,522.3,227
525.2,28,525.2,368,525.2,189,525.2,344,525.2,368,525.2,315,525.2,259,525.2,227,525.2,224,525.2,230,525.2,215
528,29,528,298,528,213,528,325,528,318,528,312,528,262,528,249,528,206,528,215,528,193
530.9,32,530.9,229,530.9,188,530.9,330,530.9,282,530.9,308,530.9,257,530.9,204,530.9,218,530.9,204,530.9,215
533.7,21,533.7,197,533.7,183,533.7,294,533.7,296,533.7,318,533.7,277,533.7,225,533.7,213,533.7,180,533.7,183
536.5,32,536.5,133,536.5,175,536.5,306,536.5,297,536.5,312,536.5,261,536.5,217,536.5,200,536.5,200,536.5,179
539.4,28,539.4,118,539.4,163,539.4,305,539.4,334,539.4,270,539.4,233,539.4,205,539.4,190,539.4,180,539.4,153
542.2,35,542.2,93,542.2,147,542.2,275,542.2,312,542.2,277,542.2,224,542.2,200,542.2,178,542.2,174,542.2,169
545,25,545,65,545,148,545,276,545,295,545,249,545,201,545,158,545,185,545,165,545,165
547.9,20,547.9,64,547.9,132,547.9,294,547.9,281,547.9,232,547.9,208,547.9,173,547.9,171,547.9,156,547.9,151
550.7,18,550.7,30,550.7,138,550.7,298,550.7,286,550.7,275,550.7,204,550.7,170,550.7,164,550.7,131,550.7,132
553.5,25,553.5,39,553.5,114,553.5,277,553.5,287,553.5,250,553.5,203,553.5,189,553.5,142,553.5,144,553.5,137
556.4,12,556.4,25,556.4,108,556.4,285,556.4,275,556.4,257,556.4,223,556.4,162,556.4,149,556.4,160,556.4,120
559.2,26,559.2,21,559.2,138,559.2,298,559.2,268,559.2,245,559.2,222,559.2,155,559.2,142,559.2,130,559.2,143
562.1,18,562.1,29,562.1,115,562.1,272,562.1,265,562.1,225,562.1,185,562.1,185,562.1,140,562.1,135,562.1,121
564.9,24,564.9,16,564.9,108,564.9,262,564.9,243,564.9,250,564.9,195,564.9,154,564.9,139,564.9,115,564.9,108
567.7,19,567.7,19,567.7,119,567.7,298,567.7,259,567.7,247,567.7,186,567.7,150,567.7,143,567.7,109,567.7,117
570.6,23,570.6,18,570.6,140,570.6,283,570.6,228,570.6,225,570.6,208,570.6,151,570.6,143,570.6,134,570.6,126
573.4,31,573.4,20,573.4,123,573.4,260,573.4,276,573.4,255,573.4,201,573.4,155,573.4,146,573.4,130,573.4,107
576.2,37,576.2,17,576.2,113,576.2,280,576.2,273,576.2,216,576.2,205,576.2,169,576.2,138,576.2,138,576.2,122
579.1,18,579.1,14,579.1,122,579.1,277,579.1,247,579.1,242,579.1,177,579.1,171,579.1,120,579.1,117,579.1,106
581.9,24,581.9,20,581.9,107,581.9,246,581.9,234,581.9,212,581.9,191,581.9,159,581.9,125,581.9,119,581.9,104
584.7,26,584.7,16,584.7,113,584.7,291,584.7,250,584.7,239,584.7,190,584.7,148,584.7,111,584.7,100,584.7,109
587.6,35,587.6,18,587.6,101,587.6,278,587.6,258,587.6,197,587.6,185,587.6,144,587.6,125,587.6,125,587.6,105
590.4,16,590.4,18,590.4,115,590.4,235,590.4,232,590.4,209,590.4,171,590.4,144,590.4,116,590.4,119,590.4,101
593.3,37,593.3,23,593.3,110,593.3,232,593.3,231,593.3,224,593.3,194,593.3,162,593.3,130,593.3,107,593.3,86
596.1,21,596.1,19,596.1,88,596.1,238,596.1,228,596.1,233,596.1,178,596.1,139,596.1,109,596.1,106,596.1,113
598.9,19,598.9,14,598.9,111,598.9,264,598.9,244,598.9,217,598.9,187,598.9,148,598.9,139,598.9,115,598.9,103
601.8,18,601.8,16,601.8,113,601.8,269,601.8,255,601.8,211,601.8,174,601.8,156,601.8,126,601.8,122,601.8,110
604.6,26,604.6,16,604.6,121,604.6,282,604.6,242,604.6,262,604.6,188,604.6,156,604.6,140,604.6,124,604.6,149
607.4,33,607.4,23,607.4,169,607.4,276,607.4,249,607.4,219,607.4,196,607.4,180,607.4,151,607.4,134,607.4,132
610.3,28,610.3,10,610.3,177,610.3,290,610.3,253,610.3,233,610.3,228,610.3,231,610.3,199,610.3,152,610.3,146
613.1,24,613.1,18,613.1,244,613.1,287,613.1,337,613.1,310,613.1,220,613.1,232,613.1,221,613.1,191,613.1,170
615.9,29,615.9,21,615.9,291,615.9,340,615.9,371,615.9,354,615.9,309,615.9,243,615.9,248,615.9,234,615.9,230
618.8,26,618.8,20,618.8,387,618.8,422,618.8,391,618.8,363,618.8,375,618.8,338,618.8,294,618.8,333,618.8,281
621.6,29,621.6,18,621.6,448,621.6,450,621.6,465,621.6,459,621.6,453,621.6,411,621.6,357,621.6,358,621.6,325
624.5,30,624.5,14,624.5,667,624.5,508,624.5,536,624.5,532,624.5,545,624.5,513,624.5,486,624.5,483,624.5,434
627.3,28,627.3,19,627.3,860,627.3,610,627.3,633,627.3,658,627.3,669,627.3,693,627.3,597,627.3,615,627.3,542
630.1,30,630.1,23,630.1,998,630.1,673,630.1,757,630.1,794,630.1,866,630.1,852,630.1,750,630.1,783,630.1,653
633,24,633,29,633,1255,633,758,633,849,633,936,633,998,633,1060,633,948,633,953,633,905
635.8,35,635.8,27,635.8,1587,635.8,853,635.8,963,635.8,1119,635.8,1182,635.8,1242,635.8,1192,635.8,1191,635.8,1139
638.6,37,638.6,17,638.6,1825,638.6,1056,638.6,1240,638.6,1269,638.6,1476,638.6,1505,638.6,1511,638.6,1435,638.6,1406
641.5,33,641.5,27,641.5,2170,641.5,1194,641.5,1340,641.5,1579,641.5,1710,641.5,1750,641.5,1751,641.5,1713,641.5,1688
644.3,40,644.3,26,644.3,2691,644.3,1423,644.3,1519,644.3,1852,644.3,1981,644.3,2066,644.3,2149,644.3,2057,644.3,2060
647.1,37,647.1,29,647.1,2902,647.1,1615,647.1,1805,647.1,1979,647.1,2345,647.1,2474,647.1,2445,647.1,2407,647.1,2437
650,40,650,32,650,3220,650,1736,650,2066,650,2260,650,2562,650,2878,650,2841,650,2783,650,2650
652.8,31,652.8,27,652.8,3707,652.8,1860,652.8,2145,652.8,2498,652.8,2948,652.8,3064,652.8,3060,652.8,3181,652.8,3074
655.7,40,655.7,35,655.7,3968,655.7,1997,655.7,2369,655.7,2777,655.7,3159,655.7,3443,655.7,3495,655.7,3491,655.7,3494
658.5,40,658.5,29,658.5,4166,658.5,2044,658.5,2496,658.5,2814,658.5,3396,658.5,3672,658.5,3752,658.5,3737,658.5,3795
661.3,44,661.3,40,661.3,4377,661.3,2031,661.3,2469,661.3,3020,661.3,3548,661.3,3814,661.3,3933,661.3,3951,661.3,4038
664.2,38,664.2,42,664.2,4501,664.2,2095,664.2,2553,664.2,3005,664.2,3530,664.2,4025,664.2,4136,664.2,4155,664.2,4128
667,34,667,46,667,4360,667,2142,667,2531,667,3040,667,3667,667,3998,667,4261,667,4333,667,4433
669.8,45,669.8,24,669.8,4187,669.8,1986,669.8,2390,669.8,2803,669.8,3409,669.8,3913,669.8,3996,669.8,4202,669.8,4203
672.7,38,672.7,31,672.7,3970,672.7,1786,672.7,2205,672.7,2754,672.7,3284,672.7,3570,672.7,3870,672.7,3987,672.7,4099
675.5,44,675.5,34,675.5,3863,675.5,1759,675.5,2193,675.5,2725,675.5,3292,675.5,3710,675.5,4024,675.5,4114,675.5,4164
678.3,38,678.3,32,678.3,3745,678.3,1670,678.3,2094,678.3,2518,678.3,3279,678.3,3554,678.3,3799,678.3,3970,678.3,3962
681.2,35,681.2,23,681.2,3347,681.2,1538,681.2,1902,681.2,2386,681.2,2903,681.2,3287,681.2,3665,681.2,3664,681.2,3804
684,40,684,23,684,2885,684,1302,684,1685,684,2076,684,2643,684,2968,684,3165,684,3307,684,3317
686.9,34,686.9,24,686.9,2553,686.9,1162,686.9,1434,686.9,1906,686.9,2293,686.9,2603,686.9,2918,686.9,3003,686.9,2985
689.7,25,689.7,22,689.7,2189,689.7,992,689.7,1246,689.7,1614,689.7,2040,689.7,2318,689.7,2609,689.7,2603,689.7,2748
692.5,27,692.5,17,692.5,1794,692.5,812,692.5,997,692.5,1392,692.5,1645,692.5,1954,692.5,2154,692.5,2296,692.5,2355
695.4,27,695.4,19,695.4,1446,695.4,739,695.4,879,695.4,1144,695.4,1418,695.4,1632,695.4,1819,695.4,1931,695.4,1984
698.2,18,698.2,18,698.2,1203,698.2,519,698.2,674,698.2,880,698.2,1154,698.2,1326,698.2,1488,698.2,1502,698.2,1646
701,22,701,16,701,931,701,402,701,557,701,739,701,889,701,1007,701,1185,701,1297,701,1330
703.9,16,703.9,17,703.9,763,703.9,303,703.9,393,703.9,526,703.9,686,703.9,795,703.9,920,703.9,1008,703.9,1051
706.7,18,706.7,13,706.7,551,706.7,257,706.7,292,706.7,355,706.7,569,706.7,593,706.7,739,706.7,743,706.7,831
709.6,21,709.6,10,709.6,367,709.6,177,709.6,234,709.6,313,709.6,375,709.6,458,709.6,567,709.6,572,709.6,649
712.4,17,712.4,16,712.4,298,712.4,142,712.4,160,712.4,213,712.4,293,712.4,335,712.4,393,712.4,433,712.4,473
715.2,25,715.2,17,715.2,210,715.2,87,715.2,105,715.2,159,715.2,212,715.2,249,715.2,296,715.2,306,715.2,320
718.1,15,718.1,15,718.1,130,718.1,57,718.1,59,718.1,111,718.1,153,718.1,156,718.1,207,718.1,232,718.1,271
720.9,18,720.9,20,720.9,94,720.9,35,720.9,46,720.9,76,720.9,106,720.9,123,720.9,139,720.9,152,720.9,174
723.7,20,723.7,13,723.7,79,723.7,32,723.7,34,723.7,54,723.7,70,723.7,77,723.7,85,723.7,121,723.7,106
726.6,23,726.6,16,726.6,47,726.6,28,726.6,32,726.6,35,726.6,48,726.6,52,726.6,54,726.6,71,726.6,77
729.4,16,729.4,10,729.4,31,729.4,18,729.4,22,729.4,21,729.4,27,729.4,35,729.4,31,729.4,61,729.4,44
732.2,17,732.2,13,732.2,17,732.2,22,732.2,18,732.2,24,732.2,26,732.2,33,732.2,33,732.2,37,732.2,42
735.1,21,735.1,14,735.1,18,735.1,15,735.1,15,735.1,12,735.1,13,735.1,23,735.1,30,735.1,23,735.1,30
737.9,15,737.9,11,737.9,16,737.9,11,737.9,17,737.9,8,737.9,20,737.9,23,737.9,18,737.9,21,737.9,23
740.8,19,740.8,14,740.8,13,740.8,14,740.8,13,740.8,7,740.8,8,740.8,12,740.8,15,740.8,15,740.8,17
743.6,25,743.6,13,743.6,9,743.6,9,743.6,9,743.6,9,743.6,7,743.6,15,743.6,9,743.6,10,743.6,21
746.4,21,746.4,19,746.4,18,746.4,6,746.4,8,746.4,5,746.4,8,746.4,7,746.4,12,746.4,7,746.4,18
749.3,16,749.3,15,749.3,15,749.3,3,749.3,6,749.3,6,749.3,5,749.3,9,749.3,8,749.3,11,749.3,8
752.1,21,752.1,11,752.1,9,752.1,9,752.1,8,752.1,6,752.1,7,752.1,8,752.1,10,752.1,14,752.1,6
754.9,19,754.9,16,754.9,8,754.9,4,754.9,5,754.9,9,754.9,13,754.9,7,754.9,11,754.9,10,754.9,10
757.8,21,757.8,11,757.8,6,757.8,8,757.8,10,757.8,8,757.8,4,757.8,7,757.8,9,757.8,11,757.8,9
760.6,16,760.6,8,760.6,9,760.6,9,760.6,10,760.6,5,760.6,9,760.6,4,760.6,8,760.6,13,760.6,11
763.4,32,763.4,12,763.4,8,763.4,8,763.4,5,763.4,8,763.4,7,763.4,9,763.4,6,763.4,8,763.4,12
766.3,17,766.3,17,766.3,7,766.3,7,766.3,6,766.3,6,766.3,12,766.3,5,766.3,10,766.3,3,766.3,16
769.1,15,769.1,14,769.1,9,769.1,10,769.1,5,769.1,9,769.1,7,769.1,13,769.1,6,769.1,6,769.1,10
772,17,772,12,772,10,772,6,772,9,772,6,772,2,772,7,772,8,772,3,772,5
774.8,22,774.8,12,774.8,10,774.8,6,774.8,9,774.8,8,774.8,8,774.8,6,774.8,13,774.8,13,774.8,10
777.6,18,777.6,19,777.6,11,777.6,6,777.6,5,777.6,7,777.6,9,777.6,6,777.6,6,777.6,11,777.6,8
780.5,22,780.5,22,780.5,8,780.5,4,780.5,12,780.5,5,780.5,3,780.5,2,780.5,2,780.5,8,780.5,12
783.3,16,783.3,18,783.3,16,783.3,8,783.3,7,783.3,6,783.3,7,783.3,13,783.3,7,783.3,4,783.3,8
786.1,25,786.1,11,786.1,12,786.1,7,786.1,4,786.1,6,786.1,6,786.1,8,786.1,8,786.1,7,786.1,7
789,19,789,10,789,9,789,13,789,7,789,14,789,11,789,5,789,6,789,10,789,7
791.8,21,791.8,14,791.8,10,791.8,4,791.8,7,791.8,5,791.8,7,791.8,6,791.8,9,791.8,5,791.8,6
794.6,22,794.6,13,794.6,2,794.6,8,794.6,5,794.6,6,794.6,6,794.6,8,794.6,6,794.6,8,794.6,9
797.5,18,797.5,17,797.5,7,797.5,1,797.5,8,797.5,5,797.5,9,797.5,8,797.5,3,797.5,15,797.5,11
800.3,17,800.3,18,800.3,8,800.3,4,800.3,9,800.3,7,800.3,11,800.3,5,800.3,5,800.3,4,800.3,9
803.2,20,803.2,13,803.2,9,803.2,4,803.2,6,803.2,6,803.2,6,803.2,3,803.2,11,803.2,6,803.2,10
806,15,806,2,806,8,806,7,806,5,806,3,806,9,806,10,806,7,806,13,806,8
808.8,27,808.8,11,808.8,6,808.8,10,808.8,12,808.8,10,808.8,11,808.8,5,808.8,7,808.8,9,808.8,6
811.7,15,811.7,13,811.7,6,811.7,8,811.7,4,811.7,7,811.7,5,811.7,8,811.7,5,811.7,7,811.7,3
814.5,19,814.5,16,814.5,10,814.5,5,814.5,5,814.5,7,814.5,2,814.5,10,814.5,10,814.5,5,814.5,11
817.3,17,817.3,11,817.3,11,817.3,8,817.3,4,817.3,6,817.3,10,817.3,4,817.3,6,817.3,7,817.3,8
820.2,26,820.2,14,820.2,7,820.2,6,820.2,8,820.2,7,820.2,8,820.2,9,820.2,10,820.2,10,820.2,7
823,24,823,17,823,10,823,6,823,5,823,4,823,3,823,4,823,5,823,6,823,4
825.8,21,825.8,20,825.8,6,825.8,8,825.8,3,825.8,7,825.8,4,825.8,4,825.8,8,825.8,4,825.8,3
828.7,27,828.7,14,828.7,12,828.7,2,828.7,4,828.7,11,828.7,4,828.7,6,828.7,3,828.7,8,828.7,8
831.5,27,831.5,18,831.5,2,831.5,11,831.5,2,831.5,6,831.5,2,831.5,6,831.5,6,831.5,6,831.5,10
834.4,15,834.4,9,834.4,5,834.4,6,834.4,8,834.4,8,834.4,12,834.4,10,834.4,2,834.4,7,834.4,3
837.2,22,837.2,19,837.2,9,837.2,3,837.2,5,837.2,4,837.2,6,837.2,12,837.2,10,837.2,6,837.2,8
840,30,840,16,840,8,840,8,840,14,840,5,840,8,840,10,840,7,840,7,840,7
842.9,17,842.9,13,842.9,7,842.9,4,842.9,7,842.9,5,842.9,7,842.9,3,842.9,7,842.9,10,842.9,11
845.7,20,845.7,17,845.7,6,845.7,5,845.7,4,845.7,4,845.7,8,845.7,10,845.7,10,845.7,11,845.7,9
848.5,14,848.5,11,848.5,11,848.5,3,848.5,11,848.5,8,848.5,12,848.5,4,848.5,4,848.5,6,848.5,6
851.4,21,851.4,14,851.4,6,851.4,6,851.4,6,851.4,8,851.4,6,851.4,6,851.4,7,851.4,15,851.4,11
854.2,18,854.2,13,854.2,8,854.2,7,854.2,5,854.2,5,854.2,9,854.2,9,854.2,6,854.2,5,854.2,4
857,22,857,10,857,8,857,9,857,7,857,8,857,3,857,9,857,10,857,10,857,7
859.9,23,859.9,21,859.9,5,859.9,4,859.9,5,859.9,7,859.9,5,859.9,7,859.9,4,859.9,9,859.9,11
862.7,29,862.7,12,862.7,6,862.7,4,862.7,10,862.7,6,862.7,6,862.7,9,862.7,7,862.7,6,862.7,6
865.6,26,865.6,14,865.6,10,865.6,4,865.6,7,865.6,8,865.6,8,865.6,7,865.6,7,865.6,11,865.6,11
868.4,23,868.4,12,868.4,9,868.4,8,868.4,4,868.4,6,868.4,9,868.4,11,868.4,8,868.4,3,868.4,7
871.2,20,871.2,12,871.2,5,871.2,3,871.2,4,871.2,9,871.2,12,871.2,5,871.2,6,871.2,7,871.2,9
874.1,21,874.1,10,874.1,9,874.1,7,874.1,6,874.1,8,874.1,3,874.1,4,874.1,6,874.1,9,874.1,9
876.9,17,876.9,21,876.9,9,876.9,7,876.9,7,876.9,9,876.9,4,876.9,5,876.9,8,876.9,3,876.9,5
879.7,18,879.7,12,879.7,10,879.7,7,879.7,4,879.7,3,879.7,8,879.7,5,879.7,8,879.7,2,879.7,10
882.6,26,882.6,12,882.6,4,882.6,4,882.6,6,882.6,6,882.6,4,882.6,6,882.6,8,882.6,12,882.6,13
885.4,26,885.4,18,885.4,7,885.4,4,885.4,8,885.4,7,885.4,9,885.4,7,885.4,3,885.4,12,885.4,6
888.2,24,888.2,18,888.2,12,888.2,4,888.2,9,888.2,12,888.2,6,888.2,10,888.2,4,888.2,6,888.2,10
891.1,17,891.1,15,891.1,9,891.1,5,891.1,5,891.1,8,891.1,6,891.1,5,891.1,11,891.1,6,891.1,7
893.9,24,893.9,14,893.9,4,893.9,7,893.9,11,893.9,7,893.9,9,893.9,9,893.9,8,893.9,4,893.9,7
896.8,20,896.8,23,896.8,6,896.8,4,896.8,7,896.8,9,896.8,3,896.8,5,896.8,4,896.8,9,896.8,9
899.6,26,899.6,14,899.6,13,899.6,3,899.6,5,899.6,8,899.6,7,899.6,13,899.6,4,899.6,5,899.6,5
902.4,18,902.4,13,902.4,8,902.4,6,902.4,8,902.4,5,902.4,7,902.4,10,902.4,4,902.4,10,902.4,8
905.3,34,905.3,22,905.3,9,905.3,3,905.3,10,905.3,8,905.3,10,905.3,7,905.3,4,905.3,11,905.3,9
908.1,26,908.1,9,908.1,5,908.1,8,908.1,8,908.1,6,908.1,7,908.1,6,908.1,9,908.1,2,908.1,3
910.9,24,910.9,17,910.9,6,910.9,4,910.9,11,910.9,8,910.9,5,910.9,5,910.9,4,910.9,5,910.9,15
913.8,17,913.8,9,913.8,10,913.8,6,913.8,6,913.8,2,913.8,6,913.8,4,913.8,8,913.8,4,913.8,6
916.6,25,916.6,13,916.6,13,916.6,8,916.6,6,916.6,12,916.6,5,916.6,13,916.6,11,916.6,8,916.6,6
919.4,19,919.4,14,919.4,11,919.4,14,919.4,8,919.4,5,919.4,8,919.4,6,919.4,3,919.4,11,919.4,13
922.3,24,922.3,18,922.3,8,922.3,13,922.3,8,922.3,8,922.3,4,922.3,7,922.3,5,922.3,9,922.3,5
925.1,19,925.1,14,925.1,10,925.1,3,925.1,9,925.1,8,925.1,6,925.1,6,925.1,4,925.1,9,925.1,8
928,20,928,11,928,5,928,1,928,14,928,7,928,6,928,7,928,6,928,7,928,5
930.8,20,930.8,18,930.8,10,930.8,7,930.8,10,930.8,7,930.8,7,930.8,5,930.8,8,930.8,10,930.8,3
933.6,20,933.6,16,933.6,6,933.6,7,933.6,8,933.6,6,933.6,1,933.6,6,933.6,15,933.6,9,933.6,6
936.5,16,936.5,20,936.5,8,936.5,10,936.5,7,936.5,7,936.5,5,936.5,6,936.5,5,936.5,11,936.5,6
939.3,22,939.3,16,939.3,10,939.3,8,939.3,3,939.3,10,939.3,6,939.3,9,939.3,11,939.3,8,939.3,9
942.1,20,942.1,19,942.1,8,942.1,6,942.1,5,942.1,5,942.1,3,942.1,3,942.1,10,942.1,10,942.1,5
945,16,945,18,945,10,945,3,945,5,945,3,945,7,945,7,945,9,945,10,945,7
947.8,24,947.8,13,947.8,4,947.8,6,947.8,6,947.8,9,947.8,4,947.8,9,947.8,12,947.8,7,947.8,11
950.6,13,950.6,23,950.6,7,950.6,5,950.6,3,950.6,4,950.6,10,950.6,8,950.6,9,950.6,2,950.6,5
953.5,17,953.5,17,953.5,7,953.5,7,953.5,5,953.5,8,953.5,4,953.5,4,953.5,7,953.5,7,953.5,2
956.3,19,956.3,24,956.3,9,956.3,6,956.3,6,956.3,3,956.3,6,956.3,3,956.3,9,956.3,4,956.3,10
959.2,17,959.2,17,959.2,2,959.2,8,959.2,14,959.2,6,959.2,6,959.2,9,959.2,6,959.2,4,959.2,3
962,19,962,14,962,5,962,4,962,9,962,12,962,7,962,6,962,6,962,9,962,8
964.8,13,964.8,20,964.8,16,964.8,6,964.8,2,964.8,5,964.8,8,964.8,5,964.8,10,964.8,6,964.8,7
967.7,22,967.7,11,967.7,6,967.7,6,967.7,5,967.7,6,967.7,6,967.7,7,967.7,6,967.7,9,967.7,10
970.5,21,970.5,12,970.5,4,970.5,6,970.5,7,970.5,4,970.5,3,970.5,10,970.5,3,970.5,4,970.5,10
973.3,8,973.3,25,973.3,8,973.3,7,973.3,8,973.3,7,973.3,7,973.3,2,973.3,4,973.3,6,973.3,7
976.2,10,976.2,17,976.2,4,976.2,6,976.2,5,976.2,4,976.2,1,976.2,3,976.2,11,976.2,6,976.2,7
979,16,979,22,979,4,979,5,979,9,979,6,979,9,979,6,979,4,979,5,979,9
981.8,20,981.8,21,981.8,7,981.8,7,981.8,6,981.8,4,981.8,3,981.8,8,981.8,2,981.8,3,981.8,6
984.7,9,984.7,12,984.7,4,984.7,12,984.7,7,984.7,6,984.7,8,984.7,4,984.7,4,984.7,5,984.7,7
987.5,17,987.5,11,987.5,11,987.5,2,987.5,7,987.5,10,987.5,6,987.5,7,987.5,4,987.5,9,987.5,6
990.4,14,990.4,16,990.4,13,990.4,9,990.4,6,990.4,9,990.4,4,990.4,2,990.4,9,990.4,8,990.4,8
993.2,17,993.2,26,993.2,9,993.2,5,993.2,7,993.2,8,993.2,7,993.2,6,993.2,8,993.2,4,993.2,4
996,19,996,18,996,3,996,1,996,7,996,7,996,5,996,8,996,13,996,5,996,6
998.9,15,998.9,20,998.9,5,998.9,1,998.9,5,998.9,9,998.9,12,998.9,5,998.9,9,998.9,2,998.9,5
1001.7,7,1001.7,25,1001.7,4,1001.7,6,1001.7,4,1001.7,4,1001.7,6,1001.7,8,1001.7,9,1001.7,11,1001.7,6
1004.5,10,1004.5,15,1004.5,12,1004.5,8,1004.5,1,1004.5,7,1004.5,8,1004.5,4,1004.5,6,1004.5,8,1004.5,9
1007.4,16,1007.4,22,1007.4,7,1007.4,4,1007.4,5,1007.4,2,1007.4,5,1007.4,17,1007.4,5,1007.4,6,1007.4,5
1010.2,20,1010.2,15,1010.2,7,1010.2,7,1010.2,8,1010.2,3,1010.2,8,1010.2,5,1010.2,8,1010.2,8,1010.2,4
1013,18,1013,16,1013,5,1013,5,1013,6,1013,4,1013,5,1013,3,1013,4,1013,4,1013,7
1015.9,20,1015.9,11,1015.9,4,1015.9,6,1015.9,4,1015.9,4,1015.9,5,1015.9,6,1015.9,6,1015.9,3,1015.9,7
1018.7,12,1018.7,22,1018.7,5,1018.7,2,1018.7,9,1018.7,7,1018.7,5,1018.7,6,1018.7,5,1018.7,5,1018.7,8
1021.6,12,1021.6,23,1021.6,6,1021.6,7,1021.6,4,1021.6,5,1021.6,4,1021.6,7,1021.6,4,1021.6,3,1021.6,4
1024.4,14,1024.4,13,1024.4,8,1024.4,6,1024.4,7,1024.4,2,1024.4,5,1024.4,7,1024.4,4,1024.4,11,1024.4,8
1027.2,12,1027.2,13,1027.2,3,1027.2,4,1027.2,5,1027.2,5,1027.2,7,1027.2,3,1027.2,7,1027.2,3,1027.2,7
1030.1,13,1030.1,10,1030.1,2,1030.1,4,1030.1,3,1030.1,3,1030.1,11,1030.1,5,1030.1,5,1030.1,5,1030.1,9
1032.9,12,1032.9,16,1032.9,5,1032.9,5,1032.9,3,1032.9,0,1032.9,6,1032.9,8,1032.9,0,1032.9,4,1032.9,2
1035.7,13,1035.7,14,1035.7,1,1035.7,3,1035.7,4,1035.7,9,1035.7,6,1035.7,6,1035.7,5,1035.7,7,1035.7,7
1038.6,13,1038.6,19,1038.6,4,1038.6,3,1038.6,6,1038.6,2,1038.6,4,1038.6,6,1038.6,5,1038.6,6,1038.6,5
1041.4,14,1041.4,9,1041.4,5,1041.4,6,1041.4,5,1041.4,10,1041.4,3,1041.4,7,1041.4,3,1041.4,7,1041.4,2
1044.2,19,1044.2,12,1044.2,4,1044.2,3,1044.2,4,1044.2,7,1044.2,2,1044.2,4,1044.2,4,1044.2,6,1044.2,4
1047.1,16,1047.1,11,1047.1,3,1047.1,5,1047.1,4,1047.1,4,1047.1,5,1047.1,8,1047.1,3,1047.1,5,1047.1,3
1049.9,10,1049.9,9,1049.9,2,1049.9,4,1049.9,4,1049.9,7,1049.9,4,1049.9,3,1049.9,9,1049.9,4,1049.9,6
1052.8,12,1052.8,6,1052.8,3,1052.8,3,1052.8,5,1052.8,6,1052.8,3,1052.8,2,1052.8,5,1052.8,4,1052.8,6
1055.6,12,1055.6,12,1055.6,3,1055.6,2,1055.6,8,1055.6,2,1055.6,4,1055.6,4,1055.6,1,1055.6,7,1055.6,8
1058.4,8,1058.4,6,1058.4,5,1058.4,4,1058.4,3,1058.4,3,1058.4,4,1058.4,5,1058.4,6,1058.4,6,1058.4,2
1061.3,13,1061.3,6,1061.3,4,1061.3,3,1061.3,4,1061.3,2,1061.3,6,1061.3,3,1061.3,3,1061.3,9,1061.3,7
1064.1,10,1064.1,8,1064.1,7,1064.1,3,1064.1,5,1064.1,5,1064.1,2,1064.1,3,1064.1,2,1064.1,6,1064.1,4
1066.9,19,1066.9,7,1066.9,4,1066.9,4,1066.9,4,1066.9,2,1066.9,5,1066.9,3,1066.9,1,1066.9,4,1066.9,1
1069.8,13,1069.8,3,1069.8,5,1069.8,2,1069.8,4,1069.8,2,1069.8,4,1069.8,3,1069.8,3,1069.8,4,1069.8,4
1072.6,14,1072.6,9,1072.6,3,1072.6,9,1072.6,2,1072.6,7,1072.6,1,1072.6,6,1072.6,2,1072.6,7,1072.6,1
1075.4,12,1075.4,8,1075.4,4,1075.4,5,1075.4,8,1075.4,8,1075.4,4,1075.4,5,1075.4,2,1075.4,4,1075.4,3
1078.3,12,1078.3,7,1078.3,3,1078.3,3,1078.3,3,1078.3,2,1078.3,6,1078.3,2,1078.3,1,1078.3,7,1078.3,4
1081.1,9,1081.1,6,1081.1,4,1081.1,6,1081.1,4,1081.1,5,1081.1,5,1081.1,7,1081.1,8,1081.1,3,1081.1,2
1084,13,1084,5,1084,5,1084,4,1084,2,1084,3,1084,3,1084,4,1084,5,1084,2,1084,7
1086.8,6,1086.8,7,1086.8,3,1086.8,3,1086.8,5,1086.8,6,1086.8,7,1086.8,2,1086.8,3,1086.8,2,1086.8,3
1089.6,10,1089.6,7,1089.6,4,1089.6,3,1089.6,8,1089.6,5,1089.6,3,1089.6,2,1089.6,3,1089.6,5,1089.6,2
1092.5,14,1092.5,5,1092.5,2,1092.5,8,1092.5,1,1092.5,3,1092.5,6,1092.5,1,1092.5,3,1092.5,2,1092.5,6
1095.3,12,1095.3,3,1095.3,10,1095.3,3,1095.3,4,1095.3,4,1095.3,4,1095.3,3,1095.3,4,1095.3,6,1095.3,4
1098.1,10,1098.1,5,1098.1,5,1098.1,5,1098.1,7,1098.1,5,1098.1,4,1098.1,5,1098.1,3,1098.1,4,1098.1,4
1101,3,1101,7,1101,3,1101,3,1101,2,1101,3,1101,7,1101,6,1101,0,1101,2,1101,5
1103.8,2,1103.8,5,1103.8,6,1103.8,7,1103.8,2,1103.8,3,1103.8,2,1103.8,5,1103.8,2,1103.8,7,1103.8,7
1106.7,6,1106.7,7,1106.7,9,1106.7,2,1106.7,1,1106.7,3,1106.7,1,1106.7,3,1106.7,3,1106.7,1,1106.7,5
1109.5,11,1109.5,5,1109.5,6,1109.5,5,1109.5,3,1109.5,1,1109.5,5,1109.5,5,1109.5,2,1109.5,2,1109.5,0
1112.3,11,1112.3,7,1112.3,6,1112.3,4,1112.3,2,1112.3,2,1112.3,3,1112.3,3,1112.3,3,1112.3,1,1112.3,5
1115.2,16,1115.2,4,1115.2,5,1115.2,3,1115.2,8,1115.2,4,1115.2,2,1115.2,2,1115.2,2,1115.2,3,1115.2,7
1118,10,1118,8,1118,1,1118,1,1118,2,1118,2,1118,3,1118,1,1118,3,1118,6,1118,3
1120.8,10,1120.8,3,1120.8,1,1120.8,3,1120.8,5,1120.8,1,1120.8,4,1120.8,6,1120.8,5,1120.8,1,1120.8,3
1123.7,20,1123.7,2,1123.7,4,1123.7,4,1123.7,3,1123.7,4,1123.7,2,1123.7,3,1123.7,2,1123.7,4,1123.7,6
1126.5,19,1126.5,0,1126.5,3,1126.5,3,1126.5,3,1126.5,5,1126.5,2,1126.5,1,1126.5,2,1126.5,6,1126.5,2
1129.3,14,1129.3,7,1129.3,4,1129.3,4,1129.3,3,1129.3,2,1129.3,3,1129.3,2,1129.3,3,1129.3,5,1129.3,2
1132.2,23,1132.2,5,1132.2,4,1132.2,5,1132.2,2,1132.2,3,1132.2,3,1132.2,6,1132.2,4,1132.2,0,1132.2,4
1135,18,1135,7,1135,1,1135,3,1135,2,1135,6,1135,3,1135,3,1135,3,1135,4,1135,2
1137.9,19,1137.9,4,1137.9,3,1137.9,3,1137.9,1,1137.9,5,1137.9,5,1137.9,3,1137.9,1,1137.9,2,1137.9,4
1140.7,28,1140.7,2,1140.7,3,1140.7,3,1140.7,4,1140.7,2,1140.7,4,1140.7,1,1140.7,5,1140.7,1,1140.7,3
1143.5,19,1143.5,2,1143.5,1,1143.5,1,1143.5,3,1143.5,3,1143.5,9,1143.5,2,1143.5,6,1143.5,2,1143.5,5
1146.4,35,1146.4,4,1146.4,3,1146.4,5,1146.4,1,1146.4,3,1146.4,2,1146.4,4,1146.4,1,1146.4,3,1146.4,4
1149.2,29,1149.2,2,1149.2,3,1149.2,2,1149.2,3,1149.2,2,1149.2,4,1149.2,2,1149.2,2,1149.2,3,1149.2,1
1152,30,1152,2,1152,1,1152,3,1152,2,1152,2,1152,8,1152,9,1152,5,1152,1,1152,3
1154.9,38,1154.9,3,1154.9,6,1154.9,2,1154.9,2,1154.9,2,1154.9,8,1154.9,6,1154.9,7,1154.9,4,1154.9,3
1157.7,42,1157.7,0,1157.7,3,1157.7,7,1157.7,2,1157.7,4,1157.7,6,1157.7,3,1157.7,3,1157.7,6,1157.7,4
1160.5,36,1160.5,4,1160.5,5,1160.5,2,1160.5,2,1160.5,2,1160.5,2,1160.5,3,1160.5,3,1160.5,4,1160.5,2
1163.4,51,1163.4,3,1163.4,6,1163.4,3,1163.4,5,1163.4,2,1163.4,2,1163.4,4,1163.4,7,1163.4,4,1163.4,3
1166.2,38,1166.2,2,1166.2,8,1166.2,4,1166.2,4,1166.2,3,1166.2,2,1166.2,4,1166.2,1,1166.2,0,1166.2,3
1169.1,32,1169.1,6,1169.1,4,1169.1,4,1169.1,3,1169.1,5,1169.1,2,1169.1,3,1169.1,10,1169.1,8,1169.1,4
1171.9,45,1171.9,2,1171.9,6,1171.9,5,1171.9,6,1171.9,4,1171.9,4,1171.9,7,1171.9,3,1171.9,3,1171.9,4
1174.7,49,1174.7,3,1174.7,3,1174.7,4,1174.7,8,1174.7,2,1174.7,6,1174.7,4,1174.7,2,1174.7,2,1174.7,4
1177.6,31,1177.6,7,1177.6,1,1177.6,2,1177.6,4,1177.6,4,1177.6,2,1177.6,9,1177.6,3,1177.6,7,1177.6,1
1180.4,49,1180.4,3,1180.4,8,1180.4,2,1180.4,5,1180.4,4,1180.4,4,1180.4,4,1180.4,3,1180.4,3,1180.4,9
1183.2,44,1183.2,9,1183.2,3,1183.2,6,1183.2,5,1183.2,5,1183.2,6,1183.2,3,1183.2,5,1183.2,5,1183.2,8
1186.1,38,1186.1,3,1186.1,1,1186.1,8,1186.1,2,1186.1,6,1186.1,4,1186.1,6,1186.1,4,1186.1,4,1186.1,2
1188.9,34,1188.9,2,1188.9,1,1188.9,3,1188.9,3,1188.9,7,1188.9,0,1188.9,3,1188.9,2,1188.9,4,1188.9,3
1191.7,36,1191.7,4,1191.7,1,1191.7,4,1191.7,3,1191.7,1,1191.7,2,1191.7,5,1191.7,9,1191.7,3,1191.7,5
1194.6,24,1194.6,4,1194.6,0,1194.6,5,1194.6,2,1194.6,1,1194.6,3,1194.6,4,1194.6,5,1194.6,7,1194.6,6
1197.4,24,1197.4,6,1197.4,6,1197.4,1,1197.4,2,1197.4,3,1197.4,4,1197.4,11,1197.4,5,1197.4,3,1197.4,6
1200.3,20,1200.3,2,1200.3,3,1200.3,3,1200.3,2,1200.3,3,1200.3,5,1200.3,6,1200.3,2,1200.3,3,1200.3,1
1203.1,23,1203.1,5,1203.1,4,1203.1,3,1203.1,6,1203.1,3,1203.1,1,1203.1,6,1203.1,6,1203.1,6,1203.1,2
1205.9,20,1205.9,7,1205.9,3,1205.9,6,1205.9,3,1205.9,6,1205.9,3,1205.9,2,1205.9,4,1205.9,3,1205.9,5
1208.8,16,1208.8,6,1208.8,9,1208.8,3,1208.8,5,1208.8,2,1208.8,1,1208.8,3,1208.8,0,1208.8,3,1208.8,2
1211.6,19,1211.6,7,1211.6,1,1211.6,3,1211.6,2,1211.6,4,1211.6,1,1211.6,4,1211.6,5,1211.6,4,1211.6,1
1214.4,13,1214.4,7,1214.4,1,1214.4,2,1214.4,3,1214.4,2,1214.4,2,1214.4,4,1214.4,2,1214.4,2,1214.4,3
1217.3,12,1217.3,11,1217.3,3,1217.3,1,1217.3,2,1217.3,5,1217.3,1,1217.3,3,1217.3,0,1217.3,5,1217.3,1
1220.1,11,1220.1,11,1220.1,3,1220.1,2,1220.1,3,1220.1,1,1220.1,3,1220.1,3,1220.1,3,1220.1,2,1220.1,4
1222.9,13,1222.9,15,1222.9,4,1222.9,6,1222.9,2,1222.9,3,1222.9,5,1222.9,4,1222.9,6,1222.9,2,1222.9,6
1225.8,3,1225.8,16,1225.8,5,1225.8,1,1225.8,6,1225.8,4,1225.8,3,1225.8,4,1225.8,3,1225.8,3,1225.8,3
1228.6,5,1228.6,25,1228.6,4,1228.6,3,1228.6,3,1228.6,3,1228.6,1,1228.6,4,1228.6,3,1228.6,0,1228.6,3
1231.5,5,1231.5,18,1231.5,2,1231.5,6,1231.5,4,1231.5,0,1231.5,1,1231.5,3,1231.5,3,1231.5,3,1231.5,3
1234.3,7,1234.3,23,1234.3,2,1234.3,4,1234.3,1,1234.3,7,1234.3,4,1234.3,2,1234.3,4,1234.3,2,1234.3,4
1237.1,1,1237.1,24,1237.1,1,1237.1,1,1237.1,3,1237.1,5,1237.1,5,1237.1,7,1237.1,2,1237.1,4,1237.1,4
1240,3,1240,24,1240,4,1240,6,1240,6,1240,7,1240,4,1240,5,1240,5,1240,4,1240,2
1242.8,2,1242.8,30,1242.8,11,1242.8,5,1242.8,3,1242.8,6,1242.8,5,1242.8,3,1242.8,6,1242.8,3,1242.8,6
1245.6,7,1245.6,38,1245.6,5,1245.6,8,1245.6,5,1245.6,6,1245.6,2,1245.6,5,1245.6,3,1245.6,6,1245.6,8
1248.5,3,1248.5,32,1248.5,2,1248.5,6,1248.5,8,1248.5,5,1248.5,5,1248.5,5,1248.5,6,1248.5,8,1248.5,7
1251.3,5,1251.3,45,1251.3,8,1251.3,5,1251.3,6,1251.3,10,1251.3,5,1251.3,5,1251.3,9,1251.3,2,1251.3,4
1254.1,1,1254.1,49,1254.1,2,1254.1,8,1254.1,8,1254.1,5,1254.1,5,1254.1,5,1254.1,6,1254.1,6,1254.1,8
1257,0,1257,26,1257,7,1257,3,1257,10,1257,8,1257,5,1257,4,1257,9,1257,7,1257,12
1259.8,7,1259.8,56,1259.8,6,1259.8,5,1259.8,7,1259.8,10,1259.8,6,1259.8,7,1259.8,6,1259.8,5,1259.8,6
1262.7,2,1262.7,47,1262.7,9,1262.7,10,1262.7,5,1262.7,1,1262.7,4,1262.7,4,1262.7,6,1262.7,8,1262.7,6
1265.5,4,1265.5,55,1265.5,8,1265.5,6,1265.5,9,1265.5,11,1265.5,4,1265.5,9,1265.5,7,1265.5,3,1265.5,8
1268.3,8,1268.3,60,1268.3,10,1268.3,11,1268.3,17,1268.3,4,1268.3,3,1268.3,10,1268.3,6,1268.3,10,1268.3,3
1271.2,7,1271.2,48,1271.2,2,1271.2,7,1271.2,7,1271.2,9,1271.2,10,1271.2,12,1271.2,8,1271.2,7,1271.2,7
1274,8,1274,74,1274,3,1274,13,1274,11,1274,5,1274,5,1274,8,1274,5,1274,11,1274,7
1276.8,6,1276.8,48,1276.8,5,1276.8,7,1276.8,8,1276.8,4,1276.8,7,1276.8,8,1276.8,10,1276.8,8,1276.8,5
1279.7,26,1279.7,59,1279.7,6,1279.7,7,1279.7,6,1279.7,7,1279.7,8,1279.7,8,1279.7,7,1279.7,5,1279.7,9
1282.5,18,1282.5,46,1282.5,8,1282.5,6,1282.5,4,1282.5,11,1282.5,7,1282.5,7,1282.5,11,1282.5,11,1282.5,5
1285.3,17,1285.3,41,1285.3,8,1285.3,7,1285.3,8,1285.3,6,1285.3,7,1285.3,7,1285.3,11,1285.3,11,1285.3,8
1288.2,16,1288.2,43,1288.2,12,1288.2,4,1288.2,8,1288.2,5,1288.2,9,1288.2,10,1288.2,11,1288.2,5,1288.2,6
1291,18,1291,42,1291,5,1291,6,1291,5,1291,8,1291,5,1291,8,1291,12,1291,10,1291,11
1293.9,27,1293.9,36,1293.9,13,1293.9,6,1293.9,7,1293.9,7,1293.9,5,1293.9,5,1293.9,7,1293.9,11,1293.9,5
1296.7,21,1296.7,25,1296.7,4,1296.7,4,1296.7,6,1296.7,9,1296.7,7,1296.7,7,1296.7,8,1296.7,7,1296.7,8
1299.5,23,1299.5,31,1299.5,6,1299.5,6,1299.5,4,1299.5,5,1299.5,5,1299.5,10,1299.5,5,1299.5,7,1299.5,8
1302.4,23,1302.4,16,1302.4,8,1302.4,4,1302.4,6,1302.4,4,1302.4,3,1302.4,10,1302.4,13,1302.4,5,1302.4,7
1305.2,34,1305.2,19,1305.2,9,1305.2,6,1305.2,2,1305.2,7,1305.2,6,1305.2,4,1305.2,4,1305.2,6,1305.2,5
1308,30,1308,21,1308,0,1308,4,1308,2,1308,6,1308,6,1308,3,1308,10,1308,3,1308,3
1310.9,30,1310.9,16,1310.9,6,1310.9,5,1310.9,3,1310.9,3,1310.9,4,1310.9,3,1310.9,5,1310.9,8,1310.9,4
1313.7,35,1313.7,10,1313.7,5,1313.7,6,1313.7,6,1313.7,7,1313.7,6,1313.7,6,1313.7,3,1313.7,5,1313.7,7
1316.5,27,1316.5,11,1316.5,3,1316.5,3,1316.5,4,1316.5,9,1316.5,5,1316.5,7,1316.5,2,1316.5,4,1316.5,9
1319.4,34,1319.4,14,1319.4,2,1319.4,4,1319.4,4,1319.4,6,1319.4,5,1319.4,6,1319.4,4,1319.4,3,1319.4,9
1322.2,29,1322.2,10,1322.2,4,1322.2,3,1322.2,2,1322.2,7,1322.2,5,1322.2,7,1322.2,4,1322.2,5,1322.2,7
1325.1,29,1325.1,6,1325.1,6,1325.1,2,1325.1,2,1325.1,3,1325.1,3,1325.1,4,1325.1,6,1325.1,3,1325.1,5
1327.9,38,1327.9,4,1327.9,3,1327.9,5,1327.9,0,1327.9,4,1327.9,7,1327.9,2,1327.9,3,1327.9,7,1327.9,4
1330.7,32,1330.7,9,1330.7,3,1330.7,2,1330.7,1,1330.7,4,1330.7,2,1330.7,1,1330.7,2,1330.7,3,1330.7,5
1333.6,44,1333.6,4,1333.6,2,1333.6,2,1333.6,4,1333.6,4,1333.6,6,1333.6,1,1333.6,2,1333.6,1,1333.6,4
1336.4,33,1336.4,3,1336.4,1,1336.4,4,1336.4,0,1336.4,4,1336.4,3,1336.4,3,1336.4,6,1336.4,6,1336.4,2
1339.2,35,1339.2,4,1339.2,3,1339.2,4,1339.2,0,1339.2,3,1339.2,5,1339.2,2,1339.2,1,1339.2,3,1339.2,4
1342.1,23,1342.1,0,1342.1,2,1342.1,2,1342.1,2,1342.1,1,1342.1,2,1342.1,4,1342.1,3,1342.1,1,1342.1,3
1344.9,26,1344.9,0,1344.9,4,1344.9,0,1344.9,3,1344.9,2,1344.9,4,1344.9,4,1344.9,3,1344.9,3,1344.9,2
1347.7,23,1347.7,3,1347.7,4,1347.7,2,1347.7,2,1347.7,4,1347.7,2,1347.7,0,1347.7,2,1347.7,2,1347.7,4
1350.6,17,1350.6,1,1350.6,0,1350.6,4,1350.6,0,1350.6,3,1350.6,3,1350.6,4,1350.6,2,1350.6,3,1350.6,4
1353.4,24,1353.4,2,1353.4,0,1353.4,3,1353.4,1,1353.4,5,1353.4,3,1353.4,2,1353.4,2,1353.4,5,1353.4,3
1356.3,14,1356.3,1,1356.3,4,1356.3,3,1356.3,1,1356.3,2,1356.3,2,1356.3,1,1356.3,4,1356.3,0,1356.3,3
1359.1,15,1359.1,0,1359.1,2,1359.1,2,1359.1,0,1359.1,3,1359.1,0,1359.1,0,1359.1,3,1359.1,0,1359.1,0
1361.9,13,1361.9,1,1361.9,2,1361.9,0,1361.9,1,1361.9,1,1361.9,1,1361.9,2,1361.9,5,1361.9,5,1361.9,1
1364.8,12,1364.8,1,1364.8,1,1364.8,2,1364.8,0,1364.8,3,1364.8,3,1364.8,1,1364.8,1,1364.8,2,1364.8,0
1367.6,6,1367.6,1,1367.6,0,1367.6,3,1367.6,0,1367.6,1,1367.6,2,1367.6,1,1367.6,3,1367.6,1,1367.6,0
1370.4,4,1370.4,2,1370.4,2,1370.4,0,1370.4,1,1370.4,1,1370.4,1,1370.4,1,1370.4,3,1370.4,2,1370.4,1
1373.3,11,1373.3,1,1373.3,2,1373.3,0,1373.3,2,1373.3,2,1373.3,2,1373.3,3,1373.3,7,1373.3,2,1373.3,3
1376.1,4,1376.1,0,1376.1,2,1376.1,0,1376.1,1,1376.1,1,1376.1,2,1376.1,2,1376.1,1,1376.1,1,1376.1,1
1378.9,8,1378.9,0,1378.9,1,1378.9,4,1378.9,1,1378.9,0,1378.9,2,1378.9,0,1378.9,4,1378.9,1,1378.9,5
1381.8,0,1381.8,1,1381.8,1,1381.8,3,1381.8,0,1381.8,1,1381.8,1,1381.8,1,1381.8,0,1381.8,1,1381.8,0
1384.6,7,1384.6,3,1384.6,0,1384.6,0,1384.6,1,1384.6,0,1384.6,3,1384.6,3,1384.6,2,1384.6,0,1384.6,0
1387.5,5,1387.5,2,1387.5,0,1387.5,1,1387.5,0,1387.5,0,1387.5,1,1387.5,1,1387.5,2,1387.5,4,1387.5,1
1390.3,4,1390.3,3,1390.3,3,1390.3,1,1390.3,1,1390.3,1,1390.3,0,1390.3,1,1390.3,0,1390.3,1,1390.3,1
1393.1,179,1393.1,177,1393.1,291,1393.1,230,1393.1,260,1393.1,270,1393.1,281,1393.1,283,1393.1,291,1393.1,281,1393.1,242
