E_A#3 / keV,N_A#3,E_A#19 / keV,N_A#19,E_A#20 / keV,N_A#20,E_A#21 / keV,N_A#21,E_A#22 / keV,N_A#22,E_A#23 / keV,N_A#23,E_A#24 / keV,N_A#24,E_A#25 / keV,N_A#25,E_A#26 / keV,N_A#26
-56.3,0,-56.3,0,-56.3,0,-56.3,0,-56.3,0,-56.3,0,-56.3,0,-56.3,0,-56.3,0
-53.4,0,-53.4,0,-53.4,0,-53.4,0,-53.4,0,-53.4,0,-53.4,0,-53.4,0,-53.4,0
-50.6,0,-50.6,0,-50.6,0,-50.6,0,-50.6,0,-50.6,0,-50.6,0,-50.6,0,-50.6,0
-47.8,62,-47.8,10,-47.8,21,-47.8,24,-47.8,33,-47.8,50,-47.8,46,-47.8,50,-47.8,57
-44.9,339,-44.9,85,-44.9,105,-44.9,172,-44.9,222,-44.9,230,-44.9,294,-44.9,303,-44.9,348
-42.1,463,-42.1,91,-42.1,129,-42.1,206,-42.1,260,-42.1,281,-42.1,322,-42.1,308,-42.1,369
-39.3,482,-39.3,109,-39.3,142,-39.3,225,-39.3,307,-39.3,282,-39.3,353,-39.3,368,-39.3,411
-36.4,549,-36.4,93,-36.4,145,-36.4,239,-36.4,379,-36.4,326,-36.4,370,-36.4,406,-36.4,433
-33.6,561,-33.6,122,-33.6,146,-33.6,208,-33.6,328,-33.6,326,-33.6,373,-33.6,425,-33.6,458
-30.8,678,-30.8,125,-30.8,174,-30.8,265,-30.8,383,-30.8,366,-30.8,397,-30.8,426,-30.8,452
-27.9,654,-27.9,109,-27.9,191,-27.9,241,-27.9,351,-27.9,359,-27.9,420,-27.9,478,-27.9,525
-25.1,721,-25.1,143,-25.1,192,-25.1,252,-25.1,383,-25.1,411,-25.1,448,-25.1,481,-25.1,533
-22.2,834,-22.2,145,-22.2,195,-22.2,268,-22.2,428,-22.2,379,-22.2,470,-22.2,530,-22.2,518
-19.4,757,-19.4,154,-19.4,193,-19.4,322,-19.4,419,-19.4,403,-19.4,460,-19.4,547,-19.4,538
-16.6,781,-16.6,150,-16.6,226,-16.6,323,-16.6,433,-16.6,469,-16.6,479,-16.6,558,-16.6,568
-13.7,776,-13.7,149,-13.7,210,-13.7,312,-13.7,460,-13.7,449,-13.7,524,-13.7,541,-13.7,603
-10.9,892,-10.9,185,-10.9,245,-10.9,343,-10.9,493,-10.9,502,-10.9,582,-10.9,616,-10.9,615
-8.1,883,-8.1,164,-8.1,218,-8.1,336,-8.1,495,-8.1,516,-8.1,571,-8.1,599,-8.1,641
-5.2,831,-5.2,165,-5.2,225,-5.2,344,-5.2,514,-5.2,478,-5.2,539,-5.2,619,-5.2,657
-2.4,767,-2.4,195,-2.4,244,-2.4,366,-2.4,504,-2.4,523,-2.4,564,-2.4,603,-2.4,687
0.4,793,0.4,187,0.4,244,0.4,401,0.4,534,0.4,570,0.4,614,0.4,626,0.4,693
3.3,813,3.3,205,3.3,258,3.3,426,3.3,565,3.3,607,3.3,612,3.3,721,3.3,771
6.1,867,6.1,207,6.1,328,6.1,417,6.1,624,6.1,602,6.1,711,6.1,750,6.1,822
9,845,9,224,9,316,9,450,9,615,9,606,9,660,9,791,9,861
11.8,899,11.8,212,11.8,294,11.8,442,11.8,581,11.8,624,11.8,662,11.8,717,11.8,829
14.6,939,14.6,200,14.6,265,14.6,399,14.6,585,14.6,574,14.6,661,14.6,659,14.6,731
17.5,955,17.5,222,17.5,302,17.5,419,17.5,588,17.5,613,17.5,644,17.5,734,17.5,782
20.3,1112,20.3,213,20.3,291,20.3,412,20.3,616,20.3,614,20.3,715,20.3,747,20.3,800
23.1,1318,23.1,260,23.1,302,23.1,437,23.1,616,23.1,681,23.1,704,23.1,720,23.1,811
26,1533,26,254,26,327,26,464,26,643,26,620,26,729,26,755,26,820
28.8,1557,28.8,269,28.8,335,28.8,509,28.8,682,28.8,625,28.8,754,28.8,777,28.8,938
31.6,1364,31.6,309,31.6,406,31.6,518,31.6,698,31.6,752,31.6,832,31.6,839,31.6,936
34.5,1353,34.5,424,34.5,533,34.5,683,34.5,892,34.5,947,34.5,1050,34.5,1104,34.5,1073
37.3,1508,37.3,552,37.3,709,37.3,903,37.3,1159,37.3,1212,37.3,1267,37.3,1392,37.3,1456
40.2,1692,40.2,668,40.2,886,40.2,1123,40.2,1473,40.2,1528,40.2,1614,40.2,1727,40.2,1908
43,1641,43,700,43,966,43,1238,43,1633,43,1684,43,1822,43,1976,43,2116
45.8,1528,45.8,655,45.8,813,45.8,1127,45.8,1469,45.8,1495,45.8,1638,45.8,1855,45.8,1929
48.7,1304,48.7,505,48.7,686,48.7,930,48.7,1231,48.7,1224,48.7,1349,48.7,1569,48.7,1626
51.5,1284,51.5,462,51.5,564,51.5,817,51.5,1111,51.5,1091,51.5,1206,51.5,1322,51.5,1360
54.3,1305,54.3,446,54.3,562,54.3,728,54.3,986,54.3,1051,54.3,1159,54.3,1231,54.3,1346
57.2,1177,57.2,406,57.2,540,57.2,736,57.2,961,57.2,973,57.2,1067,57.2,1204,57.2,1219
60,1141,60,346,60,452,60,647,60,854,60,855,60,963,60,1006,60,1037
62.8,1032,62.8,283,62.8,399,62.8,507,62.8,734,62.8,746,62.8,818,62.8,822,62.8,939
65.7,1045,65.7,290,65.7,386,65.7,469,65.7,643,65.7,708,65.7,760,65.7,808,65.7,877
68.5,994,68.5,278,68.5,357,68.5,431,68.5,633,68.5,638,68.5,766,68.5,809,68.5,837
71.4,1048,71.4,245,71.4,323,71.4,473,71.4,664,71.4,639,71.4,691,71.4,793,71.4,779
74.2,1056,74.2,263,74.2,347,74.2,480,74.2,616,74.2,608,74.2,714,74.2,767,74.2,806
77,1055,77,312,77,307,77,437,77,677,77,688,77,776,77,742,77,880
79.9,1042,79.9,269,79.9,390,79.9,496,79.9,679,79.9,659,79.9,739,79.9,777,79.9,863
82.7,1128,82.7,273,82.7,379,82.7,528,82.7,659,82.7,680,82.7,736,82.7,774,82.7,862
85.5,1153,85.5,279,85.5,350,85.5,513,85.5,628,85.5,637,85.5,720,85.5,794,85.5,857
88.4,1107,88.4,273,88.4,373,88.4,477,88.4,707,88.4,623,88.4,728,88.4,841,88.4,891
91.2,1172,91.2,280,91.2,332,91.2,487,91.2,661,91.2,649,91.2,784,91.2,829,91.2,865
94,1103,94,321,94,333,94,507,94,651,94,676,94,743,94,826,94,865
96.9,1134,96.9,274,96.9,330,96.9,464,96.9,670,96.9,698,96.9,767,96.9,766,96.9,837
99.7,1072,99.7,231,99.7,346,99.7,481,99.7,676,99.7,664,99.7,696,99.7,820,99.7,873
102.6,1082,102.6,256,102.6,368,102.6,505,102.6,677,102.6,645,102.6,730,102.6,772,102.6,862
105.4,1067,105.4,287,105.4,356,105.4,435,105.4,658,105.4,678,105.4,759,105.4,834,105.4,888
108.2,1120,108.2,274,108.2,364,108.2,454,108.2,639,108.2,624,108.2,756,108.2,772,108.2,836
111.1,1147,111.1,290,111.1,332,111.1,469,111.1,677,111.1,622,111.1,725,111.1,834,111.1,852
113.9,1076,113.9,263,113.9,364,113.9,477,113.9,651,113.9,645,113.9,741,113.9,804,113.9,858
116.7,1104,116.7,245,116.7,334,116.7,492,116.7,664,116.7,662,116.7,743,116.7,783,116.7,828
119.6,1071,119.6,283,119.6,343,119.6,465,119.6,670,119.6,686,119.6,725,119.6,779,119.6,878
122.4,1050,122.4,266,122.4,315,122.4,499,122.4,659,122.4,682,122.4,760,122.4,807,122.4,863
125.2,1069,125.2,258,125.2,328,125.2,488,125.2,643,125.2,660,125.2,714,125.2,784,125.2,802
128.1,1080,128.1,266,128.1,330,128.1,439,128.1,650,128.1,665,128.1,740,128.1,780,128.1,828
130.9,1085,130.9,235,130.9,361,130.9,479,130.9,621,130.9,656,130.9,772,130.9,838,130.9,885
133.8,1150,133.8,304,133.8,339,133.8,475,133.8,677,133.8,699,133.8,743,133.8,793,133.8,934
136.6,1186,136.6,255,136.6,361,136.6,483,136.6,669,136.6,686,136.6,808,136.6,845,136.6,952
139.4,1179,139.4,240,139.4,396,139.4,521,139.4,698,139.4,705,139.4,747,139.4,822,139.4,913
142.3,1200,142.3,278,142.3,350,142.3,518,142.3,716,142.3,711,142.3,815,142.3,864,142.3,988
145.1,1172,145.1,311,145.1,405,145.1,533,145.1,731,145.1,671,145.1,742,145.1,914,145.1,956
147.9,1352,147.9,254,147.9,396,147.9,542,147.9,747,147.9,774,147.9,858,147.9,935,147.9,1035
150.8,1484,150.8,321,150.8,442,150.8,572,150.8,778,150.8,793,150.8,937,150.8,908,150.8,1044
153.6,1521,153.6,319,153.6,449,153.6,553,153.6,744,153.6,812,153.6,901,153.6,992,153.6,1074
156.4,1705,156.4,353,156.4,458,156.4,594,156.4,811,156.4,914,156.4,967,156.4,1056,156.4,1198
159.3,1733,159.3,366,159.3,463,159.3,610,159.3,873,159.3,915,159.3,998,159.3,1051,159.3,1238
162.1,1836,162.1,361,162.1,513,162.1,654,162.1,932,162.1,924,162.1,1089,162.1,1102,162.1,1306
165,1831,165,371,165,483,165,674,165,911,165,961,165,1054,165,1166,165,1304
167.8,1946,167.8,386,167.8,477,167.8,683,167.8,876,167.8,977,167.8,1090,167.8,1163,167.8,1347
170.6,1735,170.6,329,170.6,483,170.6,647,170.6,906,170.6,947,170.6,1089,170.6,1103,170.6,1365
173.5,1815,173.5,361,173.5,461,173.5,622,173.5,909,173.5,925,173.5,1078,173.5,1195,173.5,1238
176.3,1670,176.3,334,176.3,451,176.3,607,176.3,877,176.3,925,176.3,1096,176.3,1134,176.3,1357
179.1,1581,179.1,322,179.1,450,179.1,645,179.1,875,179.1,880,179.1,945,179.1,1116,179.1,1241
182,1616,182,305,182,405,182,591,182,845,182,827,182,937,182,1030,182,1293
184.8,1497,184.8,288,184.8,418,184.8,589,184.8,807,184.8,861,184.8,960,184.8,1066,184.8,1253
187.6,1449,187.6,270,187.6,363,187.6,567,187.6,795,187.6,799,187.6,900,187.6,991,187.6,1186
190.5,1386,190.5,270,190.5,401,190.5,557,190.5,767,190.5,817,190.5,946,190.5,1006,190.5,1138
193.3,1393,193.3,282,193.3,381,193.3,559,193.3,818,193.3,809,193.3,854,193.3,1020,193.3,1131
196.2,1343,196.2,280,196.2,393,196.2,564,196.2,733,196.2,827,196.2,910,196.2,980,196.2,1039
199,1333,199,264,199,390,199,531,199,701,199,754,199,867,199,934,199,1055
201.8,1341,201.8,257,201.8,387,201.8,484,201.8,679,201.8,724,201.8,893,201.8,965,201.8,1003
204.7,1251,204.7,261,204.7,338,204.7,528,204.7,724,204.7,768,204.7,817,204.7,918,204.7,1054
207.5,1183,207.5,270,207.5,363,207.5,488,207.5,693,207.5,748,207.5,829,207.5,894,207.5,982
210.3,1221,210.3,250,210.3,369,210.3,476,210.3,697,210.3,758,210.3,847,210.3,881,210.3,1060
213.2,1151,213.2,247,213.2,365,213.2,446,213.2,695,213.2,693,213.2,794,213.2,899,213.2,939
216,1206,216,274,216,348,216,493,216,690,216,749,216,805,216,914,216,1039
218.8,1167,218.8,251,218.8,338,218.8,503,218.8,737,218.8,718,218.8,758,218.8,806,218.8,1002
221.7,1129,221.7,221,221.7,318,221.7,455,221.7,695,221.7,683,221.7,751,221.7,871,221.7,996
224.5,1082,224.5,230,224.5,304,224.5,498,224.5,695,224.5,572,224.5,809,224.5,788,224.5,918
227.4,1085,227.4,240,227.4,335,227.4,467,227.4,639,227.4,639,227.4,766,227.4,787,227.4,887
230.2,1005,230.2,218,230.2,280,230.2,456,230.2,659,230.2,688,230.2,770,230.2,772,230.2,901
233,1037,233,249,233,311,233,442,233,601,233,634,233,786,233,838,233,852
235.9,1015,235.9,181,235.9,298,235.9,409,235.9,591,235.9,671,235.9,724,235.9,761,235.9,948
238.7,1142,238.7,221,238.7,272,238.7,413,238.7,630,238.7,636,238.7,752,238.7,822,238.7,878
241.5,1039,241.5,221,241.5,303,241.5,421,241.5,639,241.5,611,241.5,729,241.5,831,241.5,893
244.4,1063,244.4,206,244.4,301,244.4,424,244.4,593,244.4,666,244.4,712,244.4,846,244.4,835
247.2,992,247.2,191,247.2,289,247.2,407,247.2,610,247.2,660,247.2,692,247.2,736,247.2,822
250,965,250,189,250,314,250,435,250,599,250,624,250,702,250,775,250,870
252.9,962,252.9,176,252.9,288,252.9,388,252.9,629,252.9,602,252.9,671,252.9,765,252.9,811
255.7,956,255.7,178,255.7,276,255.7,417,255.7,605,255.7,587,255.7,726,255.7,735,255.7,857
258.6,957,258.6,174,258.6,259,258.6,396,258.6,609,258.6,600,258.6,676,258.6,755,258.6,839
261.4,924,261.4,177,261.4,242,261.4,369,261.4,588,261.4,619,261.4,706,261.4,782,261.4,908
264.2,937,264.2,160,264.2,264,264.2,370,264.2,594,264.2,599,264.2,690,264.2,741,264.2,816
267.1,910,267.1,167,267.1,268,267.1,392,267.1,561,267.1,569,267.1,677,267.1,762,267.1,801
269.9,930,269.9,165,269.9,270,269.9,370,269.9,588,269.9,590,269.9,678,269.9,713,269.9,807
272.7,835,272.7,156,272.7,274,272.7,380,272.7,575,272.7,551,272.7,684,272.7,713,272.7,848
275.6,898,275.6,181,275.6,237,275.6,365,275.6,564,275.6,583,275.6,695,275.6,709,275.6,790
278.4,886,278.4,147,278.4,238,278.4,368,278.4,553,278.4,596,278.4,687,278.4,748,278.4,822
281.2,908,281.2,164,281.2,256,281.2,345,281.2,542,281.2,551,281.2,672,281.2,750,281.2,749
284.1,887,284.1,192,284.1,228,284.1,380,284.1,584,284.1,578,284.1,658,284.1,728,284.1,798
286.9,871,286.9,200,286.9,240,286.9,392,286.9,598,286.9,592,286.9,679,286.9,739,286.9,771
289.8,893,289.8,153,289.8,266,289.8,405,289.8,606,289.8,573,289.8,639,289.8,704,289.8,727
292.6,838,292.6,169,292.6,219,292.6,346,292.6,554,292.6,594,292.6,676,292.6,693,292.6,789
295.4,866,295.4,175,295.4,256,295.4,357,295.4,591,295.4,599,295.4,669,295.4,752,295.4,746
298.3,911,298.3,168,298.3,252,298.3,354,298.3,581,298.3,596,298.3,684,298.3,717,298.3,754
301.1,889,301.1,150,301.1,277,301.1,370,301.1,537,301.1,591,301.1,663,301.1,671,301.1,779
303.9,868,303.9,183,303.9,233,303.9,379,303.9,508,303.9,566,303.9,591,303.9,705,303.9,763
306.8,821,306.8,175,306.8,232,306.8,378,306.8,533,306.8,603,306.8,650,306.8,689,306.8,748
309.6,826,309.6,157,309.6,258,309.6,327,309.6,520,309.6,585,309.6,676,309.6,680,309.6,720
312.4,791,312.4,150,312.4,250,312.4,380,312.4,559,312.4,576,312.4,634,312.4,685,312.4,723
315.3,779,315.3,173,315.3,249,315.3,405,315.3,554,315.3,534,315.3,690,315.3,704,315.3,748
318.1,847,318.1,145,318.1,254,318.1,364,318.1,528,318.1,553,318.1,615,318.1,714,318.1,778
321,819,321,158,321,227,321,383,321,521,321,566,321,650,321,713,321,755
323.8,816,323.8,144,323.8,251,323.8,377,323.8,558,323.8,591,323.8,665,323.8,706,323.8,778
326.6,818,326.6,165,326.6,261,326.6,392,326.6,553,326.6,592,326.6,624,326.6,715,326.6,761
329.5,793,329.5,158,329.5,255,329.5,353,329.5,541,329.5,604,329.5,644,329.5,678,329.5,774
332.3,819,332.3,149,332.3,244,332.3,362,332.3,552,332.3,585,332.3,687,332.3,707,332.3,751
335.1,829,335.1,177,335.1,251,335.1,387,335.1,562,335.1,641,335.1,650,335.1,704,335.1,776
338,833,338,153,338,241,338,347,338,561,338,593,338,647,338,660,338,773
340.8,822,340.8,160,340.8,241,340.8,411,340.8,583,340.8,574,340.8,645,340.8,695,340.8,742
343.7,813,343.7,145,343.7,234,343.7,393,343.7,579,343.7,564,343.7,695,343.7,701,343.7,679
346.5,821,346.5,162,346.5,231,346.5,397,346.5,526,346.5,571,346.5,619,346.5,725,346.5,735
349.3,849,349.3,164,349.3,242,349.3,391,349.3,534,349.3,598,349.3,686,349.3,670,349.3,774
352.2,812,352.2,142,352.2,231,352.2,379,352.2,575,352.2,577,352.2,674,352.2,716,352.2,752
355,807,355,131,355,227,355,357,355,622,355,553,355,679,355,730,355,758
357.8,792,357.8,170,357.8,230,357.8,335,357.8,580,357.8,581,357.8,696,357.8,737,357.8,798
360.7,875,360.7,167,360.7,234,360.7,379,360.7,564,360.7,598,360.7,640,360.7,719,360.7,770
363.5,818,363.5,159,363.5,233,363.5,364,363.5,571,363.5,536,363.5,638,363.5,646,363.5,786
366.3,811,366.3,147,366.3,244,366.3,371,366.3,527,366.3,601,366.3,611,366.3,700,366.3,736
369.2,873,369.2,152,369.2,246,369.2,383,369.2,542,369.2,557,369.2,658,369.2,674,369.2,756
372,799,372,160,372,227,372,350,372,572,372,583,372,696,372,697,372,737
374.9,887,374.9,179,374.9,235,374.9,343,374.9,561,374.9,583,374.9,645,374.9,720,374.9,763
377.7,877,377.7,149,377.7,257,377.7,405,377.7,586,377.7,606,377.7,657,377.7,677,377.7,779
380.5,827,380.5,156,380.5,239,380.5,377,380.5,602,380.5,555,380.5,640,380.5,712,380.5,781
383.4,833,383.4,162,383.4,260,383.4,393,383.4,577,383.4,587,383.4,651,383.4,730,383.4,776
386.2,820,386.2,153,386.2,259,386.2,407,386.2,594,386.2,574,386.2,634,386.2,715,386.2,786
389,893,389,157,389,258,389,371,389,536,389,605,389,689,389,722,389,728
391.9,888,391.9,149,391.9,226,391.9,427,391.9,574,391.9,606,391.9,669,391.9,718,391.9,758
394.7,831,394.7,160,394.7,226,394.7,387,394.7,623,394.7,565,394.7,677,394.7,761,394.7,731
397.5,856,397.5,161,397.5,243,397.5,403,397.5,602,397.5,601,397.5,677,397.5,764,397.5,797
400.4,914,400.4,162,400.4,247,400.4,374,400.4,549,400.4,599,400.4,657,400.4,723,400.4,811
403.2,878,403.2,168,403.2,257,403.2,388,403.2,583,403.2,588,403.2,676,403.2,751,403.2,789
406.1,897,406.1,164,406.1,250,406.1,407,406.1,581,406.1,610,406.1,664,406.1,679,406.1,802
408.9,842,408.9,146,408.9,232,408.9,405,408.9,642,408.9,625,408.9,683,408.9,732,408.9,824
411.7,902,411.7,161,411.7,238,411.7,409,411.7,557,411.7,618,411.7,659,411.7,717,411.7,815
414.6,888,414.6,156,414.6,260,414.6,393,414.6,633,414.6,656,414.6,691,414.6,732,414.6,859
417.4,888,417.4,153,417.4,291,417.4,391,417.4,620,417.4,633,417.4,725,417.4,723,417.4,828
420.2,885,420.2,165,420.2,257,420.2,414,420.2,643,420.2,618,420.2,740,420.2,746,420.2,748
423.1,809,423.1,162,423.1,260,423.1,381,423.1,606,423.1,620,423.1,676,423.1,775,423.1,769
425.9,871,425.9,171,425.9,261,425.9,405,425.9,547,425.9,569,425.9,639,425.9,779,425.9,786
428.7,885,428.7,157,428.7,276,428.7,414,428.7,573,428.7,633,428.7,652,428.7,728,428.7,799
431.6,884,431.6,166,431.6,243,431.6,373,431.6,637,431.6,648,431.6,667,431.6,732,431.6,817
434.4,851,434.4,151,434.4,233,434.4,376,434.4,559,434.4,612,434.4,651,434.4,737,434.4,780
437.3,828,437.3,143,437.3,239,437.3,382,437.3,589,437.3,599,437.3,663,437.3,725,437.3,754
440.1,807,440.1,144,440.1,248,440.1,365,440.1,609,440.1,539,440.1,623,440.1,695,440.1,751
442.9,849,442.9,151,442.9,236,442.9,382,442.9,571,442.9,595,442.9,663,442.9,703,442.9,760
445.8,804,445.8,148,445.8,237,445.8,360,445.8,578,445.8,616,445.8,618,445.8,728,445.8,739
448.6,746,448.6,144,448.6,236,448.6,369,448.6,555,448.6,550,448.6,621,448.6,616,448.6,673
451.4,657,451.4,154,451.4,231,451.4,376,451.4,562,451.4,545,451.4,590,451.4,631,451.4,692
454.3,631,454.3,108,454.3,208,454.3,348,454.3,507,454.3,487,454.3,549,454.3,629,454.3,680
457.1,606,457.1,119,457.1,208,457.1,334,457.1,534,457.1,473,457.1,562,457.1,584,457.1,652
459.9,632,459.9,129,459.9,206,459.9,323,459.9,475,459.9,482,459.9,499,459.9,569,459.9,596
462.8,520,462.8,136,462.8,198,462.8,300,462.8,438,462.8,466,462.8,523,462.8,525,462.8,571
465.6,484,465.6,124,465.6,181,465.6,292,465.6,431,465.6,434,465.6,454,465.6,526,465.6,560
468.5,461,468.5,113,468.5,188,468.5,282,468.5,383,468.5,396,468.5,475,468.5,470,468.5,524
471.3,457,471.3,107,471.3,184,471.3,276,471.3,394,471.3,411,471.3,417,471.3,439,471.3,439
474.1,413,474.1,121,474.1,162,474.1,259,474.1,340,474.1,384,474.1,419,474.1,445,474.1,449
477,352,477,119,477,171,477,253,477,338,477,338,477,378,477,422,477,431
479.8,359,479.8,117,479.8,147,479.8,219,479.8,345,479.8,310,479.8,348,479.8,350,479.8,390
482.6,356,482.6,108,482.6,153,482.6,219,482.6,269,482.6,320,482.6,362,482.6,340,482.6,355
485.5,325,485.5,108,485.5,158,485.5,214,485.5,310,485.5,330,485.5,309,485.5,326,485.5,358
488.3,317,488.3,127,488.3,158,488.3,237,488.3,300,488.3,322,488.3,293,488.3,350,488.3,344
491.1,274,491.1,111,491.1,149,491.1,219,491.1,256,491.1,266,491.1,294,491.1,296,491.1,305
494,327,494,131,494,156,494,197,494,256,494,310,494,317,494,296,494,330
496.8,262,496.8,121,496.8,158,496.8,200,496.8,301,496.8,268,496.8,310,496.8,307,496.8,274
499.7,317,499.7,111,499.7,158,499.7,205,499.7,265,499.7,283,499.7,285,499.7,287,499.7,277
502.5,255,502.5,115,502.5,140,502.5,198,502.5,275,502.5,275,502.5,267,502.5,287,502.5,277
505.3,252,505.3,113,505.3,148,505.3,202,505.3,256,505.3,261,505.3,260,505.3,283,505.3,305
508.2,242,508.2,123,508.2,165,508.2,200,508.2,292,508.2,262,508.2,209,508.2,238,508.2,297
511,274,511,106,511,160,511,210,511,257,511,269,511,269,511,280,511,265
513.8,246,513.8,123,513.8,163,513.8,233,513.8,248,513.8,279,513.8,292,513.8,238,513.8,268
516.7,245,516.7,107,516.7,152,516.7,224,516.7,264,516.7,276,516.7,243,516.7,244,516.7,248
519.5,216,519.5,99,519.5,143,519.5,228,519.5,244,519.5,243,519.5,260,519.5,224,519.5,226
522.3,204,522.3,100,522.3,157,522.3,235,522.3,229,522.3,241,522.3,229,522.3,258,522.3,227
525.2,189,525.2,110,525.2,130,525.2,175,525.2,213,525.2,218,525.2,230,525.2,235,525.2,221
528,213,528,125,528,113,528,153,528,233,528,234,528,225,528,221,528,219
530.9,188,530.9,114,530.9,136,530.9,201,530.9,194,530.9,227,530.9,205,530.9,219,530.9,218
533.7,183,533.7,97,533.7,154,533.7,185,533.7,211,533.7,200,533.7,202,533.7,210,533.7,187
536.5,175,536.5,92,536.5,136,536.5,183,536.5,221,536.5,205,536.5,211,536.5,194,536.5,231
539.4,163,539.4,97,539.4,143,539.4,172,539.4,212,539.4,199,539.4,224,539.4,192,539.4,174
542.2,147,542.2,98,542.2,114,542.2,167,542.2,184,542.2,173,542.2,161,542.2,188,542.2,192
545,148,545,90,545,114,545,162,545,167,545,213,545,182,545,181,545,182
547.9,132,547.9,89,547.9,113,547.9,146,547.9,170,547.9,184,547.9,195,547.9,174,547.9,162
550.7,138,550.7,71,550.7,122,550.7,161,550.7,205,550.7,166,550.7,189,550.7,171,550.7,186
553.5,114,553.5,97,553.5,115,553.5,158,553.5,189,553.5,195,553.5,151,553.5,173,553.5,148
556.4,108,556.4,71,556.4,133,556.4,159,556.4,154,556.4,179,556.4,183,556.4,154,556.4,164
559.2,138,559.2,87,559.2,107,559.2,135,559.2,166,559.2,169,559.2,186,559.2,172,559.2,151
562.1,115,562.1,84,562.1,112,562.1,150,562.1,161,562.1,184,562.1,175,562.1,148,562.1,158
564.9,108,564.9,84,564.9,114,564.9,149,564.9,185,564.9,162,564.9,181,564.9,171,564.9,162
567.7,119,567.7,71,567.7,117,567.7,165,567.7,174,567.7,171,567.7,149,567.7,145,567.7,147
570.6,140,570.6,88,570.6,106,570.6,149,570.6,140,570.6,184,570.6,159,570.6,145,570.6,131
573.4,123,573.4,91,573.4,105,573.4,158,573.4,185,573.4,166,573.4,157,573.4,153,573.4,111
576.2,113,576.2,93,576.2,128,576.2,145,576.2,163,576.2,143,576.2,141,576.2,142,576.2,142
579.1,122,579.1,83,579.1,112,579.1,145,579.1,169,579.1,153,579.1,148,579.1,144,579.1,131
581.9,107,581.9,83,581.9,121,581.9,150,581.9,154,581.9,164,581.9,153,581.9,166,581.9,125
584.7,113,584.7,85,584.7,110,584.7,159,584.7,174,584.7,165,584.7,144,584.7,139,584.7,128
587.6,101,587.6,88,587.6,122,587.6,146,587.6,168,587.6,155,587.6,136,587.6,162,587.6,127
590.4,115,590.4,95,590.4,115,590.4,133,590.4,155,590.4,147,590.4,149,590.4,115,590.4,120
593.3,110,593.3,93,593.3,116,593.3,125,593.3,140,593.3,150,593.3,133,593.3,149,593.3,111
596.1,88,596.1,102,596.1,121,596.1,137,596.1,136,596.1,137,596.1,151,596.1,142,596.1,122
598.9,111,598.9,91,598.9,100,598.9,149,598.9,157,598.9,152,598.9,153,598.9,163,598.9,108
601.8,113,601.8,86,601.8,116,601.8,148,601.8,146,601.8,145,601.8,141,601.8,158,601.8,118
604.6,121,604.6,74,604.6,125,604.6,135,604.6,162,604.6,130,604.6,147,604.6,141,604.6,115
607.4,169,607.4,74,607.4,111,607.4,133,607.4,137,607.4,181,607.4,140,607.4,133,607.4,123
610.3,177,610.3,96,610.3,114,610.3,177,610.3,141,610.3,198,610.3,175,610.3,126,610.3,155
613.1,244,613.1,86,613.1,123,613.1,146,613.1,178,613.1,184,613.1,158,613.1,179,613.1,140
615.9,291,615.9,108,615.9,164,615.9,183,615.9,208,615.9,174,615.9,195,615.9,195,615.9,154
618.8,387,618.8,125,618.8,139,618.8,202,618.8,228,618.8,210,618.8,232,618.8,231,618.8,215
621.6,448,621.6,123,621.6,134,621.6,226,621.6,255,621.6,235,621.6,278,621.6,271,621.6,253
624.5,667,624.5,129,624.5,171,624.5,263,624.5,335,624.5,322,624.5,302,624.5,309,624.5,316
627.3,860,627.3,148,627.3,192,627.3,274,627.3,384,627.3,381,627.3,384,627.3,384,627.3,405
630.1,998,630.1,160,630.1,234,630.1,363,630.1,421,630.1,452,630.1,495,630.1,491,630.1,485
633,1255,633,192,633,241,633,396,633,519,633,540,633,563,633,599,633,640
635.8,1587,635.8,195,635.8,296,635.8,459,635.8,695,635.8,647,635.8,750,635.8,713,635.8,822
638.6,1825,638.6,214,638.6,342,638.6,554,638.6,758,638.6,796,638.6,859,638.6,869,638.6,973
641.5,2170,641.5,269,641.5,394,641.5,626,641.5,946,641.5,928,641.5,1018,641.5,1136,641.5,1142
644.3,2691,644.3,259,644.3,478,644.3,748,644.3,1195,644.3,1105,644.3,1289,644.3,1366,644.3,1453
647.1,2902,647.1,320,647.1,502,647.1,815,647.1,1333,647.1,1326,647.1,1464,647.1,1633,647.1,1783
650,3220,650,385,650,585,650,1012,650,1533,650,1565,650,1757,650,1939,650,2034
652.8,3707,652.8,424,652.8,719,652.8,1065,652.8,1712,652.8,1667,652.8,1963,652.8,2163,652.8,2376
655.7,3968,655.7,448,655.7,691,655.7,1165,655.7,1885,655.7,1949,655.7,2242,655.7,2399,655.7,2636
658.5,4166,658.5,435,658.5,775,658.5,1314,658.5,2067,658.5,2099,658.5,2440,658.5,2815,658.5,2873
661.3,4377,661.3,488,661.3,809,661.3,1296,661.3,2261,661.3,2236,661.3,2677,661.3,2857,661.3,3191
664.2,4501,664.2,495,664.2,859,664.2,1368,664.2,2335,664.2,2545,664.2,2853,664.2,3170,664.2,3332
667,4360,667,561,667,907,667,1474,667,2555,667,2567,667,2974,667,3435,667,3671
669.8,4187,669.8,482,669.8,872,669.8,1465,669.8,2467,669.8,2507,669.8,2990,669.8,3289,669.8,3598
672.7,3970,672.7,475,672.7,817,672.7,1415,672.7,2417,672.7,2388,672.7,2911,672.7,3312,672.7,3609
675.5,3863,675.5,465,675.5,781,675.5,1343,675.5,2444,675.5,2536,675.5,3027,675.5,3393,675.5,3786
678.3,3745,678.3,463,678.3,796,678.3,1431,678.3,2432,678.3,2547,678.3,2914,678.3,3304,678.3,3753
681.2,3347,681.2,414,681.2,738,681.2,1306,681.2,2289,681.2,2391,681.2,2871,681.2,3235,681.2,3567
684,2885,684,366,684,680,684,1205,684,2089,684,2137,684,2567,684,3041,684,3358
686.9,2553,686.9,305,686.9,618,686.9,1142,686.9,1961,686.9,2023,686.9,2424,686.9,2851,686.9,3150
689.7,2189,689.7,299,689.7,495,689.7,971,689.7,1768,689.7,1781,689.7,2210,689.7,2501,689.7,2816
692.5,1794,692.5,270,692.5,442,692.5,827,692.5,1487,692.5,1636,692.5,1871,692.5,2274,692.5,2524
695.4,1446,695.4,212,695.4,390,695.4,743,695.4,1326,695.4,1329,695.4,1666,695.4,1992,695.4,2162
698.2,1203,698.2,191,698.2,295,698.2,583,698.2,1068,698.2,1178,698.2,1347,698.2,1665,698.2,1824
701,931,701,154,701,244,701,528,701,909,701,971,701,1152,701,1384,701,1516
703.9,763,703.9,95,703.9,222,703.9,392,703.9,748,703.9,762,703.9,947,703.9,1152,703.9,1209
706.7,551,706.7,90,706.7,145,706.7,319,706.7,549,706.7,612,706.7,761,706.7,865,706.7,963
709.6,367,709.6,51,709.6,136,709.6,235,709.6,433,709.6,473,709.6,569,709.6,695,709.6,790
712.4,298,712.4,43,712.4,90,712.4,183,712.4,357,712.4,351,712.4,471,712.4,542,712.4,579
715.2,210,715.2,31,715.2,83,715.2,113,715.2,252,715.2,264,715.2,361,715.2,407,715.2,475
718.1,130,718.1,39,718.1,44,718.1,114,718.1,188,718.1,214,718.1,248,718.1,268,718.1,331
720.9,94,720.9,21,720.9,40,720.9,64,720.9,144,720.9,126,720.9,175,720.9,217,720.9,230
723.7,79,723.7,21,723.7,30,723.7,52,723.7,87,723.7,77,723.7,123,723.7,148,723.7,175
726.6,47,726.6,11,726.6,24,726.6,30,726.6,62,726.6,68,726.6,82,726.6,103,726.6,114
729.4,31,729.4,13,729.4,9,729.4,25,729.4,51,729.4,50,729.4,67,729.4,63,729.4,73
732.2,17,732.2,5,732.2,14,732.2,20,732.2,27,732.2,33,732.2,48,732.2,55,732.2,58
735.1,18,735.1,7,735.1,9,735.1,17,735.1,22,735.1,30,735.1,24,735.1,27,735.1,32
737.9,16,737.9,5,737.9,11,737.9,10,737.9,21,737.9,13,737.9,23,737.9,31,737.9,23
740.8,13,740.8,7,740.8,5,740.8,10,740.8,14,740.8,14,740.8,19,740.8,14,740.8,22
743.6,9,743.6,4,743.6,5,743.6,9,743.6,8,743.6,9,743.6,9,743.6,10,743.6,13
746.4,18,746.4,7,746.4,3,746.4,3,746.4,12,746.4,9,746.4,13,746.4,10,746.4,12
749.3,15,749.3,7,749.3,5,749.3,5,749.3,11,749.3,7,749.3,5,749.3,6,749.3,9
752.1,9,752.1,4,752.1,10,752.1,6,752.1,4,752.1,7,752.1,8,752.1,6,752.1,12
754.9,8,754.9,2,754.9,9,754.9,10,754.9,6,754.9,5,754.9,10,754.9,12,754.9,9
757.8,6,757.8,4,757.8,4,757.8,4,757.8,10,757.8,5,757.8,3,757.8,11,757.8,4
760.6,9,760.6,7,760.6,5,760.6,1,760.6,2,760.6,9,760.6,6,760.6,12,760.6,12
763.4,8,763.4,8,763.4,5,763.4,6,763.4,10,763.4,7,763.4,8,763.4,10,763.4,6
766.3,7,766.3,7,766.3,8,766.3,12,766.3,7,766.3,8,766.3,10,766.3,4,766.3,12
769.1,9,769.1,8,769.1,3,769.1,2,769.1,5,769.1,6,769.1,4,769.1,8,769.1,3
772,10,772,3,772,10,772,3,772,5,772,4,772,4,772,10,772,9
774.8,10,774.8,2,774.8,3,774.8,4,774.8,5,774.8,7,774.8,2,774.8,4,774.8,9
777.6,11,777.6,4,777.6,5,777.6,3,777.6,7,777.6,5,777.6,5,777.6,6,777.6,10
780.5,8,780.5,4,780.5,3,780.5,7,780.5,3,780.5,6,780.5,7,780.5,3,780.5,7
783.3,16,783.3,7,783.3,4,783.3,2,783.3,5,783.3,5,783.3,4,783.3,6,783.3,8
786.1,12,786.1,8,786.1,5,786.1,4,786.1,6,786.1,6,786.1,6,786.1,5,786.1,15
789,9,789,5,789,5,789,8,789,4,789,11,789,5,789,5,789,6
791.8,10,791.8,6,791.8,3,791.8,6,791.8,4,791.8,7,791.8,5,791.8,6,791.8,4
794.6,2,794.6,3,794.6,4,794.6,7,794.6,4,794.6,8,794.6,10,794.6,5,794.6,7
797.5,7,797.5,4,797.5,3,797.5,10,797.5,10,797.5,5,797.5,10,797.5,10,797.5,5
800.3,8,800.3,9,800.3,1,800.3,10,800.3,5,800.3,12,800.3,8,800.3,9,800.3,7
803.2,9,803.2,9,803.2,2,803.2,6,803.2,4,803.2,1,803.2,8,803.2,8,803.2,4
806,8,806,6,806,8,806,5,806,10,806,11,806,7,806,4,806,7
808.8,6,808.8,9,808.8,5,808.8,6,808.8,5,808.8,13,808.8,3,808.8,6,808.8,2
811.7,6,811.7,4,811.7,4,811.7,5,811.7,5,811.7,4,811.7,7,811.7,3,811.7,4
814.5,10,814.5,3,814.5,7,814.5,4,814.5,8,814.5,5,814.5,12,814.5,7,814.5,11
817.3,11,817.3,3,817.3,9,817.3,4,817.3,5,817.3,2,817.3,7,817.3,3,817.3,9
820.2,7,820.2,6,820.2,4,820.2,5,820.2,6,820.2,4,820.2,8,820.2,9,820.2,4
823,10,823,8,823,5,823,9,823,2,823,11,823,5,823,5,823,8
825.8,6,825.8,3,825.8,3,825.8,7,825.8,5,825.8,5,825.8,3,825.8,7,825.8,11
828.7,12,828.7,2,828.7,2,828.7,6,828.7,6,828.7,8,828.7,10,828.7,6,828.7,6
831.5,2,831.5,9,831.5,5,831.5,3,831.5,6,831.5,6,831.5,3,831.5,5,831.5,4
834.4,5,834.4,9,834.4,3,834.4,4,834.4,3,834.4,6,834.4,10,834.4,6,834.4,6
837.2,9,837.2,8,837.2,4,837.2,10,837.2,11,837.2,8,837.2,6,837.2,6,837.2,12
840,8,840,9,840,2,840,10,840,4,840,4,840,6,840,3,840,8
842.9,7,842.9,8,842.9,4,842.9,9,842.9,8,842.9,8,842.9,7,842.9,7,842.9,10
845.7,6,845.7,7,845.7,8,845.7,6,845.7,9,845.7,3,845.7,9,845.7,3,845.7,3
848.5,11,848.5,4,848.5,6,848.5,2,848.5,2,848.5,5,848.5,6,848.5,8,848.5,6
851.4,6,851.4,3,851.4,4,851.4,5,851.4,8,851.4,4,851.4,9,851.4,6,851.4,7
854.2,8,854.2,10,854.2,3,854.2,5,854.2,5,854.2,5,854.2,6,854.2,2,854.2,7
857,8,857,3,857,3,857,4,857,6,857,5,857,1,857,12,857,3
859.9,5,859.9,11,859.9,4,859.9,6,859.9,7,859.9,4,859.9,3,859.9,8,859.9,8
862.7,6,862.7,5,862.7,7,862.7,5,862.7,9,862.7,5,862.7,12,862.7,6,862.7,6
865.6,10,865.6,9,865.6,7,865.6,3,865.6,9,865.6,4,865.6,10,865.6,8,865.6,4
868.4,9,868.4,10,868.4,11,868.4,4,868.4,5,868.4,5,868.4,11,868.4,8,868.4,9
871.2,5,871.2,6,871.2,4,871.2,3,871.2,7,871.2,3,871.2,5,871.2,5,871.2,8
874.1,9,874.1,4,874.1,6,874.1,2,874.1,5,874.1,2,874.1,8,874.1,4,874.1,8
876.9,9,876.9,5,876.9,4,876.9,2,876.9,9,876.9,11,876.9,4,876.9,7,876.9,5
879.7,10,879.7,6,879.7,6,879.7,5,879.7,3,879.7,6,879.7,9,879.7,5,879.7,6
882.6,4,882.6,5,882.6,3,882.6,7,882.6,11,882.6,10,882.6,4,882.6,7,882.6,6
885.4,7,885.4,5,885.4,7,885.4,6,885.4,5,885.4,5,885.4,7,885.4,8,885.4,6
888.2,12,888.2,5,888.2,4,888.2,6,888.2,5,888.2,6,888.2,6,888.2,6,888.2,6
891.1,9,891.1,5,891.1,6,891.1,2,891.1,8,891.1,10,891.1,5,891.1,4,891.1,5
893.9,4,893.9,7,893.9,8,893.9,4,893.9,4,893.9,11,893.9,2,893.9,7,893.9,4
896.8,6,896.8,5,896.8,3,896.8,4,896.8,7,896.8,3,896.8,10,896.8,8,896.8,8
899.6,13,899.6,9,899.6,6,899.6,8,899.6,5,899.6,3,899.6,9,899.6,5,899.6,5
902.4,8,902.4,3,902.4,3,902.4,6,902.4,7,902.4,2,902.4,5,902.4,5,902.4,11
905.3,9,905.3,4,905.3,5,905.3,11,905.3,7,905.3,3,905.3,8,905.3,5,905.3,4
908.1,5,908.1,7,908.1,10,908.1,11,908.1,3,908.1,13,908.1,2,908.1,9,908.1,7
910.9,6,910.9,4,910.9,7,910.9,6,910.9,4,910.9,3,910.9,4,910.9,15,910.9,5
913.8,10,913.8,2,913.8,4,913.8,8,913.8,4,913.8,9,913.8,9,913.8,2,913.8,3
916.6,13,916.6,7,916.6,4,916.6,7,916.6,7,916.6,4,916.6,3,916.6,8,916.6,6
919.4,11,919.4,4,919.4,7,919.4,4,919.4,4,919.4,6,919.4,7,919.4,5,919.4,5
922.3,8,922.3,6,922.3,8,922.3,7,922.3,11,922.3,11,922.3,7,922.3,4,922.3,10
925.1,10,925.1,4,925.1,4,925.1,1,925.1,5,925.1,4,925.1,9,925.1,7,925.1,7
928,5,928,6,928,5,928,4,928,4,928,5,928,4,928,6,928,8
930.8,10,930.8,3,930.8,3,930.8,4,930.8,5,930.8,3,930.8,6,930.8,10,930.8,4
933.6,6,933.6,8,933.6,6,933.6,7,933.6,2,933.6,3,933.6,8,933.6,11,933.6,6
936.5,8,936.5,5,936.5,6,936.5,5,936.5,4,936.5,4,936.5,2,936.5,6,936.5,9
939.3,10,939.3,3,939.3,6,939.3,8,939.3,7,939.3,9,939.3,4,939.3,5,939.3,8
942.1,8,942.1,3,942.1,4,942.1,7,942.1,14,942.1,10,942.1,4,942.1,8,942.1,4
945,10,945,5,945,6,945,7,945,13,945,7,945,3,945,1,945,4
947.8,4,947.8,12,947.8,4,947.8,10,947.8,4,947.8,7,947.8,3,947.8,5,947.8,3
950.6,7,950.6,5,950.6,2,950.6,9,950.6,3,950.6,7,950.6,7,950.6,7,950.6,5
953.5,7,953.5,5,953.5,3,953.5,5,953.5,3,953.5,4,953.5,6,953.5,5,953.5,6
956.3,9,956.3,4,956.3,7,956.3,10,956.3,4,956.3,6,956.3,4,956.3,6,956.3,2
959.2,2,959.2,4,959.2,10,959.2,10,959.2,5,959.2,6,959.2,6,959.2,9,959.2,9
962,5,962,2,962,5,962,4,962,4,962,6,962,3,962,5,962,9
964.8,16,964.8,2,964.8,7,964.8,2,964.8,3,964.8,7,964.8,7,964.8,4,964.8,4
967.7,6,967.7,3,967.7,3,967.7,3,967.7,10,967.7,5,967.7,15,967.7,12,967.7,7
970.5,4,970.5,5,970.5,5,970.5,6,970.5,7,970.5,9,970.5,4,970.5,7,970.5,7
973.3,8,973.3,4,973.3,6,973.3,6,973.3,1,973.3,5,973.3,3,973.3,4,973.3,6
976.2,4,976.2,6,976.2,2,976.2,4,976.2,4,976.2,8,976.2,4,976.2,2,976.2,3
979,4,979,4,979,3,979,5,979,9,979,2,979,6,979,5,979,10
981.8,7,981.8,8,981.8,6,981.8,5,981.8,4,981.8,3,981.8,7,981.8,5,981.8,6
984.7,4,984.7,4,984.7,4,984.7,3,984.7,9,984.7,4,984.7,7,984.7,5,984.7,3
987.5,11,987.5,4,987.5,6,987.5,4,987.5,5,987.5,4,987.5,4,987.5,6,987.5,8
990.4,13,990.4,4,990.4,4,990.4,9,990.4,5,990.4,5,990.4,6,990.4,3,990.4,2
993.2,9,993.2,4,993.2,5,993.2,5,993.2,7,993.2,7,993.2,2,993.2,3,993.2,3
996,3,996,3,996,4,996,8,996,3,996,8,996,5,996,5,996,4
998.9,5,998.9,7,998.9,6,998.9,4,998.9,10,998.9,8,998.9,6,998.9,8,998.9,4
1001.7,4,1001.7,5,1001.7,5,1001.7,7,1001.7,3,1001.7,6,1001.7,3,1001.7,5,1001.7,1
1004.5,12,1004.5,5,1004.5,6,1004.5,6,1004.5,8,1004.5,1,1004.5,8,1004.5,7,1004.5,3
1007.4,7,1007.4,5,1007.4,2,1007.4,2,1007.4,3,1007.4,6,1007.4,2,1007.4,7,1007.4,4
1010.2,7,1010.2,4,1010.2,6,1010.2,3,1010.2,5,1010.2,3,1010.2,4,1010.2,5,1010.2,1
1013,5,1013,0,1013,5,1013,1,1013,3,1013,4,1013,4,1013,2,1013,8
1015.9,4,1015.9,6,1015.9,3,1015.9,1,1015.9,4,1015.9,7,1015.9,6,1015.9,9,1015.9,4
1018.7,5,1018.7,5,1018.7,6,1018.7,2,1018.7,3,1018.7,5,1018.7,0,1018.7,5,1018.7,4
1021.6,6,1021.6,6,1021.6,5,1021.6,5,1021.6,12,1021.6,8,1021.6,3,1021.6,3,1021.6,5
1024.4,8,1024.4,3,1024.4,2,1024.4,6,1024.4,5,1024.4,5,1024.4,4,1024.4,11,1024.4,2
1027.2,3,1027.2,4,1027.2,3,1027.2,2,1027.2,4,1027.2,2,1027.2,2,1027.2,7,1027.2,5
1030.1,2,1030.1,1,1030.1,3,1030.1,3,1030.1,6,1030.1,5,1030.1,4,1030.1,8,1030.1,3
1032.9,5,1032.9,4,1032.9,5,1032.9,1,1032.9,2,1032.9,2,1032.9,2,1032.9,7,1032.9,10
1035.7,1,1035.7,5,1035.7,2,1035.7,5,1035.7,2,1035.7,5,1035.7,5,1035.7,4,1035.7,9
1038.6,4,1038.6,5,1038.6,4,1038.6,3,1038.6,2,1038.6,5,1038.6,1,1038.6,7,1038.6,6
1041.4,5,1041.4,4,1041.4,3,1041.4,2,1041.4,2,1041.4,5,1041.4,0,1041.4,5,1041.4,5
1044.2,4,1044.2,5,1044.2,1,1044.2,3,1044.2,3,1044.2,3,1044.2,2,1044.2,12,1044.2,6
1047.1,3,1047.1,1,1047.1,1,1047.1,5,1047.1,2,1047.1,3,1047.1,5,1047.1,2,1047.1,2
1049.9,2,1049.9,6,1049.9,6,1049.9,4,1049.9,8,1049.9,2,1049.9,1,1049.9,4,1049.9,3
1052.8,3,1052.8,6,1052.8,6,1052.8,3,1052.8,7,1052.8,2,1052.8,4,1052.8,9,1052.8,6
1055.6,3,1055.6,5,1055.6,2,1055.6,1,1055.6,6,1055.6,3,1055.6,6,1055.6,1,1055.6,3
1058.4,5,1058.4,6,1058.4,1,1058.4,4,1058.4,2,1058.4,4,1058.4,1,1058.4,2,1058.4,4
1061.3,4,1061.3,4,1061.3,3,1061.3,4,1061.3,3,1061.3,2,1061.3,5,1061.3,6,1061.3,5
1064.1,7,1064.1,4,1064.1,4,1064.1,6,1064.1,3,1064.1,5,1064.1,4,1064.1,3,1064.1,5
1066.9,4,1066.9,4,1066.9,4,1066.9,2,1066.9,6,1066.9,3,1066.9,3,1066.9,6,1066.9,3
1069.8,5,1069.8,2,1069.8,7,1069.8,2,1069.8,4,1069.8,2,1069.8,0,1069.8,5,1069.8,5
1072.6,3,1072.6,4,1072.6,3,1072.6,2,1072.6,5,1072.6,3,1072.6,7,1072.6,3,1072.6,3
1075.4,4,1075.4,5,1075.4,3,1075.4,4,1075.4,7,1075.4,3,1075.4,5,1075.4,7,1075.4,2
1078.3,3,1078.3,7,1078.3,2,1078.3,3,1078.3,4,1078.3,4,1078.3,9,1078.3,4,1078.3,6
1081.1,4,1081.1,2,1081.1,3,1081.1,4,1081.1,1,1081.1,1,1081.1,0,1081.1,2,1081.1,5
1084,5,1084,2,1084,1,1084,1,1084,4,1084,1,1084,5,1084,5,1084,2
1086.8,3,1086.8,2,1086.8,4,1086.8,2,1086.8,6,1086.8,2,1086.8,4,1086.8,2,1086.8,3
1089.6,4,1089.6,6,1089.6,4,1089.6,2,1089.6,3,1089.6,2,1089.6,3,1089.6,3,1089.6,2
1092.5,2,1092.5,6,1092.5,2,1092.5,3,1092.5,2,1092.5,2,1092.5,2,1092.5,3,1092.5,4
1095.3,10,1095.3,4,1095.3,4,1095.3,4,1095.3,3,1095.3,4,1095.3,1,1095.3,4,1095.3,4
1098.1,5,1098.1,4,1098.1,2,1098.1,4,1098.1,3,1098.1,5,1098.1,3,1098.1,5,1098.1,0
1101,3,1101,1,1101,0,1101,3,1101,5,1101,4,1101,2,1101,2,1101,5
1103.8,6,1103.8,1,1103.8,4,1103.8,4,1103.8,1,1103.8,2,1103.8,5,1103.8,5,1103.8,1
1106.7,9,1106.7,6,1106.7,3,1106.7,6,1106.7,1,1106.7,3,1106.7,3,1106.7,5,1106.7,1
1109.5,6,1109.5,3,1109.5,3,1109.5,4,1109.5,5,1109.5,3,1109.5,3,1109.5,3,1109.5,6
1112.3,6,1112.3,4,1112.3,4,1112.3,4,1112.3,1,1112.3,4,1112.3,5,1112.3,4,1112.3,3
1115.2,5,1115.2,2,1115.2,2,1115.2,2,1115.2,2,1115.2,2,1115.2,4,1115.2,4,1115.2,3
1118,1,1118,1,1118,4,1118,5,1118,2,1118,4,1118,1,1118,5,1118,3
1120.8,1,1120.8,5,1120.8,2,1120.8,3,1120.8,3,1120.8,4,1120.8,5,1120.8,4,1120.8,4
1123.7,4,1123.7,3,1123.7,5,1123.7,4,1123.7,3,1123.7,1,1123.7,3,1123.7,3,1123.7,2
1126.5,3,1126.5,3,1126.5,3,1126.5,4,1126.5,3,1126.5,6,1126.5,5,1126.5,2,1126.5,2
1129.3,4,1129.3,3,1129.3,2,1129.3,5,1129.3,5,1129.3,1,1129.3,4,1129.3,4,1129.3,5
1132.2,4,1132.2,3,1132.2,3,1132.2,5,1132.2,6,1132.2,4,1132.2,2,1132.2,1,1132.2,3
1135,1,1135,2,1135,3,1135,1,1135,2,1135,4,1135,4,1135,3,1135,4
1137.9,3,1137.9,6,1137.9,1,1137.9,0,1137.9,4,1137.9,1,1137.9,4,1137.9,5,1137.9,7
1140.7,3,1140.7,1,1140.7,0,1140.7,0,1140.7,2,1140.7,3,1140.7,2,1140.7,3,1140.7,3
1143.5,1,1143.5,5,1143.5,5,1143.5,5,1143.5,2,1143.5,5,1143.5,2,1143.5,4,1143.5,4
1146.4,3,1146.4,4,1146.4,4,1146.4,4,1146.4,1,1146.4,2,1146.4,2,1146.4,0,1146.4,3
1149.2,3,1149.2,5,1149.2,2,1149.2,4,1149.2,6,1149.2,5,1149.2,4,1149.2,4,1149.2,4
1152,1,1152,3,1152,4,1152,1,1152,4,1152,2,1152,9,1152,5,1152,2
1154.9,6,1154.9,2,1154.9,5,1154.9,5,1154.9,1,1154.9,2,1154.9,5,1154.9,3,1154.9,3
1157.7,3,1157.7,1,1157.7,1,1157.7,6,1157.7,5,1157.7,1,1157.7,5,1157.7,7,1157.7,6
1160.5,5,1160.5,6,1160.5,4,1160.5,7,1160.5,1,1160.5,5,1160.5,2,1160.5,0,1160.5,3
1163.4,6,1163.4,3,1163.4,6,1163.4,7,1163.4,1,1163.4,5,1163.4,2,1163.4,5,1163.4,1
1166.2,8,1166.2,3,1166.2,4,1166.2,3,1166.2,6,1166.2,2,1166.2,6,1166.2,5,1166.2,8
1169.1,4,1169.1,7,1169.1,2,1169.1,6,1169.1,2,1169.1,2,1169.1,5,1169.1,2,1169.1,3
1171.9,6,1171.9,1,1171.9,10,1171.9,3,1171.9,6,1171.9,4,1171.9,6,1171.9,3,1171.9,3
1174.7,3,1174.7,3,1174.7,5,1174.7,2,1174.7,1,1174.7,5,1174.7,2,1174.7,3,1174.7,1
1177.6,1,1177.6,2,1177.6,3,1177.6,7,1177.6,2,1177.6,3,1177.6,5,1177.6,4,1177.6,5
1180.4,8,1180.4,3,1180.4,2,1180.4,7,1180.4,3,1180.4,1,1180.4,5,1180.4,1,1180.4,4
1183.2,3,1183.2,2,1183.2,3,1183.2,3,1183.2,2,1183.2,7,1183.2,4,1183.2,3,1183.2,4
1186.1,1,1186.1,2,1186.1,2,1186.1,4,1186.1,4,1186.1,1,1186.1,3,1186.1,4,1186.1,3
1188.9,1,1188.9,1,1188.9,1,1188.9,2,1188.9,4,1188.9,3,1188.9,2,1188.9,5,1188.9,5
1191.7,1,1191.7,6,1191.7,3,1191.7,1,1191.7,6,1191.7,6,1191.7,7,1191.7,5,1191.7,4
1194.6,0,1194.6,2,1194.6,6,1194.6,5,1194.6,3,1194.6,6,1194.6,3,1194.6,4,1194.6,8
1197.4,6,1197.4,3,1197.4,1,1197.4,5,1197.4,4,1197.4,4,1197.4,6,1197.4,7,1197.4,5
1200.3,3,1200.3,4,1200.3,3,1200.3,3,1200.3,2,1200.3,5,1200.3,3,1200.3,5,1200.3,5
1203.1,4,1203.1,4,1203.1,5,1203.1,3,1203.1,3,1203.1,3,1203.1,4,1203.1,5,1203.1,1
1205.9,3,1205.9,2,1205.9,2,1205.9,4,1205.9,3,1205.9,2,1205.9,2,1205.9,3,1205.9,3
1208.8,9,1208.8,3,1208.8,5,1208.8,3,1208.8,6,1208.8,3,1208.8,3,1208.8,2,1208.8,1
1211.6,1,1211.6,1,1211.6,5,1211.6,4,1211.6,4,1211.6,2,1211.6,3,1211.6,5,1211.6,2
1214.4,1,1214.4,4,1214.4,2,1214.4,3,1214.4,2,1214.4,0,1214.4,2,1214.4,3,1214.4,2
1217.3,3,1217.3,2,1217.3,1,1217.3,0,1217.3,3,1217.3,2,1217.3,4,1217.3,3,1217.3,3
1220.1,3,1220.1,3,1220.1,4,1220.1,1,1220.1,3,1220.1,6,1220.1,1,1220.1,2,1220.1,5
1222.9,4,1222.9,3,1222.9,0,1222.9,2,1222.9,4,1222.9,5,1222.9,7,1222.9,1,1222.9,3
1225.8,5,1225.8,2,1225.8,1,1225.8,3,1225.8,2,1225.8,2,1225.8,3,1225.8,5,1225.8,2
1228.6,4,1228.6,2,1228.6,3,1228.6,6,1228.6,5,1228.6,2,1228.6,3,1228.6,2,1228.6,0
1231.5,2,1231.5,0,1231.5,4,1231.5,2,1231.5,4,1231.5,2,1231.5,5,1231.5,1,1231.5,5
1234.3,2,1234.3,2,1234.3,5,1234.3,4,1234.3,1,1234.3,9,1234.3,3,1234.3,2,1234.3,3
1237.1,1,1237.1,1,1237.1,6,1237.1,7,1237.1,1,1237.1,4,1237.1,1,1237.1,3,1237.1,6
1240,4,1240,2,1240,1,1240,3,1240,4,1240,6,1240,6,1240,2,1240,3
1242.8,11,1242.8,4,1242.8,4,1242.8,6,1242.8,0,1242.8,3,1242.8,3,1242.8,4,1242.8,1
1245.6,5,1245.6,2,1245.6,4,1245.6,1,1245.6,5,1245.6,5,1245.6,2,1245.6,4,1245.6,4
1248.5,2,1248.5,3,1248.5,4,1248.5,1,1248.5,4,1248.5,4,1248.5,3,1248.5,2,1248.5,5
1251.3,8,1251.3,9,1251.3,5,1251.3,5,1251.3,3,1251.3,3,1251.3,4,1251.3,2,1251.3,6
1254.1,2,1254.1,0,1254.1,4,1254.1,6,1254.1,5,1254.1,5,1254.1,4,1254.1,1,1254.1,3
1257,7,1257,3,1257,2,1257,5,1257,3,1257,4,1257,1,1257,3,1257,7
1259.8,6,1259.8,6,1259.8,5,1259.8,4,1259.8,4,1259.8,9,1259.8,5,1259.8,2,1259.8,4
1262.7,9,1262.7,8,1262.7,6,1262.7,3,1262.7,10,1262.7,2,1262.7,6,1262.7,11,1262.7,3
1265.5,8,1265.5,4,1265.5,3,1265.5,4,1265.5,4,1265.5,2,1265.5,5,1265.5,2,1265.5,4
1268.3,10,1268.3,8,1268.3,7,1268.3,7,1268.3,2,1268.3,5,1268.3,6,1268.3,5,1268.3,3
1271.2,2,1271.2,8,1271.2,5,1271.2,4,1271.2,9,1271.2,8,1271.2,4,1271.2,5,1271.2,2
1274,3,1274,6,1274,8,1274,5,1274,4,1274,6,1274,6,1274,2,1274,5
1276.8,5,1276.8,7,1276.8,2,1276.8,7,1276.8,4,1276.8,3,1276.8,8,1276.8,8,1276.8,7
1279.7,6,1279.7,12,1279.7,5,1279.7,2,1279.7,2,1279.7,5,1279.7,5,1279.7,5,1279.7,4
1282.5,8,1282.5,6,1282.5,6,1282.5,7,1282.5,9,1282.5,4,1282.5,6,1282.5,8,1282.5,8
1285.3,8,1285.3,4,1285.3,4,1285.3,7,1285.3,9,1285.3,6,1285.3,3,1285.3,7,1285.3,5
1288.2,12,1288.2,4,1288.2,3,1288.2,4,1288.2,4,1288.2,8,1288.2,6,1288.2,5,1288.2,13
1291,5,1291,6,1291,3,1291,4,1291,6,1291,3,1291,7,1291,6,1291,3
1293.9,13,1293.9,1,1293.9,11,1293.9,9,1293.9,5,1293.9,8,1293.9,5,1293.9,4,1293.9,6
1296.7,4,1296.7,4,1296.7,7,1296.7,5,1296.7,6,1296.7,8,1296.7,1,1296.7,3,1296.7,3
1299.5,6,1299.5,3,1299.5,6,1299.5,5,1299.5,5,1299.5,4,1299.5,3,1299.5,10,1299.5,6
1302.4,8,1302.4,11,1302.4,7,1302.4,5,1302.4,7,1302.4,6,1302.4,2,1302.4,7,1302.4,5
1305.2,9,1305.2,2,1305.2,7,1305.2,7,1305.2,2,1305.2,4,1305.2,4,1305.2,9,1305.2,8
1308,0,1308,8,1308,4,1308,6,1308,6,1308,3,1308,6,1308,8,1308,7
1310.9,6,1310.9,5,1310.9,4,1310.9,8,1310.9,2,1310.9,3,1310.9,6,1310.9,4,1310.9,7
1313.7,5,1313.7,4,1313.7,3,1313.7,2,1313.7,2,1313.7,3,1313.7,4,1313.7,4,1313.7,7
1316.5,3,1316.5,3,1316.5,6,1316.5,5,1316.5,7,1316.5,6,1316.5,5,1316.5,4,1316.5,2
1319.4,2,1319.4,4,1319.4,3,1319.4,6,1319.4,0,1319.4,7,1319.4,4,1319.4,5,1319.4,6
1322.2,4,1322.2,1,1322.2,6,1322.2,3,1322.2,3,1322.2,4,1322.2,5,1322.2,8,1322.2,9
1325.1,6,1325.1,4,1325.1,2,1325.1,6,1325.1,3,1325.1,8,1325.1,4,1325.1,5,1325.1,5
1327.9,3,1327.9,3,1327.9,3,1327.9,2,1327.9,6,1327.9,2,1327.9,6,1327.9,3,1327.9,5
1330.7,3,1330.7,3,1330.7,7,1330.7,3,1330.7,1,1330.7,4,1330.7,5,1330.7,2,1330.7,8
1333.6,2,1333.6,3,1333.6,3,1333.6,2,1333.6,2,1333.6,7,1333.6,3,1333.6,2,1333.6,4
1336.4,1,1336.4,3,1336.4,6,1336.4,2,1336.4,0,1336.4,4,1336.4,4,1336.4,5,1336.4,5
1339.2,3,1339.2,6,1339.2,4,1339.2,0,1339.2,0,1339.2,2,1339.2,3,1339.2,4,1339.2,4
1342.1,2,1342.1,2,1342.1,2,1342.1,2,1342.1,1,1342.1,0,1342.1,0,1342.1,0,1342.1,2
1344.9,4,1344.9,3,1344.9,1,1344.9,1,1344.9,2,1344.9,3,1344.9,2,1344.9,2,1344.9,2
1347.7,4,1347.7,4,1347.7,4,1347.7,6,1347.7,2,1347.7,2,1347.7,2,1347.7,3,1347.7,5
1350.6,0,1350.6,2,1350.6,5,1350.6,3,1350.6,2,1350.6,3,1350.6,3,1350.6,2,1350.6,3
1353.4,0,1353.4,3,1353.4,1,1353.4,5,1353.4,3,1353.4,1,1353.4,3,1353.4,2,1353.4,2
1356.3,4,1356.3,3,1356.3,2,1356.3,1,1356.3,5,1356.3,7,1356.3,3,1356.3,6,1356.3,2
1359.1,2,1359.1,4,1359.1,1,1359.1,3,1359.1,1,1359.1,3,1359.1,3,1359.1,0,1359.1,0
1361.9,2,1361.9,0,1361.9,2,1361.9,3,1361.9,1,1361.9,4,1361.9,6,1361.9,3,1361.9,2
1364.8,1,1364.8,2,1364.8,1,1364.8,0,1364.8,1,1364.8,0,1364.8,4,1364.8,2,1364.8,2
1367.6,0,1367.6,2,1367.6,0,1367.6,5,1367.6,6,1367.6,1,1367.6,4,1367.6,2,1367.6,4
1370.4,2,1370.4,1,1370.4,2,1370.4,0,1370.4,0,1370.4,2,1370.4,1,1370.4,1,1370.4,2
1373.3,2,1373.3,1,1373.3,0,1373.3,3,1373.3,0,1373.3,1,1373.3,2,1373.3,0,1373.3,0
1376.1,2,1376.1,2,1376.1,2,1376.1,2,1376.1,1,1376.1,2,1376.1,2,1376.1,0,1376.1,1
1378.9,1,1378.9,1,1378.9,0,1378.9,0,1378.9,3,1378.9,1,1378.9,1,1378.9,6,1378.9,1
1381.8,1,1381.8,4,1381.8,0,1381.8,1,1381.8,3,1381.8,3,1381.8,1,1381.8,1,1381.8,1
1384.6,0,1384.6,0,1384.6,1,1384.6,1,1384.6,2,1384.6,1,1384.6,2,1384.6,0,1384.6,1
1387.5,0,1387.5,0,1387.5,1,1387.5,0,1387.5,2,1387.5,1,1387.5,0,1387.5,1,1387.5,1
1390.3,3,1390.3,1,1390.3,0,1390.3,0,1390.3,0,1390.3,0,1390.3,1,1390.3,0,1390.3,3
1393.1,291,1393.1,238,1393.1,277,1393.1,256,1393.1,275,1393.1,264,1393.1,286,1393.1,288,1393.1,273
