E_A#3 / keV,N_A#3,E_A#12 / keV,N_A#12,E_A#13 / keV,N_A#13,E_A#14 / keV,N_A#14,E_A#15 / keV,N_A#15,E_A#16 / keV,N_A#16,E_A#17 / keV,N_A#17,E_A#18 / keV,N_A#18
-56.3,0,-56.3,0,-56.3,0,-56.3,0,-56.3,0,-56.3,0,-56.3,0,-56.3,0
-53.4,0,-53.4,0,-53.4,0,-53.4,0,-53.4,0,-53.4,0,-53.4,0,-53.4,0
-50.6,0,-50.6,0,-50.6,0,-50.6,0,-50.6,0,-50.6,0,-50.6,1,-50.6,0
-47.8,62,-47.8,41,-47.8,44,-47.8,60,-47.8,63,-47.8,73,-47.8,58,-47.8,42
-44.9,339,-44.9,227,-44.9,285,-44.9,309,-44.9,350,-44.9,347,-44.9,358,-44.9,371
-42.1,463,-42.1,272,-42.1,318,-42.1,384,-42.1,401,-42.1,407,-42.1,437,-42.1,424
-39.3,482,-39.3,296,-39.3,398,-39.3,393,-39.3,464,-39.3,461,-39.3,448,-39.3,472
-36.4,549,-36.4,292,-36.4,402,-36.4,432,-36.4,463,-36.4,452,-36.4,492,-36.4,534
-33.6,561,-33.6,300,-33.6,400,-33.6,496,-33.6,472,-33.6,529,-33.6,482,-33.6,512
-30.8,678,-30.8,331,-30.8,418,-30.8,500,-30.8,525,-30.8,541,-30.8,519,-30.8,546
-27.9,654,-27.9,311,-27.9,404,-27.9,540,-27.9,548,-27.9,563,-27.9,566,-27.9,580
-25.1,721,-25.1,334,-25.1,429,-25.1,543,-25.1,581,-25.1,593,-25.1,558,-25.1,604
-22.2,834,-22.2,395,-22.2,425,-22.2,544,-22.2,606,-22.2,578,-22.2,610,-22.2,610
-19.4,757,-19.4,366,-19.4,433,-19.4,581,-19.4,613,-19.4,601,-19.4,609,-19.4,652
-16.6,781,-16.6,364,-16.6,524,-16.6,603,-16.6,600,-16.6,613,-16.6,648,-16.6,685
-13.7,776,-13.7,433,-13.7,528,-13.7,634,-13.7,616,-13.7,660,-13.7,678,-13.7,687
-10.9,892,-10.9,418,-10.9,554,-10.9,668,-10.9,688,-10.9,727,-10.9,718,-10.9,676
-8.1,883,-8.1,436,-8.1,552,-8.1,664,-8.1,739,-8.1,708,-8.1,734,-8.1,722
-5.2,831,-5.2,404,-5.2,513,-5.2,662,-5.2,738,-5.2,701,-5.2,718,-5.2,737
-2.4,767,-2.4,469,-2.4,561,-2.4,658,-2.4,721,-2.4,746,-2.4,724,-2.4,737
0.4,793,0.4,472,0.4,598,0.4,738,0.4,714,0.4,786,0.4,743,0.4,737
3.3,813,3.3,480,3.3,636,3.3,714,3.3,786,3.3,818,3.3,795,3.3,814
6.1,867,6.1,529,6.1,644,6.1,786,6.1,815,6.1,801,6.1,778,6.1,832
9,845,9,556,9,656,9,774,9,861,9,798,9,861,9,768
11.8,899,11.8,466,11.8,637,11.8,738,11.8,802,11.8,770,11.8,891,11.8,818
14.6,939,14.6,489,14.6,625,14.6,739,14.6,812,14.6,778,14.6,787,14.6,852
17.5,955,17.5,542,17.5,664,17.5,736,17.5,862,17.5,825,17.5,840,17.5,897
20.3,1112,20.3,547,20.3,619,20.3,781,20.3,869,20.3,838,20.3,858,20.3,947
23.1,1318,23.1,535,23.1,641,23.1,783,23.1,846,23.1,904,23.1,948,23.1,985
26,1533,26,527,26,703,26,783,26,824,26,936,26,984,26,1135
28.8,1557,28.8,565,28.8,703,28.8,892,28.8,926,28.8,909,28.8,1077,28.8,1157
31.6,1364,31.6,608,31.6,803,31.6,919,31.6,992,31.6,988,31.6,1061,31.6,1091
34.5,1353,34.5,703,34.5,896,34.5,1038,34.5,1158,34.5,1082,34.5,1139,34.5,1167
37.3,1508,37.3,904,37.3,1082,37.3,1235,37.3,1291,37.3,1309,37.3,1362,37.3,1363
40.2,1692,40.2,1050,40.2,1311,40.2,1540,40.2,1555,40.2,1510,40.2,1523,40.2,1546
43,1641,43,1109,43,1338,43,1551,43,1601,43,1601,43,1629,43,1629
45.8,1528,45.8,983,45.8,1275,45.8,1486,45.8,1458,45.8,1512,45.8,1446,45.8,1553
48.7,1304,48.7,851,48.7,1087,48.7,1227,48.7,1338,48.7,1304,48.7,1340,48.7,1367
51.5,1284,51.5,830,51.5,1031,51.5,1219,51.5,1222,51.5,1226,51.5,1271,51.5,1276
54.3,1305,54.3,807,54.3,1031,54.3,1135,54.3,1284,54.3,1237,54.3,1265,54.3,1254
57.2,1177,57.2,835,57.2,996,57.2,1161,57.2,1227,57.2,1174,57.2,1153,57.2,1236
60,1141,60,734,60,967,60,1055,60,1089,60,1153,60,1114,60,1128
62.8,1032,62.8,775,62.8,950,62.8,997,62.8,1069,62.8,1016,62.8,1026,62.8,995
65.7,1045,65.7,744,65.7,901,65.7,1009,65.7,1029,65.7,974,65.7,1031,65.7,1019
68.5,994,68.5,809,68.5,865,68.5,1021,68.5,1022,68.5,988,68.5,1029,68.5,993
71.4,1048,71.4,774,71.4,893,71.4,1014,71.4,1067,71.4,1045,71.4,988,71.4,1001
74.2,1056,74.2,771,74.2,936,74.2,1075,74.2,1051,74.2,989,74.2,1016,74.2,1010
77,1055,77,847,77,974,77,1121,77,1115,77,1073,77,1035,77,1024
79.9,1042,79.9,897,79.9,1024,79.9,1082,79.9,1147,79.9,1110,79.9,1042,79.9,1068
82.7,1128,82.7,935,82.7,1089,82.7,1153,82.7,1110,82.7,1116,82.7,1116,82.7,1065
85.5,1153,85.5,917,85.5,1105,85.5,1158,85.5,1125,85.5,1110,85.5,1099,85.5,1089
88.4,1107,88.4,988,88.4,1196,88.4,1256,88.4,1160,88.4,1134,88.4,1119,88.4,1157
91.2,1172,91.2,943,91.2,1179,91.2,1137,91.2,1157,91.2,1099,91.2,1104,91.2,1061
94,1103,94,964,94,1099,94,1219,94,1164,94,1128,94,1128,94,1133
96.9,1134,96.9,977,96.9,1149,96.9,1285,96.9,1182,96.9,1166,96.9,1113,96.9,1049
99.7,1072,99.7,993,99.7,1166,99.7,1234,99.7,1141,99.7,1165,99.7,1135,99.7,1088
102.6,1082,102.6,993,102.6,1129,102.6,1219,102.6,1154,102.6,1130,102.6,1114,102.6,1060
105.4,1067,105.4,939,105.4,1225,105.4,1264,105.4,1142,105.4,1135,105.4,1105,105.4,1082
108.2,1120,108.2,997,108.2,1170,108.2,1260,108.2,1244,108.2,1110,108.2,1086,108.2,1064
111.1,1147,111.1,969,111.1,1152,111.1,1236,111.1,1151,111.1,1131,111.1,1162,111.1,1083
113.9,1076,113.9,966,113.9,1202,113.9,1273,113.9,1174,113.9,1141,113.9,1036,113.9,1056
116.7,1104,116.7,979,116.7,1180,116.7,1246,116.7,1175,116.7,1134,116.7,1112,116.7,1077
119.6,1071,119.6,1023,119.6,1234,119.6,1265,119.6,1215,119.6,1148,119.6,1042,119.6,1079
122.4,1050,122.4,989,122.4,1167,122.4,1296,122.4,1163,122.4,1155,122.4,1123,122.4,1070
125.2,1069,125.2,932,125.2,1126,125.2,1217,125.2,1204,125.2,1079,125.2,1087,125.2,1069
128.1,1080,128.1,958,128.1,1152,128.1,1150,128.1,1128,128.1,1094,128.1,1092,128.1,1040
130.9,1085,130.9,972,130.9,1176,130.9,1225,130.9,1229,130.9,1165,130.9,1223,130.9,1127
133.8,1150,133.8,1011,133.8,1151,133.8,1292,133.8,1188,133.8,1219,133.8,1179,133.8,1121
136.6,1186,136.6,977,136.6,1213,136.6,1255,136.6,1227,136.6,1193,136.6,1158,136.6,1146
139.4,1179,139.4,948,139.4,1177,139.4,1383,139.4,1193,139.4,1188,139.4,1191,139.4,1197
142.3,1200,142.3,1071,142.3,1189,142.3,1292,142.3,1295,142.3,1252,142.3,1172,142.3,1241
145.1,1172,145.1,1028,145.1,1173,145.1,1327,145.1,1313,145.1,1329,145.1,1269,145.1,1232
147.9,1352,147.9,1037,147.9,1248,147.9,1413,147.9,1372,147.9,1284,147.9,1315,147.9,1308
150.8,1484,150.8,1023,150.8,1272,150.8,1395,150.8,1381,150.8,1374,150.8,1417,150.8,1353
153.6,1521,153.6,1050,153.6,1230,153.6,1400,153.6,1507,153.6,1490,153.6,1444,153.6,1518
156.4,1705,156.4,1111,156.4,1359,156.4,1487,156.4,1582,156.4,1515,156.4,1588,156.4,1514
159.3,1733,159.3,1126,159.3,1285,159.3,1508,159.3,1541,159.3,1643,159.3,1643,159.3,1595
162.1,1836,162.1,1067,162.1,1317,162.1,1564,162.1,1621,162.1,1657,162.1,1699,162.1,1735
165,1831,165,1104,165,1322,165,1508,165,1681,165,1810,165,1771,165,1778
167.8,1946,167.8,1090,167.8,1370,167.8,1541,167.8,1715,167.8,1797,167.8,1752,167.8,1872
170.6,1735,170.6,1071,170.6,1298,170.6,1527,170.6,1698,170.6,1729,170.6,1736,170.6,1752
173.5,1815,173.5,1013,173.5,1235,173.5,1598,173.5,1598,173.5,1685,173.5,1752,173.5,1744
176.3,1670,176.3,1012,176.3,1279,176.3,1494,176.3,1665,176.3,1695,176.3,1668,176.3,1685
179.1,1581,179.1,1005,179.1,1212,179.1,1429,179.1,1553,179.1,1631,179.1,1671,179.1,1647
182,1616,182,963,182,1180,182,1391,182,1417,182,1512,182,1523,182,1541
184.8,1497,184.8,965,184.8,1091,184.8,1360,184.8,1319,184.8,1417,184.8,1426,184.8,1475
187.6,1449,187.6,928,187.6,1105,187.6,1322,187.6,1433,187.6,1368,187.6,1386,187.6,1443
190.5,1386,190.5,868,190.5,1028,190.5,1264,190.5,1349,190.5,1359,190.5,1480,190.5,1400
193.3,1393,193.3,899,193.3,1080,193.3,1237,193.3,1341,193.3,1323,193.3,1331,193.3,1349
196.2,1343,196.2,839,196.2,1055,196.2,1253,196.2,1338,196.2,1303,196.2,1282,196.2,1407
199,1333,199,846,199,1040,199,1163,199,1242,199,1314,199,1338,199,1254
201.8,1341,201.8,880,201.8,992,201.8,1125,201.8,1205,201.8,1218,201.8,1201,201.8,1318
204.7,1251,204.7,801,204.7,969,204.7,1126,204.7,1235,204.7,1170,204.7,1242,204.7,1250
207.5,1183,207.5,797,207.5,958,207.5,1100,207.5,1149,207.5,1175,207.5,1190,207.5,1218
210.3,1221,210.3,827,210.3,928,210.3,1156,210.3,1191,210.3,1163,210.3,1163,210.3,1220
213.2,1151,213.2,763,213.2,911,213.2,1060,213.2,1102,213.2,1122,213.2,1171,213.2,1144
216,1206,216,777,216,930,216,1066,216,1139,216,1160,216,1124,216,1151
218.8,1167,218.8,767,218.8,914,218.8,1045,218.8,1193,218.8,1082,218.8,1142,218.8,1180
221.7,1129,221.7,727,221.7,893,221.7,1008,221.7,1086,221.7,1032,221.7,1142,221.7,1164
224.5,1082,224.5,732,224.5,938,224.5,988,224.5,1006,224.5,1054,224.5,1024,224.5,1103
227.4,1085,227.4,684,227.4,839,227.4,1036,227.4,1025,227.4,1073,227.4,1012,227.4,1027
230.2,1005,230.2,729,230.2,876,230.2,946,230.2,973,230.2,1030,230.2,1035,230.2,1047
233,1037,233,633,233,822,233,1007,233,1016,233,1049,233,1073,233,1055
235.9,1015,235.9,683,235.9,824,235.9,961,235.9,997,235.9,1039,235.9,1040,235.9,1009
238.7,1142,238.7,664,238.7,810,238.7,851,238.7,981,238.7,1017,238.7,945,238.7,1003
241.5,1039,241.5,678,241.5,826,241.5,904,241.5,993,241.5,999,241.5,999,241.5,1023
244.4,1063,244.4,617,244.4,808,244.4,868,244.4,933,244.4,966,244.4,979,244.4,981
247.2,992,247.2,687,247.2,774,247.2,859,247.2,947,247.2,1009,247.2,934,247.2,982
250,965,250,644,250,745,250,876,250,918,250,918,250,938,250,943
252.9,962,252.9,643,252.9,777,252.9,848,252.9,894,252.9,939,252.9,929,252.9,984
255.7,956,255.7,677,255.7,701,255.7,912,255.7,900,255.7,976,255.7,978,255.7,984
258.6,957,258.6,626,258.6,729,258.6,898,258.6,928,258.6,941,258.6,954,258.6,962
261.4,924,261.4,570,261.4,767,261.4,877,261.4,855,261.4,895,261.4,901,261.4,949
264.2,937,264.2,587,264.2,741,264.2,919,264.2,890,264.2,924,264.2,964,264.2,965
267.1,910,267.1,645,267.1,670,267.1,854,267.1,951,267.1,902,267.1,886,267.1,934
269.9,930,269.9,592,269.9,746,269.9,876,269.9,936,269.9,955,269.9,928,269.9,877
272.7,835,272.7,579,272.7,745,272.7,850,272.7,896,272.7,857,272.7,895,272.7,906
275.6,898,275.6,576,275.6,703,275.6,855,275.6,946,275.6,922,275.6,930,275.6,893
278.4,886,278.4,587,278.4,727,278.4,860,278.4,893,278.4,913,278.4,914,278.4,923
281.2,908,281.2,551,281.2,694,281.2,833,281.2,867,281.2,873,281.2,903,281.2,918
284.1,887,284.1,576,284.1,704,284.1,809,284.1,854,284.1,930,284.1,887,284.1,879
286.9,871,286.9,545,286.9,728,286.9,861,286.9,887,286.9,858,286.9,904,286.9,902
289.8,893,289.8,570,289.8,717,289.8,850,289.8,835,289.8,942,289.8,916,289.8,854
292.6,838,292.6,547,292.6,659,292.6,849,292.6,827,292.6,882,292.6,880,292.6,871
295.4,866,295.4,568,295.4,659,295.4,809,295.4,872,295.4,860,295.4,906,295.4,898
298.3,911,298.3,585,298.3,655,298.3,851,298.3,823,298.3,819,298.3,899,298.3,858
301.1,889,301.1,563,301.1,751,301.1,813,301.1,872,301.1,824,301.1,918,301.1,860
303.9,868,303.9,534,303.9,695,303.9,855,303.9,866,303.9,895,303.9,871,303.9,864
306.8,821,306.8,542,306.8,672,306.8,762,306.8,794,306.8,831,306.8,869,306.8,888
309.6,826,309.6,565,309.6,612,309.6,776,309.6,801,309.6,820,309.6,858,309.6,782
312.4,791,312.4,549,312.4,710,312.4,828,312.4,807,312.4,861,312.4,849,312.4,825
315.3,779,315.3,520,315.3,648,315.3,805,315.3,874,315.3,871,315.3,889,315.3,850
318.1,847,318.1,514,318.1,613,318.1,836,318.1,873,318.1,809,318.1,808,318.1,852
321,819,321,561,321,637,321,790,321,790,321,873,321,810,321,843
323.8,816,323.8,558,323.8,677,323.8,802,323.8,869,323.8,812,323.8,856,323.8,866
326.6,818,326.6,527,326.6,675,326.6,823,326.6,871,326.6,828,326.6,834,326.6,859
329.5,793,329.5,530,329.5,665,329.5,838,329.5,863,329.5,844,329.5,874,329.5,909
332.3,819,332.3,496,332.3,686,332.3,773,332.3,826,332.3,883,332.3,834,332.3,843
335.1,829,335.1,515,335.1,679,335.1,782,335.1,893,335.1,855,335.1,822,335.1,851
338,833,338,522,338,673,338,824,338,876,338,841,338,842,338,858
340.8,822,340.8,536,340.8,670,340.8,809,340.8,883,340.8,848,340.8,805,340.8,851
343.7,813,343.7,511,343.7,645,343.7,786,343.7,836,343.7,821,343.7,845,343.7,759
346.5,821,346.5,524,346.5,648,346.5,791,346.5,845,346.5,777,346.5,802,346.5,880
349.3,849,349.3,523,349.3,647,349.3,790,349.3,861,349.3,838,349.3,821,349.3,868
352.2,812,352.2,495,352.2,685,352.2,825,352.2,781,352.2,845,352.2,797,352.2,862
355,807,355,547,355,679,355,789,355,824,355,845,355,838,355,819
357.8,792,357.8,534,357.8,710,357.8,827,357.8,827,357.8,833,357.8,825,357.8,887
360.7,875,360.7,517,360.7,632,360.7,777,360.7,793,360.7,865,360.7,838,360.7,815
363.5,818,363.5,525,363.5,661,363.5,784,363.5,753,363.5,821,363.5,815,363.5,820
366.3,811,366.3,504,366.3,603,366.3,772,366.3,793,366.3,810,366.3,852,366.3,782
369.2,873,369.2,494,369.2,679,369.2,783,369.2,839,369.2,792,369.2,779,369.2,815
372,799,372,515,372,667,372,850,372,823,372,849,372,826,372,855
374.9,887,374.9,513,374.9,661,374.9,811,374.9,784,374.9,826,374.9,872,374.9,829
377.7,877,377.7,513,377.7,672,377.7,853,377.7,813,377.7,847,377.7,825,377.7,817
380.5,827,380.5,526,380.5,665,380.5,784,380.5,876,380.5,821,380.5,817,380.5,848
383.4,833,383.4,517,383.4,645,383.4,828,383.4,791,383.4,834,383.4,877,383.4,800
386.2,820,386.2,480,386.2,652,386.2,833,386.2,866,386.2,861,386.2,854,386.2,824
389,893,389,480,389,625,389,799,389,800,389,836,389,861,389,864
391.9,888,391.9,489,391.9,597,391.9,773,391.9,798,391.9,836,391.9,820,391.9,865
394.7,831,394.7,492,394.7,629,394.7,747,394.7,842,394.7,864,394.7,868,394.7,885
397.5,856,397.5,530,397.5,629,397.5,804,397.5,866,397.5,825,397.5,854,397.5,870
400.4,914,400.4,482,400.4,661,400.4,781,400.4,867,400.4,841,400.4,899,400.4,881
403.2,878,403.2,509,403.2,620,403.2,770,403.2,873,403.2,913,403.2,869,403.2,881
406.1,897,406.1,457,406.1,636,406.1,753,406.1,869,406.1,872,406.1,868,406.1,843
408.9,842,408.9,510,408.9,623,408.9,775,408.9,809,408.9,843,408.9,829,408.9,863
411.7,902,411.7,459,411.7,613,411.7,758,411.7,830,411.7,837,411.7,885,411.7,774
414.6,888,414.6,458,414.6,604,414.6,788,414.6,886,414.6,859,414.6,843,414.6,884
417.4,888,417.4,492,417.4,593,417.4,763,417.4,790,417.4,857,417.4,861,417.4,928
420.2,885,420.2,515,420.2,647,420.2,795,420.2,829,420.2,880,420.2,805,420.2,892
423.1,809,423.1,479,423.1,632,423.1,799,423.1,841,423.1,898,423.1,836,423.1,860
425.9,871,425.9,480,425.9,594,425.9,767,425.9,819,425.9,812,425.9,905,425.9,848
428.7,885,428.7,449,428.7,611,428.7,795,428.7,880,428.7,845,428.7,814,428.7,859
431.6,884,431.6,488,431.6,647,431.6,775,431.6,802,431.6,829,431.6,862,431.6,871
434.4,851,434.4,451,434.4,626,434.4,712,434.4,810,434.4,823,434.4,891,434.4,856
437.3,828,437.3,476,437.3,599,437.3,763,437.3,810,437.3,796,437.3,779,437.3,853
440.1,807,440.1,430,440.1,613,440.1,760,440.1,748,440.1,823,440.1,837,440.1,821
442.9,849,442.9,419,442.9,581,442.9,710,442.9,791,442.9,860,442.9,805,442.9,850
445.8,804,445.8,432,445.8,544,445.8,641,445.8,756,445.8,770,445.8,801,445.8,782
448.6,746,448.6,422,448.6,559,448.6,726,448.6,704,448.6,742,448.6,820,448.6,728
451.4,657,451.4,421,451.4,526,451.4,659,451.4,693,451.4,737,451.4,763,451.4,725
454.3,631,454.3,407,454.3,556,454.3,658,454.3,683,454.3,759,454.3,717,454.3,688
457.1,606,457.1,382,457.1,482,457.1,635,457.1,637,457.1,659,457.1,685,457.1,659
459.9,632,459.9,347,459.9,516,459.9,612,459.9,626,459.9,621,459.9,680,459.9,634
462.8,520,462.8,387,462.8,480,462.8,563,462.8,589,462.8,585,462.8,614,462.8,564
465.6,484,465.6,389,465.6,495,465.6,535,465.6,623,465.6,591,465.6,545,465.6,582
468.5,461,468.5,391,468.5,461,468.5,520,468.5,551,468.5,502,468.5,538,468.5,499
471.3,457,471.3,311,471.3,442,471.3,516,471.3,540,471.3,533,471.3,498,471.3,500
474.1,413,474.1,363,474.1,415,474.1,495,474.1,535,474.1,456,474.1,469,474.1,407
477,352,477,347,477,391,477,465,477,487,477,459,477,467,477,449
479.8,359,479.8,324,479.8,408,479.8,450,479.8,420,479.8,372,479.8,451,479.8,412
482.6,356,482.6,352,482.6,385,482.6,439,482.6,431,482.6,398,482.6,390,482.6,413
485.5,325,485.5,297,485.5,419,485.5,419,485.5,466,485.5,419,485.5,402,485.5,370
488.3,317,488.3,317,488.3,388,488.3,363,488.3,386,488.3,408,488.3,383,488.3,349
491.1,274,491.1,319,491.1,375,491.1,403,491.1,397,491.1,371,491.1,333,491.1,359
494,327,494,328,494,370,494,416,494,349,494,349,494,326,494,351
496.8,262,496.8,324,496.8,395,496.8,392,496.8,394,496.8,357,496.8,344,496.8,346
499.7,317,499.7,294,499.7,396,499.7,406,499.7,378,499.7,343,499.7,343,499.7,320
502.5,255,502.5,299,502.5,356,502.5,386,502.5,389,502.5,347,502.5,297,502.5,329
505.3,252,505.3,313,505.3,359,505.3,380,505.3,393,505.3,319,505.3,331,505.3,290
508.2,242,508.2,316,508.2,364,508.2,385,508.2,360,508.2,348,508.2,323,508.2,298
511,274,511,286,511,383,511,374,511,322,511,298,511,323,511,289
513.8,246,513.8,299,513.8,336,513.8,393,513.8,329,513.8,315,513.8,299,513.8,302
516.7,245,516.7,319,516.7,355,516.7,342,516.7,329,516.7,293,516.7,284,516.7,277
519.5,216,519.5,293,519.5,379,519.5,349,519.5,322,519.5,313,519.5,266,519.5,280
522.3,204,522.3,336,522.3,354,522.3,342,522.3,361,522.3,290,522.3,262,522.3,263
525.2,189,525.2,299,525.2,340,525.2,319,525.2,319,525.2,291,525.2,265,525.2,206
528,213,528,286,528,334,528,312,528,288,528,292,528,259,528,240
530.9,188,530.9,279,530.9,301,530.9,313,530.9,312,530.9,263,530.9,220,530.9,253
533.7,183,533.7,250,533.7,288,533.7,299,533.7,245,533.7,240,533.7,218,533.7,190
536.5,175,536.5,254,536.5,311,536.5,337,536.5,283,536.5,257,536.5,233,536.5,201
539.4,163,539.4,263,539.4,270,539.4,272,539.4,270,539.4,238,539.4,214,539.4,192
542.2,147,542.2,241,542.2,287,542.2,300,542.2,271,542.2,238,542.2,190,542.2,205
545,148,545,253,545,279,545,305,545,255,545,201,545,187,545,185
547.9,132,547.9,239,547.9,271,547.9,272,547.9,237,547.9,220,547.9,206,547.9,176
550.7,138,550.7,245,550.7,249,550.7,258,550.7,218,550.7,186,550.7,196,550.7,175
553.5,114,553.5,247,553.5,255,553.5,265,553.5,237,553.5,211,553.5,174,553.5,150
556.4,108,556.4,216,556.4,303,556.4,284,556.4,237,556.4,210,556.4,175,556.4,156
559.2,138,559.2,209,559.2,272,559.2,260,559.2,224,559.2,173,559.2,177,559.2,141
562.1,115,562.1,203,562.1,255,562.1,277,562.1,209,562.1,187,562.1,170,562.1,150
564.9,108,564.9,208,564.9,252,564.9,262,564.9,214,564.9,205,564.9,177,564.9,129
567.7,119,567.7,217,567.7,235,567.7,254,567.7,230,567.7,198,567.7,171,567.7,141
570.6,140,570.6,218,570.6,241,570.6,256,570.6,228,570.6,188,570.6,159,570.6,153
573.4,123,573.4,226,573.4,245,573.4,234,573.4,221,573.4,197,573.4,158,573.4,127
576.2,113,576.2,218,576.2,246,576.2,287,576.2,212,576.2,197,576.2,165,576.2,148
579.1,122,579.1,211,579.1,255,579.1,256,579.1,233,579.1,170,579.1,149,579.1,133
581.9,107,581.9,245,581.9,247,581.9,258,581.9,247,581.9,152,581.9,149,581.9,121
584.7,113,584.7,200,584.7,239,584.7,276,584.7,202,584.7,175,584.7,148,584.7,123
587.6,101,587.6,223,587.6,261,587.6,255,587.6,196,587.6,162,587.6,148,587.6,128
590.4,115,590.4,230,590.4,251,590.4,232,590.4,218,590.4,189,590.4,150,590.4,133
593.3,110,593.3,194,593.3,230,593.3,254,593.3,195,593.3,174,593.3,174,593.3,120
596.1,88,596.1,220,596.1,215,596.1,236,596.1,206,596.1,192,596.1,169,596.1,110
598.9,111,598.9,199,598.9,219,598.9,226,598.9,199,598.9,135,598.9,153,598.9,137
601.8,113,601.8,200,601.8,243,601.8,235,601.8,207,601.8,162,601.8,135,601.8,129
604.6,121,604.6,195,604.6,211,604.6,230,604.6,199,604.6,172,604.6,175,604.6,118
607.4,169,607.4,216,607.4,236,607.4,242,607.4,231,607.4,168,607.4,163,607.4,149
610.3,177,610.3,215,610.3,280,610.3,262,610.3,242,610.3,191,610.3,187,610.3,171
613.1,244,613.1,250,613.1,258,613.1,268,613.1,221,613.1,203,613.1,181,613.1,160
615.9,291,615.9,214,615.9,248,615.9,293,615.9,223,615.9,216,615.9,220,615.9,196
618.8,387,618.8,218,618.8,263,618.8,297,618.8,301,618.8,267,618.8,257,618.8,216
621.6,448,621.6,242,621.6,282,621.6,354,621.6,349,621.6,299,621.6,309,621.6,296
624.5,667,624.5,252,624.5,312,624.5,378,624.5,413,624.5,411,624.5,394,624.5,368
627.3,860,627.3,288,627.3,357,627.3,466,627.3,476,627.3,447,627.3,477,627.3,453
630.1,998,630.1,303,630.1,403,630.1,484,630.1,589,630.1,555,630.1,560,630.1,570
633,1255,633,391,633,506,633,608,633,726,633,765,633,775,633,755
635.8,1587,635.8,415,635.8,496,635.8,747,635.8,908,635.8,924,635.8,905,635.8,863
638.6,1825,638.6,416,638.6,624,638.6,879,638.6,1025,638.6,1063,638.6,1071,638.6,1173
641.5,2170,641.5,518,641.5,770,641.5,1023,641.5,1306,641.5,1245,641.5,1341,641.5,1451
644.3,2691,644.3,548,644.3,900,644.3,1222,644.3,1563,644.3,1618,644.3,1589,644.3,1659
647.1,2902,647.1,592,647.1,969,647.1,1427,647.1,1756,647.1,1868,647.1,1976,647.1,1953
650,3220,650,663,650,1042,650,1648,650,2066,650,2222,650,2237,650,2365
652.8,3707,652.8,719,652.8,1165,652.8,1814,652.8,2301,652.8,2505,652.8,2558,652.8,2649
655.7,3968,655.7,824,655.7,1285,655.7,2053,655.7,2611,655.7,2775,655.7,2938,655.7,2972
658.5,4166,658.5,861,658.5,1322,658.5,2180,658.5,2723,658.5,3032,658.5,3145,658.5,3291
661.3,4377,661.3,832,661.3,1463,661.3,2422,661.3,3043,661.3,3400,661.3,3330,661.3,3670
664.2,4501,664.2,935,664.2,1516,664.2,2594,664.2,3191,664.2,3424,664.2,3733,664.2,3811
667,4360,667,936,667,1508,667,2723,667,3278,667,3687,667,3950,667,4054
669.8,4187,669.8,877,669.8,1518,669.8,2446,669.8,3309,669.8,3589,669.8,3659,669.8,3993
672.7,3970,672.7,855,672.7,1413,672.7,2553,672.7,3155,672.7,3490,672.7,3750,672.7,3850
675.5,3863,675.5,836,675.5,1463,675.5,2483,675.5,3248,675.5,3518,675.5,3792,675.5,3975
678.3,3745,678.3,837,678.3,1381,678.3,2580,678.3,3285,678.3,3593,678.3,3791,678.3,4027
681.2,3347,681.2,804,681.2,1365,681.2,2255,681.2,3065,681.2,3310,681.2,3697,681.2,3859
684,2885,684,721,684,1269,684,2193,684,2818,684,3083,684,3272,684,3628
686.9,2553,686.9,586,686.9,1094,686.9,1955,686.9,2618,686.9,2846,686.9,3027,686.9,3242
689.7,2189,689.7,529,689.7,981,689.7,1710,689.7,2330,689.7,2558,689.7,2792,689.7,2987
692.5,1794,692.5,478,692.5,832,692.5,1500,692.5,2004,692.5,2186,692.5,2468,692.5,2704
695.4,1446,695.4,374,695.4,703,695.4,1246,695.4,1719,695.4,1907,695.4,2091,695.4,2289
698.2,1203,698.2,309,698.2,591,698.2,1056,698.2,1423,698.2,1671,698.2,1808,698.2,1898
701,931,701,287,701,508,701,845,701,1122,701,1423,701,1543,701,1497
703.9,763,703.9,235,703.9,395,703.9,679,703.9,944,703.9,1047,703.9,1153,703.9,1235
706.7,551,706.7,156,706.7,287,706.7,550,706.7,773,706.7,873,706.7,991,706.7,1020
709.6,367,709.6,106,709.6,228,709.6,389,709.6,590,709.6,699,709.6,766,709.6,841
712.4,298,712.4,92,712.4,157,712.4,327,712.4,417,712.4,476,712.4,559,712.4,616
715.2,210,715.2,64,715.2,115,715.2,244,715.2,334,715.2,389,715.2,414,715.2,451
718.1,130,718.1,64,718.1,101,718.1,170,718.1,219,718.1,269,718.1,329,718.1,304
720.9,94,720.9,39,720.9,60,720.9,141,720.9,170,720.9,198,720.9,227,720.9,233
723.7,79,723.7,18,723.7,43,723.7,72,723.7,119,723.7,155,723.7,146,723.7,174
726.6,47,726.6,19,726.6,27,726.6,43,726.6,97,726.6,93,726.6,95,726.6,126
729.4,31,729.4,15,729.4,29,729.4,47,729.4,57,729.4,61,729.4,74,729.4,77
732.2,17,732.2,18,732.2,15,732.2,33,732.2,33,732.2,55,732.2,48,732.2,49
735.1,18,735.1,12,735.1,10,735.1,16,735.1,18,735.1,31,735.1,24,735.1,34
737.9,16,737.9,9,737.9,9,737.9,16,737.9,27,737.9,20,737.9,25,737.9,23
740.8,13,740.8,6,740.8,11,740.8,14,740.8,18,740.8,20,740.8,16,740.8,23
743.6,9,743.6,7,743.6,9,743.6,15,743.6,11,743.6,15,743.6,10,743.6,16
746.4,18,746.4,7,746.4,9,746.4,5,746.4,9,746.4,7,746.4,9,746.4,15
749.3,15,749.3,5,749.3,4,749.3,12,749.3,7,749.3,6,749.3,8,749.3,9
752.1,9,752.1,5,752.1,9,752.1,8,752.1,12,752.1,7,752.1,11,752.1,7
754.9,8,754.9,9,754.9,7,754.9,11,754.9,13,754.9,11,754.9,9,754.9,8
757.8,6,757.8,6,757.8,6,757.8,15,757.8,7,757.8,9,757.8,6,757.8,8
760.6,9,760.6,7,760.6,10,760.6,8,760.6,6,760.6,8,760.6,12,760.6,7
763.4,8,763.4,10,763.4,8,763.4,13,763.4,4,763.4,8,763.4,6,763.4,12
766.3,7,766.3,11,766.3,4,766.3,14,766.3,6,766.3,11,766.3,7,766.3,11
769.1,9,769.1,4,769.1,11,769.1,11,769.1,7,769.1,4,769.1,10,769.1,8
772,10,772,5,772,6,772,8,772,7,772,4,772,10,772,10
774.8,10,774.8,8,774.8,6,774.8,7,774.8,5,774.8,10,774.8,9,774.8,7
777.6,11,777.6,8,777.6,10,777.6,5,777.6,2,777.6,9,777.6,9,777.6,3
780.5,8,780.5,9,780.5,7,780.5,8,780.5,6,780.5,10,780.5,5,780.5,9
783.3,16,783.3,13,783.3,6,783.3,8,783.3,10,783.3,4,783.3,4,783.3,8
786.1,12,786.1,5,786.1,6,786.1,4,786.1,9,786.1,5,786.1,8,786.1,7
789,9,789,3,789,5,789,7,789,11,789,7,789,11,789,7
791.8,10,791.8,7,791.8,7,791.8,6,791.8,4,791.8,10,791.8,9,791.8,9
794.6,2,794.6,7,794.6,10,794.6,5,794.6,5,794.6,10,794.6,7,794.6,3
797.5,7,797.5,6,797.5,6,797.5,12,797.5,4,797.5,11,797.5,8,797.5,6
800.3,8,800.3,10,800.3,8,800.3,9,800.3,9,800.3,12,800.3,5,800.3,7
803.2,9,803.2,3,803.2,8,803.2,5,803.2,7,803.2,11,803.2,6,803.2,12
806,8,806,6,806,7,806,7,806,7,806,4,806,8,806,6
808.8,6,808.8,1,808.8,4,808.8,11,808.8,8,808.8,10,808.8,3,808.8,8
811.7,6,811.7,10,811.7,6,811.7,9,811.7,8,811.7,3,811.7,9,811.7,10
814.5,10,814.5,11,814.5,2,814.5,7,814.5,5,814.5,6,814.5,11,814.5,4
817.3,11,817.3,3,817.3,3,817.3,5,817.3,7,817.3,11,817.3,3,817.3,8
820.2,7,820.2,5,820.2,8,820.2,9,820.2,10,820.2,6,820.2,4,820.2,6
823,10,823,6,823,8,823,11,823,3,823,6,823,6,823,6
825.8,6,825.8,1,825.8,7,825.8,9,825.8,3,825.8,8,825.8,4,825.8,6
828.7,12,828.7,4,828.7,2,828.7,5,828.7,7,828.7,8,828.7,9,828.7,4
831.5,2,831.5,4,831.5,6,831.5,6,831.5,8,831.5,9,831.5,9,831.5,9
834.4,5,834.4,7,834.4,5,834.4,8,834.4,8,834.4,4,834.4,7,834.4,6
837.2,9,837.2,8,837.2,4,837.2,4,837.2,7,837.2,9,837.2,7,837.2,13
840,8,840,4,840,11,840,9,840,13,840,7,840,9,840,6
842.9,7,842.9,6,842.9,4,842.9,9,842.9,6,842.9,5,842.9,7,842.9,6
845.7,6,845.7,8,845.7,6,845.7,3,845.7,3,845.7,5,845.7,7,845.7,11
848.5,11,848.5,1,848.5,6,848.5,11,848.5,6,848.5,6,848.5,10,848.5,6
851.4,6,851.4,8,851.4,7,851.4,13,851.4,7,851.4,8,851.4,4,851.4,9
854.2,8,854.2,5,854.2,4,854.2,4,854.2,7,854.2,1,854.2,11,854.2,5
857,8,857,2,857,3,857,2,857,8,857,7,857,4,857,4
859.9,5,859.9,4,859.9,7,859.9,4,859.9,9,859.9,6,859.9,8,859.9,12
862.7,6,862.7,6,862.7,5,862.7,7,862.7,3,862.7,9,862.7,7,862.7,3
865.6,10,865.6,4,865.6,6,865.6,2,865.6,9,865.6,7,865.6,3,865.6,6
868.4,9,868.4,7,868.4,6,868.4,7,868.4,10,868.4,5,868.4,6,868.4,4
871.2,5,871.2,7,871.2,10,871.2,6,871.2,5,871.2,11,871.2,4,871.2,10
874.1,9,874.1,9,874.1,5,874.1,5,874.1,4,874.1,5,874.1,9,874.1,10
876.9,9,876.9,7,876.9,9,876.9,6,876.9,4,876.9,4,876.9,6,876.9,11
879.7,10,879.7,4,879.7,9,879.7,3,879.7,1,879.7,8,879.7,4,879.7,6
882.6,4,882.6,7,882.6,3,882.6,5,882.6,8,882.6,8,882.6,10,882.6,7
885.4,7,885.4,5,885.4,8,885.4,5,885.4,7,885.4,5,885.4,6,885.4,7
888.2,12,888.2,8,888.2,9,888.2,7,888.2,14,888.2,10,888.2,11,888.2,4
891.1,9,891.1,2,891.1,4,891.1,6,891.1,10,891.1,10,891.1,6,891.1,4
893.9,4,893.9,7,893.9,7,893.9,12,893.9,9,893.9,5,893.9,7,893.9,7
896.8,6,896.8,10,896.8,3,896.8,5,896.8,7,896.8,6,896.8,6,896.8,9
899.6,13,899.6,4,899.6,13,899.6,8,899.6,5,899.6,6,899.6,5,899.6,10
902.4,8,902.4,7,902.4,2,902.4,5,902.4,6,902.4,8,902.4,4,902.4,8
905.3,9,905.3,3,905.3,6,905.3,11,905.3,4,905.3,8,905.3,4,905.3,10
908.1,5,908.1,5,908.1,8,908.1,8,908.1,7,908.1,5,908.1,2,908.1,3
910.9,6,910.9,7,910.9,2,910.9,5,910.9,6,910.9,4,910.9,10,910.9,4
913.8,10,913.8,5,913.8,4,913.8,5,913.8,6,913.8,5,913.8,6,913.8,4
916.6,13,916.6,3,916.6,5,916.6,3,916.6,8,916.6,5,916.6,7,916.6,3
919.4,11,919.4,7,919.4,5,919.4,5,919.4,9,919.4,9,919.4,10,919.4,8
922.3,8,922.3,4,922.3,5,922.3,6,922.3,7,922.3,10,922.3,7,922.3,9
925.1,10,925.1,4,925.1,5,925.1,6,925.1,6,925.1,4,925.1,5,925.1,7
928,5,928,9,928,6,928,3,928,6,928,11,928,6,928,5
930.8,10,930.8,5,930.8,10,930.8,10,930.8,9,930.8,7,930.8,6,930.8,5
933.6,6,933.6,7,933.6,1,933.6,7,933.6,9,933.6,6,933.6,5,933.6,5
936.5,8,936.5,5,936.5,3,936.5,6,936.5,5,936.5,7,936.5,11,936.5,4
939.3,10,939.3,6,939.3,6,939.3,8,939.3,4,939.3,10,939.3,7,939.3,9
942.1,8,942.1,8,942.1,3,942.1,11,942.1,12,942.1,8,942.1,4,942.1,6
945,10,945,4,945,7,945,3,945,5,945,2,945,6,945,7
947.8,4,947.8,6,947.8,5,947.8,6,947.8,6,947.8,8,947.8,5,947.8,7
950.6,7,950.6,5,950.6,3,950.6,6,950.6,9,950.6,10,950.6,9,950.6,6
953.5,7,953.5,1,953.5,7,953.5,6,953.5,8,953.5,5,953.5,5,953.5,9
956.3,9,956.3,6,956.3,4,956.3,11,956.3,8,956.3,13,956.3,7,956.3,9
959.2,2,959.2,8,959.2,5,959.2,5,959.2,7,959.2,6,959.2,8,959.2,8
962,5,962,7,962,6,962,5,962,4,962,4,962,10,962,5
964.8,16,964.8,3,964.8,7,964.8,10,964.8,3,964.8,9,964.8,5,964.8,8
967.7,6,967.7,6,967.7,2,967.7,8,967.7,6,967.7,3,967.7,8,967.7,3
970.5,4,970.5,6,970.5,5,970.5,9,970.5,3,970.5,5,970.5,9,970.5,5
973.3,8,973.3,7,973.3,5,973.3,7,973.3,12,973.3,9,973.3,10,973.3,5
976.2,4,976.2,8,976.2,3,976.2,5,976.2,5,976.2,7,976.2,8,976.2,6
979,4,979,11,979,2,979,6,979,6,979,4,979,6,979,10
981.8,7,981.8,6,981.8,4,981.8,5,981.8,7,981.8,5,981.8,8,981.8,9
984.7,4,984.7,5,984.7,6,984.7,4,984.7,5,984.7,9,984.7,7,984.7,6
987.5,11,987.5,2,987.5,8,987.5,10,987.5,7,987.5,2,987.5,13,987.5,5
990.4,13,990.4,3,990.4,7,990.4,9,990.4,6,990.4,3,990.4,3,990.4,8
993.2,9,993.2,8,993.2,3,993.2,8,993.2,5,993.2,4,993.2,7,993.2,8
996,3,996,8,996,5,996,5,996,7,996,4,996,5,996,6
998.9,5,998.9,6,998.9,4,998.9,7,998.9,4,998.9,4,998.9,7,998.9,6
1001.7,4,1001.7,7,1001.7,10,1001.7,7,1001.7,1,1001.7,4,1001.7,7,1001.7,5
1004.5,12,1004.5,3,1004.5,4,1004.5,2,1004.5,6,1004.5,5,1004.5,4,1004.5,5
1007.4,7,1007.4,3,1007.4,7,1007.4,11,1007.4,7,1007.4,4,1007.4,7,1007.4,7
1010.2,7,1010.2,5,1010.2,3,1010.2,4,1010.2,11,1010.2,4,1010.2,5,1010.2,5
1013,5,1013,9,1013,5,1013,5,1013,6,1013,4,1013,3,1013,9
1015.9,4,1015.9,5,1015.9,7,1015.9,8,1015.9,6,1015.9,3,1015.9,5,1015.9,6
1018.7,5,1018.7,4,1018.7,6,1018.7,6,1018.7,4,1018.7,5,1018.7,6,1018.7,9
1021.6,6,1021.6,3,1021.6,8,1021.6,6,1021.6,5,1021.6,1,1021.6,4,1021.6,6
1024.4,8,1024.4,2,1024.4,4,1024.4,8,1024.4,10,1024.4,2,1024.4,5,1024.4,7
1027.2,3,1027.2,9,1027.2,5,1027.2,3,1027.2,5,1027.2,6,1027.2,6,1027.2,6
1030.1,2,1030.1,6,1030.1,4,1030.1,7,1030.1,4,1030.1,8,1030.1,7,1030.1,4
1032.9,5,1032.9,4,1032.9,9,1032.9,2,1032.9,7,1032.9,4,1032.9,3,1032.9,8
1035.7,1,1035.7,5,1035.7,3,1035.7,5,1035.7,4,1035.7,6,1035.7,5,1035.7,5
1038.6,4,1038.6,2,1038.6,5,1038.6,2,1038.6,5,1038.6,9,1038.6,7,1038.6,5
1041.4,5,1041.4,6,1041.4,7,1041.4,6,1041.4,6,1041.4,9,1041.4,6,1041.4,1
1044.2,4,1044.2,2,1044.2,1,1044.2,6,1044.2,6,1044.2,3,1044.2,6,1044.2,2
1047.1,3,1047.1,9,1047.1,9,1047.1,2,1047.1,6,1047.1,4,1047.1,3,1047.1,2
1049.9,2,1049.9,6,1049.9,5,1049.9,3,1049.9,10,1049.9,3,1049.9,1,1049.9,9
1052.8,3,1052.8,6,1052.8,10,1052.8,2,1052.8,5,1052.8,2,1052.8,2,1052.8,3
1055.6,3,1055.6,5,1055.6,5,1055.6,2,1055.6,1,1055.6,6,1055.6,1,1055.6,3
1058.4,5,1058.4,4,1058.4,7,1058.4,4,1058.4,6,1058.4,6,1058.4,7,1058.4,6
1061.3,4,1061.3,4,1061.3,3,1061.3,3,1061.3,3,1061.3,3,1061.3,2,1061.3,3
1064.1,7,1064.1,4,1064.1,4,1064.1,3,1064.1,4,1064.1,2,1064.1,5,1064.1,2
1066.9,4,1066.9,3,1066.9,4,1066.9,6,1066.9,4,1066.9,3,1066.9,5,1066.9,7
1069.8,5,1069.8,3,1069.8,5,1069.8,3,1069.8,4,1069.8,4,1069.8,7,1069.8,3
1072.6,3,1072.6,4,1072.6,3,1072.6,6,1072.6,3,1072.6,3,1072.6,7,1072.6,4
1075.4,4,1075.4,3,1075.4,3,1075.4,6,1075.4,1,1075.4,4,1075.4,5,1075.4,7
1078.3,3,1078.3,2,1078.3,2,1078.3,1,1078.3,5,1078.3,2,1078.3,3,1078.3,5
1081.1,4,1081.1,9,1081.1,1,1081.1,6,1081.1,6,1081.1,2,1081.1,6,1081.1,4
1084,5,1084,6,1084,2,1084,6,1084,6,1084,0,1084,4,1084,1
1086.8,3,1086.8,4,1086.8,6,1086.8,0,1086.8,5,1086.8,3,1086.8,6,1086.8,1
1089.6,4,1089.6,2,1089.6,6,1089.6,1,1089.6,10,1089.6,6,1089.6,5,1089.6,6
1092.5,2,1092.5,3,1092.5,6,1092.5,4,1092.5,5,1092.5,1,1092.5,1,1092.5,3
1095.3,10,1095.3,3,1095.3,5,1095.3,5,1095.3,3,1095.3,4,1095.3,5,1095.3,1
1098.1,5,1098.1,3,1098.1,3,1098.1,2,1098.1,6,1098.1,6,1098.1,2,1098.1,2
1101,3,1101,3,1101,2,1101,2,1101,2,1101,0,1101,1,1101,2
1103.8,6,1103.8,1,1103.8,2,1103.8,3,1103.8,5,1103.8,5,1103.8,5,1103.8,3
1106.7,9,1106.7,3,1106.7,2,1106.7,4,1106.7,10,1106.7,2,1106.7,5,1106.7,6
1109.5,6,1109.5,2,1109.5,0,1109.5,3,1109.5,3,1109.5,3,1109.5,2,1109.5,5
1112.3,6,1112.3,6,1112.3,2,1112.3,3,1112.3,1,1112.3,5,1112.3,1,1112.3,2
1115.2,5,1115.2,3,1115.2,2,1115.2,5,1115.2,3,1115.2,5,1115.2,2,1115.2,1
1118,1,1118,1,1118,2,1118,3,1118,3,1118,5,1118,2,1118,1
1120.8,1,1120.8,4,1120.8,5,1120.8,1,1120.8,3,1120.8,2,1120.8,6,1120.8,2
1123.7,4,1123.7,3,1123.7,0,1123.7,4,1123.7,8,1123.7,2,1123.7,5,1123.7,3
1126.5,3,1126.5,1,1126.5,7,1126.5,3,1126.5,4,1126.5,6,1126.5,1,1126.5,3
1129.3,4,1129.3,5,1129.3,4,1129.3,1,1129.3,6,1129.3,5,1129.3,6,1129.3,3
1132.2,4,1132.2,2,1132.2,1,1132.2,4,1132.2,2,1132.2,4,1132.2,2,1132.2,3
1135,1,1135,1,1135,3,1135,2,1135,2,1135,1,1135,4,1135,4
1137.9,3,1137.9,1,1137.9,4,1137.9,1,1137.9,6,1137.9,3,1137.9,5,1137.9,3
1140.7,3,1140.7,4,1140.7,1,1140.7,2,1140.7,4,1140.7,2,1140.7,4,1140.7,5
1143.5,1,1143.5,4,1143.5,1,1143.5,2,1143.5,1,1143.5,3,1143.5,5,1143.5,7
1146.4,3,1146.4,3,1146.4,5,1146.4,4,1146.4,1,1146.4,3,1146.4,2,1146.4,3
1149.2,3,1149.2,4,1149.2,2,1149.2,3,1149.2,4,1149.2,4,1149.2,2,1149.2,3
1152,1,1152,3,1152,1,1152,2,1152,2,1152,5,1152,3,1152,2
1154.9,6,1154.9,3,1154.9,3,1154.9,3,1154.9,6,1154.9,5,1154.9,3,1154.9,4
1157.7,3,1157.7,2,1157.7,3,1157.7,4,1157.7,1,1157.7,2,1157.7,5,1157.7,3
1160.5,5,1160.5,7,1160.5,1,1160.5,2,1160.5,4,1160.5,6,1160.5,7,1160.5,7
1163.4,6,1163.4,5,1163.4,5,1163.4,3,1163.4,5,1163.4,4,1163.4,2,1163.4,3
1166.2,8,1166.2,5,1166.2,4,1166.2,3,1166.2,2,1166.2,5,1166.2,4,1166.2,5
1169.1,4,1169.1,0,1169.1,3,1169.1,3,1169.1,3,1169.1,2,1169.1,8,1169.1,3
1171.9,6,1171.9,6,1171.9,8,1171.9,7,1171.9,5,1171.9,4,1171.9,2,1171.9,4
1174.7,3,1174.7,2,1174.7,3,1174.7,3,1174.7,1,1174.7,6,1174.7,3,1174.7,1
1177.6,1,1177.6,7,1177.6,8,1177.6,5,1177.6,5,1177.6,6,1177.6,5,1177.6,6
1180.4,8,1180.4,2,1180.4,3,1180.4,3,1180.4,4,1180.4,6,1180.4,5,1180.4,4
1183.2,3,1183.2,8,1183.2,3,1183.2,6,1183.2,8,1183.2,7,1183.2,4,1183.2,6
1186.1,1,1186.1,3,1186.1,2,1186.1,4,1186.1,2,1186.1,6,1186.1,1,1186.1,7
1188.9,1,1188.9,5,1188.9,6,1188.9,4,1188.9,4,1188.9,7,1188.9,5,1188.9,7
1191.7,1,1191.7,3,1191.7,3,1191.7,4,1191.7,1,1191.7,6,1191.7,1,1191.7,2
1194.6,0,1194.6,7,1194.6,2,1194.6,3,1194.6,7,1194.6,3,1194.6,4,1194.6,5
1197.4,6,1197.4,8,1197.4,2,1197.4,5,1197.4,3,1197.4,3,1197.4,5,1197.4,8
1200.3,3,1200.3,3,1200.3,4,1200.3,2,1200.3,2,1200.3,4,1200.3,2,1200.3,4
1203.1,4,1203.1,2,1203.1,7,1203.1,2,1203.1,5,1203.1,4,1203.1,3,1203.1,9
1205.9,3,1205.9,2,1205.9,5,1205.9,1,1205.9,4,1205.9,4,1205.9,5,1205.9,4
1208.8,9,1208.8,3,1208.8,3,1208.8,4,1208.8,8,1208.8,1,1208.8,8,1208.8,4
1211.6,1,1211.6,3,1211.6,1,1211.6,10,1211.6,1,1211.6,3,1211.6,2,1211.6,2
1214.4,1,1214.4,2,1214.4,2,1214.4,4,1214.4,2,1214.4,3,1214.4,3,1214.4,6
1217.3,3,1217.3,3,1217.3,2,1217.3,5,1217.3,4,1217.3,6,1217.3,2,1217.3,2
1220.1,3,1220.1,1,1220.1,6,1220.1,4,1220.1,6,1220.1,4,1220.1,5,1220.1,3
1222.9,4,1222.9,3,1222.9,2,1222.9,5,1222.9,5,1222.9,2,1222.9,4,1222.9,1
1225.8,5,1225.8,4,1225.8,1,1225.8,2,1225.8,4,1225.8,2,1225.8,1,1225.8,1
1228.6,4,1228.6,4,1228.6,1,1228.6,7,1228.6,5,1228.6,2,1228.6,1,1228.6,3
1231.5,2,1231.5,3,1231.5,0,1231.5,3,1231.5,1,1231.5,2,1231.5,3,1231.5,3
1234.3,2,1234.3,3,1234.3,4,1234.3,3,1234.3,3,1234.3,5,1234.3,1,1234.3,2
1237.1,1,1237.1,1,1237.1,5,1237.1,4,1237.1,7,1237.1,4,1237.1,4,1237.1,5
1240,4,1240,3,1240,2,1240,2,1240,1,1240,1,1240,1,1240,2
1242.8,11,1242.8,5,1242.8,2,1242.8,5,1242.8,2,1242.8,3,1242.8,1,1242.8,3
1245.6,5,1245.6,6,1245.6,4,1245.6,2,1245.6,6,1245.6,4,1245.6,4,1245.6,3
1248.5,2,1248.5,4,1248.5,4,1248.5,3,1248.5,1,1248.5,4,1248.5,7,1248.5,2
1251.3,8,1251.3,9,1251.3,5,1251.3,5,1251.3,4,1251.3,3,1251.3,4,1251.3,3
1254.1,2,1254.1,3,1254.1,3,1254.1,7,1254.1,7,1254.1,4,1254.1,6,1254.1,7
1257,7,1257,6,1257,4,1257,4,1257,9,1257,3,1257,8,1257,4
1259.8,6,1259.8,7,1259.8,6,1259.8,7,1259.8,6,1259.8,3,1259.8,7,1259.8,7
1262.7,9,1262.7,9,1262.7,6,1262.7,6,1262.7,5,1262.7,5,1262.7,1,1262.7,13
1265.5,8,1265.5,5,1265.5,5,1265.5,6,1265.5,6,1265.5,5,1265.5,9,1265.5,12
1268.3,10,1268.3,7,1268.3,12,1268.3,4,1268.3,7,1268.3,10,1268.3,9,1268.3,8
1271.2,2,1271.2,9,1271.2,9,1271.2,6,1271.2,9,1271.2,9,1271.2,7,1271.2,7
1274,3,1274,6,1274,7,1274,8,1274,6,1274,3,1274,11,1274,9
1276.8,5,1276.8,9,1276.8,9,1276.8,11,1276.8,9,1276.8,10,1276.8,15,1276.8,5
1279.7,6,1279.7,3,1279.7,10,1279.7,12,1279.7,10,1279.7,8,1279.7,8,1279.7,5
1282.5,8,1282.5,9,1282.5,6,1282.5,7,1282.5,9,1282.5,7,1282.5,7,1282.5,9
1285.3,8,1285.3,6,1285.3,5,1285.3,5,1285.3,7,1285.3,11,1285.3,7,1285.3,6
1288.2,12,1288.2,10,1288.2,5,1288.2,11,1288.2,8,1288.2,9,1288.2,8,1288.2,9
1291,5,1291,13,1291,8,1291,7,1291,5,1291,5,1291,8,1291,1
1293.9,13,1293.9,9,1293.9,5,1293.9,8,1293.9,10,1293.9,7,1293.9,4,1293.9,8
1296.7,4,1296.7,10,1296.7,2,1296.7,8,1296.7,8,1296.7,9,1296.7,8,1296.7,10
1299.5,6,1299.5,3,1299.5,7,1299.5,7,1299.5,8,1299.5,6,1299.5,6,1299.5,7
1302.4,8,1302.4,4,1302.4,9,1302.4,9,1302.4,4,1302.4,10,1302.4,7,1302.4,5
1305.2,9,1305.2,4,1305.2,5,1305.2,10,1305.2,8,1305.2,6,1305.2,6,1305.2,6
1308,0,1308,7,1308,6,1308,8,1308,5,1308,8,1308,4,1308,8
1310.9,6,1310.9,4,1310.9,7,1310.9,5,1310.9,7,1310.9,10,1310.9,5,1310.9,6
1313.7,5,1313.7,5,1313.7,3,1313.7,7,1313.7,4,1313.7,5,1313.7,3,1313.7,4
1316.5,3,1316.5,4,1316.5,2,1316.5,5,1316.5,6,1316.5,1,1316.5,16,1316.5,3
1319.4,2,1319.4,5,1319.4,3,1319.4,6,1319.4,2,1319.4,5,1319.4,5,1319.4,6
1322.2,4,1322.2,5,1322.2,2,1322.2,7,1322.2,4,1322.2,2,1322.2,8,1322.2,6
1325.1,6,1325.1,5,1325.1,8,1325.1,0,1325.1,4,1325.1,4,1325.1,9,1325.1,5
1327.9,3,1327.9,4,1327.9,2,1327.9,4,1327.9,6,1327.9,6,1327.9,6,1327.9,5
1330.7,3,1330.7,4,1330.7,4,1330.7,3,1330.7,4,1330.7,5,1330.7,2,1330.7,10
1333.6,2,1333.6,5,1333.6,2,1333.6,2,1333.6,1,1333.6,3,1333.6,4,1333.6,5
1336.4,1,1336.4,9,1336.4,5,1336.4,5,1336.4,1,1336.4,6,1336.4,5,1336.4,4
1339.2,3,1339.2,5,1339.2,4,1339.2,0,1339.2,1,1339.2,3,1339.2,3,1339.2,3
1342.1,2,1342.1,2,1342.1,4,1342.1,8,1342.1,4,1342.1,2,1342.1,2,1342.1,1
1344.9,4,1344.9,4,1344.9,2,1344.9,3,1344.9,5,1344.9,2,1344.9,3,1344.9,2
1347.7,4,1347.7,1,1347.7,6,1347.7,4,1347.7,4,1347.7,1,1347.7,2,1347.7,3
1350.6,0,1350.6,3,1350.6,3,1350.6,3,1350.6,5,1350.6,4,1350.6,5,1350.6,3
1353.4,0,1353.4,4,1353.4,6,1353.4,1,1353.4,2,1353.4,2,1353.4,3,1353.4,1
1356.3,4,1356.3,2,1356.3,2,1356.3,0,1356.3,3,1356.3,5,1356.3,2,1356.3,2
1359.1,2,1359.1,3,1359.1,1,1359.1,0,1359.1,5,1359.1,1,1359.1,3,1359.1,3
1361.9,2,1361.9,0,1361.9,3,1361.9,2,1361.9,0,1361.9,3,1361.9,1,1361.9,2
1364.8,1,1364.8,2,1364.8,2,1364.8,4,1364.8,2,1364.8,2,1364.8,2,1364.8,0
1367.6,0,1367.6,0,1367.6,0,1367.6,2,1367.6,1,1367.6,2,1367.6,1,1367.6,2
1370.4,2,1370.4,3,1370.4,2,1370.4,0,1370.4,0,1370.4,1,1370.4,1,1370.4,5
1373.3,2,1373.3,1,1373.3,2,1373.3,3,1373.3,0,1373.3,2,1373.3,2,1373.3,1
1376.1,2,1376.1,0,1376.1,0,1376.1,0,1376.1,1,1376.1,1,1376.1,1,1376.1,1
1378.9,1,1378.9,1,1378.9,1,1378.9,2,1378.9,1,1378.9,2,1378.9,3,1378.9,2
1381.8,1,1381.8,0,1381.8,0,1381.8,2,1381.8,0,1381.8,2,1381.8,1,1381.8,1
1384.6,0,1384.6,0,1384.6,0,1384.6,0,1384.6,0,1384.6,1,1384.6,0,1384.6,1
1387.5,0,1387.5,2,1387.5,1,1387.5,0,1387.5,1,1387.5,1,1387.5,1,1387.5,1
1390.3,3,1390.3,1,1390.3,0,1390.3,0,1390.3,1,1390.3,3,1390.3,1,1390.3,1
1393.1,291,1393.1,281,1393.1,300,1393.1,284,1393.1,252,1393.1,272,1393.1,263,1393.1,285
