E_A#27 / keV,N_A#27,E_A#28 / keV,N_A#28,E_A#29 / keV,N_A#29,E_A#30 / keV,N_A#30,E_A#31 / keV,N_A#31,E_A#32 / keV,N_A#32,E_A#33 / keV,N_A#33,E_A#34 / keV,N_A#34,E_A#35 / keV,N_A#35
-56.3,0,-56.3,0,-56.3,0,-56.3,0,-56.3,0,-56.3,0,-56.3,0,-56.3,0,-56.3,0
-53.4,0,-53.4,0,-53.4,0,-53.4,0,-53.4,0,-53.4,0,-53.4,0,-53.4,0,-53.4,0
-50.6,2,-50.6,0,-50.6,0,-50.6,0,-50.6,0,-50.6,0,-50.6,0,-50.6,0,-50.6,0
-47.8,15,-47.8,15,-47.8,17,-47.8,31,-47.8,22,-47.8,12,-47.8,16,-47.8,14,-47.8,22
-44.9,135,-44.9,105,-44.9,99,-44.9,122,-44.9,123,-44.9,109,-44.9,118,-44.9,133,-44.9,122
-42.1,159,-42.1,111,-42.1,106,-42.1,124,-42.1,151,-42.1,124,-42.1,129,-42.1,123,-42.1,128
-39.3,156,-39.3,142,-39.3,140,-39.3,132,-39.3,167,-39.3,136,-39.3,166,-39.3,169,-39.3,145
-36.4,173,-36.4,146,-36.4,127,-36.4,132,-36.4,156,-36.4,169,-36.4,179,-36.4,149,-36.4,163
-33.6,187,-33.6,142,-33.6,133,-33.6,158,-33.6,169,-33.6,162,-33.6,194,-33.6,185,-33.6,186
-30.8,206,-30.8,147,-30.8,165,-30.8,170,-30.8,178,-30.8,180,-30.8,164,-30.8,169,-30.8,168
-27.9,218,-27.9,166,-27.9,160,-27.9,192,-27.9,197,-27.9,181,-27.9,189,-27.9,189,-27.9,170
-25.1,230,-25.1,168,-25.1,177,-25.1,179,-25.1,161,-25.1,186,-25.1,198,-25.1,200,-25.1,218
-22.2,237,-22.2,170,-22.2,179,-22.2,176,-22.2,188,-22.2,214,-22.2,219,-22.2,197,-22.2,189
-19.4,232,-19.4,176,-19.4,189,-19.4,179,-19.4,215,-19.4,211,-19.4,204,-19.4,211,-19.4,175
-16.6,245,-16.6,184,-16.6,176,-16.6,196,-16.6,212,-16.6,193,-16.6,216,-16.6,186,-16.6,191
-13.7,250,-13.7,206,-13.7,226,-13.7,231,-13.7,200,-13.7,212,-13.7,195,-13.7,206,-13.7,214
-10.9,278,-10.9,191,-10.9,197,-10.9,213,-10.9,267,-10.9,220,-10.9,224,-10.9,200,-10.9,232
-8.1,279,-8.1,206,-8.1,211,-8.1,233,-8.1,249,-8.1,250,-8.1,272,-8.1,251,-8.1,229
-5.2,279,-5.2,201,-5.2,233,-5.2,231,-5.2,221,-5.2,262,-5.2,266,-5.2,238,-5.2,243
-2.4,256,-2.4,209,-2.4,220,-2.4,235,-2.4,259,-2.4,256,-2.4,238,-2.4,248,-2.4,239
0.4,313,0.4,204,0.4,265,0.4,238,0.4,256,0.4,270,0.4,241,0.4,245,0.4,262
3.3,304,3.3,227,3.3,249,3.3,247,3.3,260,3.3,297,3.3,248,3.3,265,3.3,293
6.1,315,6.1,277,6.1,285,6.1,297,6.1,233,6.1,263,6.1,281,6.1,274,6.1,281
9,317,9,263,9,286,9,292,9,283,9,320,9,298,9,305,9,278
11.8,317,11.8,280,11.8,271,11.8,298,11.8,313,11.8,306,11.8,276,11.8,257,11.8,298
14.6,349,14.6,273,14.6,282,14.6,275,14.6,308,14.6,301,14.6,305,14.6,280,14.6,290
17.5,329,17.5,283,17.5,308,17.5,323,17.5,273,17.5,323,17.5,322,17.5,300,17.5,299
20.3,346,20.3,303,20.3,307,20.3,313,20.3,318,20.3,338,20.3,304,20.3,330,20.3,319
23.1,320,23.1,322,23.1,334,23.1,310,23.1,309,23.1,332,23.1,323,23.1,307,23.1,364
26,410,26,342,26,325,26,350,26,347,26,344,26,344,26,356,26,347
28.8,396,28.8,396,28.8,345,28.8,383,28.8,376,28.8,375,28.8,376,28.8,367,28.8,390
31.6,430,31.6,426,31.6,411,31.6,462,31.6,421,31.6,425,31.6,379,31.6,416,31.6,392
34.5,475,34.5,488,34.5,475,34.5,432,34.5,495,34.5,458,34.5,460,34.5,461,34.5,498
37.3,605,37.3,615,37.3,582,37.3,583,37.3,601,37.3,569,37.3,556,37.3,536,37.3,581
40.2,700,40.2,641,40.2,691,40.2,749,40.2,698,40.2,684,40.2,688,40.2,650,40.2,676
43,708,43,698,43,769,43,706,43,710,43,720,43,709,43,668,43,698
45.8,647,45.8,619,45.8,717,45.8,675,45.8,626,45.8,672,45.8,639,45.8,639,45.8,642
48.7,608,48.7,610,48.7,626,48.7,603,48.7,580,48.7,570,48.7,562,48.7,604,48.7,608
51.5,594,51.5,620,51.5,605,51.5,550,51.5,546,51.5,589,51.5,514,51.5,552,51.5,530
54.3,599,54.3,601,54.3,553,54.3,567,54.3,529,54.3,513,54.3,552,54.3,510,54.3,521
57.2,575,57.2,548,57.2,557,57.2,522,57.2,538,57.2,503,57.2,535,57.2,533,57.2,511
60,538,60,535,60,523,60,477,60,549,60,459,60,479,60,510,60,471
62.8,487,62.8,531,62.8,500,62.8,497,62.8,436,62.8,480,62.8,481,62.8,450,62.8,451
65.7,471,65.7,508,65.7,488,65.7,472,65.7,484,65.7,519,65.7,424,65.7,480,65.7,470
68.5,526,68.5,540,68.5,494,68.5,536,68.5,472,68.5,468,68.5,443,68.5,470,68.5,469
71.4,479,71.4,540,71.4,530,71.4,517,71.4,447,71.4,408,71.4,480,71.4,436,71.4,443
74.2,462,74.2,540,74.2,530,74.2,497,74.2,458,74.2,497,74.2,486,74.2,445,74.2,495
77,498,77,559,77,531,77,500,77,483,77,482,77,475,77,477,77,474
79.9,513,79.9,499,79.9,518,79.9,561,79.9,493,79.9,526,79.9,479,79.9,521,79.9,488
82.7,535,82.7,588,82.7,531,82.7,552,82.7,469,82.7,527,82.7,504,82.7,487,82.7,460
85.5,513,85.5,560,85.5,570,85.5,507,85.5,484,85.5,472,85.5,522,85.5,467,85.5,492
88.4,544,88.4,558,88.4,521,88.4,506,88.4,491,88.4,533,88.4,496,88.4,475,88.4,483
91.2,521,91.2,556,91.2,529,91.2,527,91.2,499,91.2,472,91.2,470,91.2,451,91.2,482
94,443,94,508,94,561,94,482,94,512,94,488,94,435,94,459,94,457
96.9,525,96.9,532,96.9,498,96.9,476,96.9,512,96.9,494,96.9,435,96.9,455,96.9,478
99.7,451,99.7,520,99.7,517,99.7,512,99.7,481,99.7,468,99.7,469,99.7,478,99.7,490
102.6,479,102.6,531,102.6,535,102.6,518,102.6,517,102.6,480,102.6,474,102.6,481,102.6,415
105.4,472,105.4,502,105.4,470,105.4,550,105.4,460,105.4,447,105.4,490,105.4,442,105.4,451
108.2,513,108.2,489,108.2,533,108.2,499,108.2,470,108.2,454,108.2,455,108.2,456,108.2,431
111.1,447,111.1,522,111.1,482,111.1,490,111.1,494,111.1,492,111.1,500,111.1,478,111.1,384
113.9,466,113.9,487,113.9,498,113.9,468,113.9,443,113.9,491,113.9,400,113.9,483,113.9,437
116.7,484,116.7,483,116.7,481,116.7,502,116.7,465,116.7,428,116.7,437,116.7,477,116.7,438
119.6,480,119.6,465,119.6,479,119.6,483,119.6,482,119.6,466,119.6,452,119.6,473,119.6,440
122.4,439,122.4,455,122.4,496,122.4,484,122.4,472,122.4,436,122.4,442,122.4,445,122.4,436
125.2,468,125.2,441,125.2,445,125.2,435,125.2,465,125.2,422,125.2,456,125.2,466,125.2,451
128.1,442,128.1,444,128.1,466,128.1,454,128.1,450,128.1,440,128.1,451,128.1,483,128.1,403
130.9,470,130.9,501,130.9,442,130.9,474,130.9,477,130.9,465,130.9,456,130.9,454,130.9,441
133.8,452,133.8,476,133.8,483,133.8,461,133.8,474,133.8,446,133.8,468,133.8,452,133.8,422
136.6,476,136.6,495,136.6,442,136.6,468,136.6,495,136.6,474,136.6,499,136.6,474,136.6,504
139.4,518,139.4,460,139.4,501,139.4,469,139.4,463,139.4,489,139.4,458,139.4,502,139.4,489
142.3,531,142.3,521,142.3,483,142.3,516,142.3,466,142.3,541,142.3,500,142.3,501,142.3,509
145.1,538,145.1,485,145.1,480,145.1,507,145.1,496,145.1,517,145.1,497,145.1,516,145.1,518
147.9,531,147.9,484,147.9,488,147.9,525,147.9,512,147.9,570,147.9,509,147.9,551,147.9,510
150.8,627,150.8,472,150.8,536,150.8,462,150.8,593,150.8,497,150.8,532,150.8,533,150.8,529
153.6,537,153.6,452,153.6,509,153.6,531,153.6,523,153.6,506,153.6,550,153.6,493,153.6,539
156.4,549,156.4,446,156.4,490,156.4,477,156.4,534,156.4,518,156.4,507,156.4,536,156.4,536
159.3,563,159.3,450,159.3,489,159.3,477,159.3,523,159.3,487,159.3,541,159.3,531,159.3,530
162.1,558,162.1,417,162.1,489,162.1,452,162.1,512,162.1,494,162.1,517,162.1,512,162.1,523
165,524,165,428,165,438,165,418,165,473,165,537,165,505,165,463,165,519
167.8,535,167.8,457,167.8,486,167.8,492,167.8,493,167.8,529,167.8,518,167.8,512,167.8,493
170.6,528,170.6,437,170.6,512,170.6,462,170.6,498,170.6,512,170.6,501,170.6,487,170.6,477
173.5,501,173.5,418,173.5,426,173.5,464,173.5,440,173.5,493,173.5,482,173.5,474,173.5,469
176.3,484,176.3,434,176.3,458,176.3,420,176.3,437,176.3,476,176.3,470,176.3,456,176.3,495
179.1,468,179.1,387,179.1,402,179.1,429,179.1,457,179.1,490,179.1,491,179.1,463,179.1,452
182,505,182,396,182,440,182,448,182,448,182,450,182,471,182,446,182,439
184.8,453,184.8,379,184.8,426,184.8,425,184.8,427,184.8,423,184.8,436,184.8,440,184.8,470
187.6,455,187.6,366,187.6,448,187.6,406,187.6,445,187.6,432,187.6,429,187.6,445,187.6,424
190.5,445,190.5,372,190.5,420,190.5,401,190.5,413,190.5,433,190.5,426,190.5,435,190.5,406
193.3,501,193.3,361,193.3,429,193.3,396,193.3,405,193.3,438,193.3,401,193.3,442,193.3,410
196.2,483,196.2,383,196.2,404,196.2,409,196.2,454,196.2,399,196.2,420,196.2,441,196.2,468
199,430,199,361,199,361,199,389,199,464,199,390,199,439,199,445,199,403
201.8,449,201.8,349,201.8,397,201.8,371,201.8,406,201.8,422,201.8,399,201.8,438,201.8,425
204.7,430,204.7,330,204.7,384,204.7,399,204.7,397,204.7,402,204.7,422,204.7,396,204.7,445
207.5,448,207.5,320,207.5,363,207.5,361,207.5,384,207.5,383,207.5,390,207.5,361,207.5,424
210.3,400,210.3,341,210.3,381,210.3,344,210.3,411,210.3,381,210.3,374,210.3,374,210.3,449
213.2,434,213.2,348,213.2,342,213.2,383,213.2,356,213.2,436,213.2,389,213.2,362,213.2,428
216,411,216,339,216,346,216,362,216,370,216,402,216,360,216,410,216,410
218.8,399,218.8,340,218.8,357,218.8,379,218.8,346,218.8,396,218.8,389,218.8,416,218.8,404
221.7,423,221.7,319,221.7,350,221.7,365,221.7,372,221.7,355,221.7,356,221.7,380,221.7,376
224.5,402,224.5,334,224.5,320,224.5,377,224.5,322,224.5,329,224.5,350,224.5,334,224.5,367
227.4,377,227.4,339,227.4,300,227.4,349,227.4,323,227.4,366,227.4,358,227.4,339,227.4,370
230.2,364,230.2,321,230.2,340,230.2,307,230.2,329,230.2,343,230.2,369,230.2,362,230.2,379
233,418,233,316,233,317,233,334,233,336,233,345,233,342,233,319,233,371
235.9,348,235.9,308,235.9,283,235.9,341,235.9,345,235.9,341,235.9,343,235.9,328,235.9,351
238.7,391,238.7,300,238.7,289,238.7,326,238.7,284,238.7,357,238.7,338,238.7,339,238.7,363
241.5,352,241.5,304,241.5,310,241.5,336,241.5,348,241.5,350,241.5,320,241.5,341,241.5,343
244.4,346,244.4,263,244.4,303,244.4,374,244.4,322,244.4,333,244.4,358,244.4,350,244.4,345
247.2,334,247.2,351,247.2,289,247.2,323,247.2,307,247.2,331,247.2,372,247.2,318,247.2,349
250,310,250,305,250,280,250,321,250,325,250,332,250,348,250,343,250,324
252.9,304,252.9,266,252.9,310,252.9,308,252.9,317,252.9,317,252.9,313,252.9,330,252.9,323
255.7,357,255.7,317,255.7,300,255.7,310,255.7,303,255.7,290,255.7,308,255.7,316,255.7,281
258.6,322,258.6,280,258.6,298,258.6,289,258.6,351,258.6,341,258.6,268,258.6,289,258.6,328
261.4,339,261.4,294,261.4,309,261.4,317,261.4,310,261.4,305,261.4,303,261.4,333,261.4,293
264.2,308,264.2,256,264.2,285,264.2,318,264.2,345,264.2,322,264.2,351,264.2,342,264.2,292
267.1,371,267.1,287,267.1,283,267.1,292,267.1,304,267.1,319,267.1,308,267.1,324,267.1,320
269.9,345,269.9,279,269.9,302,269.9,317,269.9,315,269.9,293,269.9,330,269.9,314,269.9,303
272.7,322,272.7,255,272.7,272,272.7,306,272.7,283,272.7,314,272.7,299,272.7,301,272.7,341
275.6,305,275.6,265,275.6,261,275.6,287,275.6,298,275.6,335,275.6,320,275.6,300,275.6,314
278.4,342,278.4,264,278.4,273,278.4,291,278.4,289,278.4,330,278.4,326,278.4,299,278.4,297
281.2,329,281.2,272,281.2,294,281.2,295,281.2,275,281.2,301,281.2,281,281.2,331,281.2,302
284.1,289,284.1,276,284.1,277,284.1,291,284.1,293,284.1,301,284.1,296,284.1,265,284.1,292
286.9,313,286.9,275,286.9,283,286.9,265,286.9,322,286.9,284,286.9,298,286.9,306,286.9,305
289.8,306,289.8,256,289.8,245,289.8,299,289.8,295,289.8,282,289.8,281,289.8,286,289.8,305
292.6,297,292.6,229,292.6,259,292.6,279,292.6,310,292.6,294,292.6,295,292.6,296,292.6,283
295.4,322,295.4,278,295.4,266,295.4,249,295.4,292,295.4,306,295.4,260,295.4,308,295.4,270
298.3,312,298.3,252,298.3,276,298.3,257,298.3,280,298.3,295,298.3,294,298.3,297,298.3,279
301.1,293,301.1,273,301.1,280,301.1,255,301.1,288,301.1,262,301.1,301,301.1,267,301.1,303
303.9,289,303.9,266,303.9,226,303.9,263,303.9,256,303.9,261,303.9,277,303.9,275,303.9,259
306.8,275,306.8,239,306.8,244,306.8,244,306.8,222,306.8,283,306.8,240,306.8,239,306.8,250
309.6,258,309.6,207,309.6,253,309.6,207,309.6,246,309.6,234,309.6,272,309.6,251,309.6,246
312.4,260,312.4,231,312.4,229,312.4,245,312.4,229,312.4,254,312.4,253,312.4,236,312.4,233
315.3,257,315.3,216,315.3,219,315.3,227,315.3,246,315.3,246,315.3,253,315.3,275,315.3,230
318.1,242,318.1,216,318.1,195,318.1,221,318.1,228,318.1,252,318.1,233,318.1,244,318.1,252
321,240,321,239,321,242,321,250,321,216,321,216,321,229,321,232,321,242
323.8,241,323.8,221,323.8,245,323.8,236,323.8,205,323.8,199,323.8,240,323.8,204,323.8,230
326.6,201,326.6,237,326.6,216,326.6,250,326.6,213,326.6,206,326.6,214,326.6,204,326.6,208
329.5,211,329.5,207,329.5,219,329.5,202,329.5,229,329.5,205,329.5,200,329.5,192,329.5,196
332.3,208,332.3,217,332.3,198,332.3,217,332.3,216,332.3,167,332.3,192,332.3,195,332.3,223
335.1,176,335.1,194,335.1,194,335.1,228,335.1,180,335.1,183,335.1,188,335.1,181,335.1,186
338,188,338,162,338,206,338,201,338,199,338,191,338,190,338,200,338,190
340.8,163,340.8,186,340.8,220,340.8,192,340.8,199,340.8,191,340.8,216,340.8,215,340.8,187
343.7,167,343.7,186,343.7,197,343.7,193,343.7,156,343.7,155,343.7,189,343.7,169,343.7,171
346.5,153,346.5,196,346.5,184,346.5,161,346.5,174,346.5,169,346.5,163,346.5,172,346.5,182
349.3,157,349.3,196,349.3,183,349.3,171,349.3,153,349.3,168,349.3,184,349.3,172,349.3,167
352.2,140,352.2,205,352.2,202,352.2,168,352.2,179,352.2,145,352.2,171,352.2,153,352.2,160
355,138,355,190,355,182,355,209,355,167,355,132,355,147,355,166,355,164
357.8,138,357.8,174,357.8,174,357.8,162,357.8,141,357.8,150,357.8,169,357.8,158,357.8,143
360.7,143,360.7,178,360.7,203,360.7,161,360.7,169,360.7,151,360.7,145,360.7,145,360.7,146
363.5,144,363.5,186,363.5,178,363.5,187,363.5,178,363.5,134,363.5,155,363.5,142,363.5,120
366.3,127,366.3,164,366.3,164,366.3,167,366.3,151,366.3,150,366.3,155,366.3,132,366.3,153
369.2,132,369.2,147,369.2,194,369.2,155,369.2,142,369.2,142,369.2,143,369.2,154,369.2,157
372,121,372,188,372,162,372,150,372,171,372,133,372,151,372,133,372,140
374.9,118,374.9,161,374.9,160,374.9,169,374.9,181,374.9,151,374.9,142,374.9,132,374.9,122
377.7,126,377.7,168,377.7,157,377.7,136,377.7,128,377.7,131,377.7,152,377.7,133,377.7,144
380.5,122,380.5,188,380.5,162,380.5,167,380.5,166,380.5,130,380.5,126,380.5,126,380.5,140
383.4,117,383.4,172,383.4,148,383.4,137,383.4,132,383.4,134,383.4,165,383.4,130,383.4,139
386.2,126,386.2,178,386.2,159,386.2,167,386.2,140,386.2,133,386.2,150,386.2,138,386.2,140
389,117,389,167,389,158,389,144,389,141,389,145,389,139,389,127,389,103
391.9,103,391.9,154,391.9,147,391.9,157,391.9,132,391.9,138,391.9,125,391.9,126,391.9,130
394.7,114,394.7,178,394.7,153,394.7,138,394.7,162,394.7,124,394.7,130,394.7,131,394.7,126
397.5,118,397.5,148,397.5,173,397.5,173,397.5,135,397.5,139,397.5,127,397.5,113,397.5,132
400.4,117,400.4,146,400.4,159,400.4,179,400.4,132,400.4,126,400.4,124,400.4,130,400.4,115
403.2,112,403.2,177,403.2,140,403.2,167,403.2,135,403.2,132,403.2,125,403.2,135,403.2,109
406.1,99,406.1,162,406.1,155,406.1,158,406.1,149,406.1,110,406.1,124,406.1,107,406.1,125
408.9,96,408.9,141,408.9,137,408.9,145,408.9,129,408.9,115,408.9,118,408.9,129,408.9,128
411.7,102,411.7,139,411.7,144,411.7,158,411.7,120,411.7,118,411.7,116,411.7,122,411.7,80
414.6,86,414.6,160,414.6,151,414.6,137,414.6,145,414.6,128,414.6,134,414.6,126,414.6,124
417.4,96,417.4,178,417.4,155,417.4,145,417.4,133,417.4,112,417.4,122,417.4,122,417.4,123
420.2,101,420.2,137,420.2,131,420.2,144,420.2,146,420.2,116,420.2,112,420.2,96,420.2,126
423.1,100,423.1,145,423.1,154,423.1,128,423.1,126,423.1,128,423.1,109,423.1,121,423.1,98
425.9,108,425.9,158,425.9,143,425.9,168,425.9,149,425.9,117,425.9,116,425.9,107,425.9,110
428.7,88,428.7,160,428.7,138,428.7,125,428.7,113,428.7,115,428.7,112,428.7,130,428.7,117
431.6,93,431.6,156,431.6,158,431.6,161,431.6,113,431.6,130,431.6,111,431.6,121,431.6,103
434.4,88,434.4,151,434.4,125,434.4,160,434.4,127,434.4,110,434.4,122,434.4,106,434.4,118
437.3,108,437.3,139,437.3,135,437.3,150,437.3,136,437.3,131,437.3,116,437.3,105,437.3,101
440.1,111,440.1,141,440.1,116,440.1,149,440.1,128,440.1,126,440.1,106,440.1,110,440.1,104
442.9,115,442.9,148,442.9,135,442.9,161,442.9,123,442.9,109,442.9,124,442.9,105,442.9,121
445.8,101,445.8,143,445.8,149,445.8,124,445.8,103,445.8,103,445.8,106,445.8,109,445.8,99
448.6,97,448.6,147,448.6,145,448.6,140,448.6,121,448.6,109,448.6,127,448.6,101,448.6,100
451.4,100,451.4,131,451.4,121,451.4,150,451.4,128,451.4,118,451.4,113,451.4,105,451.4,97
454.3,92,454.3,112,454.3,123,454.3,129,454.3,123,454.3,98,454.3,122,454.3,114,454.3,110
457.1,106,457.1,137,457.1,136,457.1,120,457.1,120,457.1,92,457.1,109,457.1,102,457.1,97
459.9,111,459.9,139,459.9,145,459.9,156,459.9,123,459.9,119,459.9,93,459.9,111,459.9,116
462.8,115,462.8,120,462.8,139,462.8,132,462.8,131,462.8,122,462.8,129,462.8,103,462.8,91
465.6,122,465.6,128,465.6,136,465.6,133,465.6,131,465.6,124,465.6,119,465.6,113,465.6,111
468.5,119,468.5,131,468.5,128,468.5,140,468.5,129,468.5,148,468.5,139,468.5,119,468.5,125
471.3,155,471.3,137,471.3,146,471.3,160,471.3,160,471.3,163,471.3,156,471.3,150,471.3,150
474.1,189,474.1,155,474.1,158,474.1,176,474.1,179,474.1,182,474.1,174,474.1,161,474.1,172
477,224,477,171,477,188,477,198,477,211,477,210,477,225,477,191,477,236
479.8,260,479.8,174,479.8,194,479.8,207,479.8,241,479.8,256,479.8,254,479.8,241,479.8,202
482.6,330,482.6,240,482.6,218,482.6,247,482.6,269,482.6,268,482.6,285,482.6,312,482.6,309
485.5,489,485.5,223,485.5,225,485.5,286,485.5,325,485.5,334,485.5,344,485.5,340,485.5,372
488.3,534,488.3,224,488.3,269,488.3,317,488.3,379,488.3,419,488.3,373,488.3,420,488.3,447
491.1,566,491.1,275,491.1,342,491.1,390,491.1,473,491.1,486,491.1,468,491.1,472,491.1,468
494,765,494,313,494,369,494,427,494,547,494,622,494,555,494,570,494,581
496.8,814,496.8,328,496.8,415,496.8,507,496.8,565,496.8,666,496.8,648,496.8,683,496.8,671
499.7,859,499.7,358,499.7,436,499.7,517,499.7,636,499.7,786,499.7,716,499.7,740,499.7,754
502.5,1021,502.5,426,502.5,506,502.5,575,502.5,748,502.5,801,502.5,774,502.5,779,502.5,830
505.3,1160,505.3,445,505.3,519,505.3,610,505.3,828,505.3,904,505.3,838,505.3,890,505.3,906
508.2,1160,508.2,447,508.2,515,508.2,668,508.2,835,508.2,902,508.2,892,508.2,905,508.2,985
511,1265,511,439,511,551,511,658,511,824,511,1040,511,897,511,981,511,1019
513.8,1244,513.8,467,513.8,551,513.8,658,513.8,856,513.8,985,513.8,1002,513.8,908,513.8,1004
516.7,1225,516.7,418,516.7,578,516.7,688,516.7,827,516.7,994,516.7,931,516.7,961,516.7,992
519.5,1180,519.5,415,519.5,545,519.5,626,519.5,863,519.5,958,519.5,906,519.5,911,519.5,957
522.3,1098,522.3,441,522.3,513,522.3,626,522.3,799,522.3,859,522.3,834,522.3,904,522.3,952
525.2,1043,525.2,359,525.2,441,525.2,540,525.2,680,525.2,770,525.2,796,525.2,800,525.2,840
528,932,528,316,528,414,528,498,528,623,528,716,528,723,528,727,528,743
530.9,811,530.9,286,530.9,349,530.9,445,530.9,533,530.9,621,530.9,585,530.9,673,530.9,668
533.7,682,533.7,244,533.7,292,533.7,361,533.7,490,533.7,534,533.7,546,533.7,564,533.7,552
536.5,579,536.5,213,536.5,276,536.5,299,536.5,378,536.5,439,536.5,445,536.5,480,536.5,501
539.4,454,539.4,180,539.4,206,539.4,252,539.4,331,539.4,345,539.4,337,539.4,353,539.4,401
542.2,354,542.2,153,542.2,180,542.2,207,542.2,260,542.2,286,542.2,285,542.2,286,542.2,308
545,284,545,121,545,149,545,148,545,200,545,251,545,222,545,253,545,243
547.9,231,547.9,115,547.9,132,547.9,134,547.9,185,547.9,189,547.9,195,547.9,182,547.9,204
550.7,176,550.7,88,550.7,112,550.7,100,550.7,129,550.7,140,550.7,130,550.7,156,550.7,153
553.5,131,553.5,75,553.5,100,553.5,108,553.5,129,553.5,122,553.5,106,553.5,112,553.5,113
556.4,108,556.4,71,556.4,60,556.4,76,556.4,78,556.4,97,556.4,88,556.4,93,556.4,93
559.2,83,559.2,57,559.2,62,559.2,60,559.2,61,559.2,89,559.2,103,559.2,77,559.2,80
562.1,77,562.1,42,562.1,69,562.1,53,562.1,54,562.1,75,562.1,73,562.1,55,562.1,66
564.9,59,564.9,48,564.9,58,564.9,60,564.9,45,564.9,43,564.9,62,564.9,54,564.9,54
567.7,58,567.7,50,567.7,53,567.7,59,567.7,55,567.7,42,567.7,44,567.7,52,567.7,65
570.6,50,570.6,58,570.6,42,570.6,47,570.6,51,570.6,50,570.6,52,570.6,47,570.6,59
573.4,45,573.4,55,573.4,44,573.4,44,573.4,67,573.4,42,573.4,47,573.4,51,573.4,57
576.2,42,576.2,43,576.2,42,576.2,45,576.2,60,576.2,44,576.2,53,576.2,60,576.2,48
579.1,45,579.1,46,579.1,44,579.1,52,579.1,49,579.1,60,579.1,47,579.1,46,579.1,49
581.9,54,581.9,48,581.9,45,581.9,44,581.9,59,581.9,45,581.9,52,581.9,44,581.9,63
584.7,59,584.7,51,584.7,66,584.7,52,584.7,45,584.7,56,584.7,40,584.7,51,584.7,45
587.6,58,587.6,54,587.6,55,587.6,52,587.6,45,587.6,52,587.6,33,587.6,56,587.6,58
590.4,57,590.4,40,590.4,51,590.4,44,590.4,52,590.4,48,590.4,47,590.4,48,590.4,47
593.3,51,593.3,43,593.3,46,593.3,44,593.3,46,593.3,48,593.3,51,593.3,45,593.3,61
596.1,59,596.1,51,596.1,54,596.1,45,596.1,42,596.1,55,596.1,50,596.1,49,596.1,64
598.9,50,598.9,51,598.9,53,598.9,57,598.9,31,598.9,47,598.9,47,598.9,41,598.9,50
601.8,58,601.8,64,601.8,50,601.8,47,601.8,58,601.8,50,601.8,44,601.8,52,601.8,39
604.6,57,604.6,53,604.6,40,604.6,50,604.6,49,604.6,51,604.6,56,604.6,47,604.6,49
607.4,39,607.4,52,607.4,65,607.4,50,607.4,47,607.4,42,607.4,47,607.4,53,607.4,42
610.3,50,610.3,40,610.3,60,610.3,54,610.3,47,610.3,52,610.3,58,610.3,55,610.3,48
613.1,55,613.1,50,613.1,46,613.1,47,613.1,62,613.1,60,613.1,62,613.1,52,613.1,50
615.9,44,615.9,49,615.9,59,615.9,41,615.9,52,615.9,55,615.9,49,615.9,50,615.9,49
618.8,54,618.8,57,618.8,49,618.8,55,618.8,53,618.8,51,618.8,62,618.8,62,618.8,49
621.6,67,621.6,64,621.6,56,621.6,75,621.6,53,621.6,45,621.6,46,621.6,55,621.6,61
624.5,51,624.5,40,624.5,51,624.5,67,624.5,67,624.5,56,624.5,56,624.5,67,624.5,53
627.3,52,627.3,63,627.3,54,627.3,64,627.3,49,627.3,67,627.3,66,627.3,69,627.3,68
630.1,56,630.1,77,630.1,78,630.1,59,630.1,69,630.1,65,630.1,79,630.1,59,630.1,66
633,76,633,88,633,86,633,71,633,73,633,76,633,77,633,82,633,67
635.8,66,635.8,84,635.8,77,635.8,80,635.8,87,635.8,74,635.8,81,635.8,84,635.8,83
638.6,81,638.6,77,638.6,94,638.6,98,638.6,100,638.6,93,638.6,82,638.6,90,638.6,88
641.5,130,641.5,87,641.5,102,641.5,96,641.5,94,641.5,99,641.5,107,641.5,88,641.5,79
644.3,103,644.3,116,644.3,120,644.3,115,644.3,95,644.3,117,644.3,122,644.3,112,644.3,104
647.1,114,647.1,111,647.1,119,647.1,114,647.1,125,647.1,106,647.1,107,647.1,100,647.1,128
650,137,650,137,650,118,650,126,650,107,650,154,650,143,650,130,650,116
652.8,136,652.8,122,652.8,146,652.8,151,652.8,124,652.8,145,652.8,143,652.8,150,652.8,162
655.7,135,655.7,157,655.7,143,655.7,170,655.7,142,655.7,148,655.7,135,655.7,155,655.7,131
658.5,156,658.5,138,658.5,167,658.5,166,658.5,165,658.5,160,658.5,157,658.5,161,658.5,149
661.3,161,661.3,167,661.3,151,661.3,154,661.3,191,661.3,146,661.3,153,661.3,165,661.3,150
664.2,166,664.2,166,664.2,169,664.2,181,664.2,162,664.2,189,664.2,184,664.2,197,664.2,169
667,156,667,179,667,199,667,170,667,148,667,197,667,178,667,188,667,198
669.8,161,669.8,153,669.8,161,669.8,166,669.8,167,669.8,166,669.8,155,669.8,159,669.8,161
672.7,171,672.7,153,672.7,164,672.7,141,672.7,148,672.7,153,672.7,157,672.7,150,672.7,158
675.5,143,675.5,164,675.5,174,675.5,156,675.5,149,675.5,193,675.5,163,675.5,166,675.5,158
678.3,175,678.3,172,678.3,164,678.3,187,678.3,166,678.3,159,678.3,159,678.3,173,678.3,158
681.2,162,681.2,147,681.2,165,681.2,159,681.2,153,681.2,148,681.2,161,681.2,147,681.2,138
684,152,684,132,684,168,684,137,684,138,684,134,684,132,684,163,684,136
686.9,139,686.9,134,686.9,136,686.9,128,686.9,125,686.9,122,686.9,129,686.9,141,686.9,124
689.7,131,689.7,107,689.7,118,689.7,124,689.7,115,689.7,132,689.7,129,689.7,156,689.7,155
692.5,95,692.5,111,692.5,104,692.5,100,692.5,121,692.5,112,692.5,123,692.5,99,692.5,92
695.4,96,695.4,94,695.4,91,695.4,96,695.4,97,695.4,108,695.4,106,695.4,97,695.4,113
698.2,74,698.2,63,698.2,78,698.2,75,698.2,71,698.2,97,698.2,89,698.2,89,698.2,83
701,81,701,71,701,76,701,61,701,91,701,61,701,79,701,84,701,64
703.9,61,703.9,67,703.9,53,703.9,72,703.9,77,703.9,67,703.9,67,703.9,84,703.9,59
706.7,66,706.7,55,706.7,61,706.7,51,706.7,70,706.7,52,706.7,55,706.7,60,706.7,53
709.6,54,709.6,54,709.6,46,709.6,41,709.6,42,709.6,40,709.6,45,709.6,50,709.6,46
712.4,42,712.4,32,712.4,49,712.4,34,712.4,32,712.4,48,712.4,47,712.4,45,712.4,45
715.2,29,715.2,30,715.2,32,715.2,43,715.2,38,715.2,44,715.2,48,715.2,39,715.2,48
718.1,38,718.1,33,718.1,42,718.1,33,718.1,41,718.1,44,718.1,36,718.1,43,718.1,37
720.9,41,720.9,27,720.9,26,720.9,25,720.9,32,720.9,30,720.9,29,720.9,36,720.9,36
723.7,39,723.7,28,723.7,33,723.7,30,723.7,29,723.7,28,723.7,37,723.7,40,723.7,35
726.6,48,726.6,23,726.6,27,726.6,23,726.6,31,726.6,28,726.6,37,726.6,37,726.6,49
729.4,38,729.4,25,729.4,25,729.4,32,729.4,34,729.4,32,729.4,30,729.4,23,729.4,28
732.2,24,732.2,23,732.2,22,732.2,31,732.2,33,732.2,23,732.2,30,732.2,35,732.2,32
735.1,32,735.1,28,735.1,14,735.1,15,735.1,28,735.1,25,735.1,26,735.1,31,735.1,30
737.9,30,737.9,19,737.9,32,737.9,31,737.9,27,737.9,33,737.9,26,737.9,31,737.9,38
740.8,29,740.8,22,740.8,37,740.8,26,740.8,24,740.8,29,740.8,20,740.8,17,740.8,21
743.6,33,743.6,26,743.6,19,743.6,25,743.6,27,743.6,26,743.6,26,743.6,32,743.6,23
746.4,21,746.4,31,746.4,22,746.4,21,746.4,17,746.4,38,746.4,28,746.4,29,746.4,28
749.3,25,749.3,25,749.3,17,749.3,26,749.3,23,749.3,28,749.3,18,749.3,17,749.3,34
752.1,29,752.1,25,752.1,16,752.1,35,752.1,35,752.1,32,752.1,14,752.1,26,752.1,33
754.9,31,754.9,28,754.9,18,754.9,19,754.9,35,754.9,23,754.9,41,754.9,23,754.9,23
757.8,20,757.8,26,757.8,17,757.8,25,757.8,26,757.8,31,757.8,34,757.8,36,757.8,27
760.6,29,760.6,27,760.6,16,760.6,24,760.6,23,760.6,28,760.6,31,760.6,30,760.6,14
763.4,28,763.4,25,763.4,30,763.4,25,763.4,20,763.4,24,763.4,34,763.4,30,763.4,23
766.3,26,766.3,29,766.3,24,766.3,28,766.3,18,766.3,30,766.3,17,766.3,30,766.3,27
769.1,20,769.1,26,769.1,25,769.1,26,769.1,23,769.1,30,769.1,31,769.1,27,769.1,33
772,33,772,32,772,25,772,31,772,24,772,28,772,24,772,31,772,35
774.8,34,774.8,23,774.8,24,774.8,31,774.8,38,774.8,33,774.8,23,774.8,32,774.8,29
777.6,29,777.6,25,777.6,30,777.6,21,777.6,29,777.6,34,777.6,32,777.6,31,777.6,32
780.5,21,780.5,28,780.5,27,780.5,30,780.5,29,780.5,33,780.5,27,780.5,22,780.5,31
783.3,34,783.3,26,783.3,26,783.3,30,783.3,23,783.3,33,783.3,44,783.3,36,783.3,34
786.1,33,786.1,24,786.1,21,786.1,34,786.1,31,786.1,20,786.1,30,786.1,32,786.1,27
789,23,789,23,789,22,789,27,789,20,789,30,789,33,789,30,789,28
791.8,27,791.8,19,791.8,31,791.8,34,791.8,17,791.8,33,791.8,36,791.8,26,791.8,26
794.6,24,794.6,36,794.6,26,794.6,23,794.6,26,794.6,22,794.6,36,794.6,27,794.6,24
797.5,29,797.5,20,797.5,22,797.5,25,797.5,27,797.5,29,797.5,32,797.5,27,797.5,27
800.3,32,800.3,31,800.3,30,800.3,26,800.3,24,800.3,32,800.3,27,800.3,27,800.3,37
803.2,26,803.2,23,803.2,17,803.2,25,803.2,20,803.2,20,803.2,34,803.2,29,803.2,28
806,31,806,26,806,23,806,22,806,31,806,23,806,23,806,30,806,32
808.8,26,808.8,23,808.8,13,808.8,23,808.8,32,808.8,33,808.8,21,808.8,35,808.8,26
811.7,27,811.7,33,811.7,27,811.7,25,811.7,28,811.7,27,811.7,32,811.7,29,811.7,28
814.5,29,814.5,24,814.5,24,814.5,24,814.5,28,814.5,27,814.5,28,814.5,29,814.5,28
817.3,34,817.3,22,817.3,23,817.3,33,817.3,27,817.3,29,817.3,23,817.3,30,817.3,25
820.2,34,820.2,18,820.2,31,820.2,28,820.2,29,820.2,27,820.2,26,820.2,34,820.2,25
823,26,823,18,823,35,823,26,823,25,823,30,823,28,823,22,823,33
825.8,26,825.8,21,825.8,24,825.8,27,825.8,31,825.8,36,825.8,24,825.8,23,825.8,25
828.7,30,828.7,31,828.7,27,828.7,25,828.7,24,828.7,34,828.7,34,828.7,26,828.7,30
831.5,26,831.5,31,831.5,23,831.5,28,831.5,31,831.5,28,831.5,31,831.5,22,831.5,35
834.4,34,834.4,27,834.4,33,834.4,28,834.4,29,834.4,37,834.4,19,834.4,31,834.4,30
837.2,38,837.2,26,837.2,26,837.2,41,837.2,41,837.2,27,837.2,29,837.2,30,837.2,27
840,32,840,26,840,22,840,29,840,22,840,25,840,23,840,30,840,29
842.9,29,842.9,19,842.9,25,842.9,27,842.9,27,842.9,39,842.9,20,842.9,25,842.9,29
845.7,25,845.7,18,845.7,21,845.7,23,845.7,19,845.7,31,845.7,23,845.7,31,845.7,26
848.5,23,848.5,15,848.5,24,848.5,19,848.5,27,848.5,24,848.5,23,848.5,32,848.5,36
851.4,28,851.4,25,851.4,24,851.4,25,851.4,25,851.4,35,851.4,24,851.4,33,851.4,28
854.2,25,854.2,27,854.2,24,854.2,19,854.2,32,854.2,28,854.2,33,854.2,33,854.2,26
857,29,857,19,857,18,857,31,857,29,857,36,857,28,857,42,857,34
859.9,25,859.9,30,859.9,28,859.9,28,859.9,27,859.9,26,859.9,37,859.9,26,859.9,32
862.7,24,862.7,16,862.7,27,862.7,32,862.7,28,862.7,27,862.7,18,862.7,32,862.7,32
865.6,29,865.6,21,865.6,22,865.6,25,865.6,30,865.6,34,865.6,29,865.6,30,865.6,29
868.4,28,868.4,28,868.4,27,868.4,27,868.4,34,868.4,37,868.4,23,868.4,27,868.4,30
871.2,30,871.2,23,871.2,19,871.2,28,871.2,29,871.2,38,871.2,20,871.2,28,871.2,28
874.1,29,874.1,16,874.1,18,874.1,32,874.1,25,874.1,31,874.1,33,874.1,24,874.1,28
876.9,26,876.9,26,876.9,34,876.9,22,876.9,27,876.9,29,876.9,30,876.9,39,876.9,30
879.7,28,879.7,29,879.7,24,879.7,24,879.7,29,879.7,30,879.7,33,879.7,28,879.7,35
882.6,33,882.6,18,882.6,31,882.6,26,882.6,34,882.6,37,882.6,38,882.6,33,882.6,30
885.4,32,885.4,28,885.4,30,885.4,30,885.4,29,885.4,32,885.4,29,885.4,21,885.4,24
888.2,27,888.2,22,888.2,32,888.2,29,888.2,36,888.2,26,888.2,28,888.2,43,888.2,29
891.1,33,891.1,26,891.1,20,891.1,22,891.1,26,891.1,34,891.1,27,891.1,29,891.1,36
893.9,34,893.9,21,893.9,29,893.9,26,893.9,30,893.9,37,893.9,31,893.9,25,893.9,38
896.8,37,896.8,25,896.8,28,896.8,29,896.8,25,896.8,29,896.8,26,896.8,36,896.8,31
899.6,29,899.6,15,899.6,39,899.6,36,899.6,27,899.6,35,899.6,31,899.6,24,899.6,32
902.4,25,902.4,32,902.4,29,902.4,26,902.4,24,902.4,46,902.4,32,902.4,45,902.4,32
905.3,29,905.3,21,905.3,29,905.3,26,905.3,27,905.3,29,905.3,29,905.3,41,905.3,43
908.1,36,908.1,26,908.1,22,908.1,32,908.1,34,908.1,37,908.1,35,908.1,36,908.1,17
910.9,24,910.9,21,910.9,23,910.9,24,910.9,24,910.9,36,910.9,28,910.9,19,910.9,39
913.8,28,913.8,26,913.8,27,913.8,26,913.8,23,913.8,31,913.8,19,913.8,33,913.8,33
916.6,39,916.6,29,916.6,23,916.6,33,916.6,17,916.6,30,916.6,28,916.6,29,916.6,33
919.4,41,919.4,26,919.4,21,919.4,33,919.4,23,919.4,31,919.4,36,919.4,32,919.4,35
922.3,29,922.3,37,922.3,18,922.3,30,922.3,33,922.3,31,922.3,27,922.3,34,922.3,34
925.1,39,925.1,20,925.1,22,925.1,29,925.1,38,925.1,33,925.1,29,925.1,32,925.1,29
928,24,928,26,928,28,928,19,928,29,928,27,928,35,928,28,928,38
930.8,36,930.8,32,930.8,28,930.8,41,930.8,32,930.8,28,930.8,34,930.8,21,930.8,29
933.6,29,933.6,26,933.6,18,933.6,29,933.6,33,933.6,36,933.6,26,933.6,35,933.6,32
936.5,31,936.5,25,936.5,18,936.5,24,936.5,27,936.5,30,936.5,29,936.5,26,936.5,34
939.3,39,939.3,27,939.3,20,939.3,40,939.3,26,939.3,36,939.3,31,939.3,32,939.3,28
942.1,40,942.1,26,942.1,36,942.1,35,942.1,31,942.1,31,942.1,30,942.1,31,942.1,41
945,28,945,24,945,25,945,27,945,38,945,39,945,41,945,20,945,39
947.8,41,947.8,31,947.8,25,947.8,32,947.8,23,947.8,34,947.8,30,947.8,28,947.8,33
950.6,35,950.6,26,950.6,25,950.6,34,950.6,25,950.6,34,950.6,38,950.6,29,950.6,44
953.5,35,953.5,35,953.5,29,953.5,21,953.5,31,953.5,30,953.5,30,953.5,32,953.5,28
956.3,36,956.3,35,956.3,26,956.3,15,956.3,26,956.3,33,956.3,37,956.3,32,956.3,32
959.2,40,959.2,22,959.2,27,959.2,22,959.2,30,959.2,33,959.2,24,959.2,39,959.2,38
962,33,962,27,962,31,962,30,962,28,962,23,962,34,962,40,962,39
964.8,30,964.8,33,964.8,17,964.8,31,964.8,41,964.8,30,964.8,22,964.8,30,964.8,32
967.7,42,967.7,28,967.7,30,967.7,28,967.7,39,967.7,29,967.7,38,967.7,36,967.7,38
970.5,36,970.5,24,970.5,23,970.5,27,970.5,37,970.5,33,970.5,33,970.5,41,970.5,44
973.3,29,973.3,24,973.3,20,973.3,29,973.3,26,973.3,34,973.3,26,973.3,34,973.3,35
976.2,43,976.2,25,976.2,38,976.2,39,976.2,31,976.2,44,976.2,32,976.2,25,976.2,36
979,36,979,30,979,32,979,30,979,24,979,28,979,39,979,33,979,38
981.8,35,981.8,24,981.8,35,981.8,22,981.8,38,981.8,41,981.8,36,981.8,29,981.8,25
984.7,35,984.7,26,984.7,26,984.7,30,984.7,35,984.7,34,984.7,41,984.7,37,984.7,44
987.5,42,987.5,30,987.5,15,987.5,31,987.5,31,987.5,26,987.5,34,987.5,37,987.5,38
990.4,38,990.4,34,990.4,29,990.4,20,990.4,32,990.4,29,990.4,27,990.4,39,990.4,31
993.2,39,993.2,21,993.2,21,993.2,38,993.2,31,993.2,32,993.2,44,993.2,38,993.2,33
996,44,996,25,996,29,996,22,996,25,996,25,996,35,996,34,996,44
998.9,31,998.9,23,998.9,31,998.9,28,998.9,34,998.9,38,998.9,39,998.9,45,998.9,37
1001.7,36,1001.7,23,1001.7,27,1001.7,31,1001.7,27,1001.7,36,1001.7,38,1001.7,27,1001.7,25
1004.5,32,1004.5,20,1004.5,22,1004.5,23,1004.5,29,1004.5,37,1004.5,36,1004.5,34,1004.5,42
1007.4,35,1007.4,22,1007.4,20,1007.4,20,1007.4,35,1007.4,39,1007.4,32,1007.4,32,1007.4,35
1010.2,42,1010.2,20,1010.2,31,1010.2,30,1010.2,42,1010.2,34,1010.2,38,1010.2,28,1010.2,41
1013,31,1013,26,1013,15,1013,23,1013,21,1013,41,1013,43,1013,31,1013,43
1015.9,36,1015.9,17,1015.9,25,1015.9,32,1015.9,39,1015.9,28,1015.9,35,1015.9,29,1015.9,35
1018.7,30,1018.7,17,1018.7,23,1018.7,33,1018.7,31,1018.7,25,1018.7,46,1018.7,39,1018.7,40
1021.6,35,1021.6,20,1021.6,27,1021.6,28,1021.6,34,1021.6,35,1021.6,37,1021.6,27,1021.6,39
1024.4,25,1024.4,30,1024.4,32,1024.4,30,1024.4,31,1024.4,34,1024.4,33,1024.4,35,1024.4,32
1027.2,32,1027.2,36,1027.2,27,1027.2,28,1027.2,24,1027.2,42,1027.2,36,1027.2,36,1027.2,33
1030.1,41,1030.1,30,1030.1,26,1030.1,25,1030.1,18,1030.1,36,1030.1,39,1030.1,48,1030.1,35
1032.9,33,1032.9,22,1032.9,17,1032.9,33,1032.9,29,1032.9,22,1032.9,28,1032.9,30,1032.9,17
1035.7,33,1035.7,13,1035.7,14,1035.7,20,1035.7,29,1035.7,35,1035.7,23,1035.7,31,1035.7,37
1038.6,28,1038.6,19,1038.6,20,1038.6,23,1038.6,36,1038.6,31,1038.6,35,1038.6,31,1038.6,22
1041.4,22,1041.4,26,1041.4,31,1041.4,26,1041.4,31,1041.4,28,1041.4,27,1041.4,33,1041.4,27
1044.2,37,1044.2,22,1044.2,25,1044.2,25,1044.2,20,1044.2,34,1044.2,31,1044.2,26,1044.2,23
1047.1,26,1047.1,14,1047.1,19,1047.1,25,1047.1,19,1047.1,19,1047.1,20,1047.1,22,1047.1,27
1049.9,24,1049.9,18,1049.9,9,1049.9,23,1049.9,19,1049.9,20,1049.9,33,1049.9,26,1049.9,29
1052.8,20,1052.8,17,1052.8,13,1052.8,13,1052.8,19,1052.8,22,1052.8,24,1052.8,24,1052.8,24
1055.6,25,1055.6,12,1055.6,18,1055.6,25,1055.6,25,1055.6,21,1055.6,31,1055.6,24,1055.6,22
1058.4,23,1058.4,17,1058.4,24,1058.4,11,1058.4,11,1058.4,21,1058.4,17,1058.4,25,1058.4,24
1061.3,27,1061.3,17,1061.3,16,1061.3,15,1061.3,24,1061.3,26,1061.3,31,1061.3,20,1061.3,20
1064.1,24,1064.1,13,1064.1,19,1064.1,15,1064.1,15,1064.1,24,1064.1,23,1064.1,20,1064.1,22
1066.9,26,1066.9,18,1066.9,18,1066.9,20,1066.9,18,1066.9,17,1066.9,25,1066.9,15,1066.9,22
1069.8,28,1069.8,12,1069.8,19,1069.8,22,1069.8,15,1069.8,12,1069.8,24,1069.8,19,1069.8,14
1072.6,27,1072.6,15,1072.6,10,1072.6,12,1072.6,14,1072.6,20,1072.6,15,1072.6,15,1072.6,22
1075.4,19,1075.4,15,1075.4,12,1075.4,15,1075.4,19,1075.4,18,1075.4,14,1075.4,18,1075.4,18
1078.3,29,1078.3,10,1078.3,9,1078.3,18,1078.3,11,1078.3,13,1078.3,23,1078.3,17,1078.3,20
1081.1,13,1081.1,19,1081.1,15,1081.1,12,1081.1,18,1081.1,15,1081.1,13,1081.1,20,1081.1,22
1084,9,1084,15,1084,15,1084,20,1084,23,1084,16,1084,20,1084,20,1084,14
1086.8,10,1086.8,10,1086.8,12,1086.8,14,1086.8,8,1086.8,13,1086.8,22,1086.8,12,1086.8,12
1089.6,14,1089.6,7,1089.6,12,1089.6,13,1089.6,11,1089.6,16,1089.6,16,1089.6,12,1089.6,19
1092.5,12,1092.5,14,1092.5,13,1092.5,11,1092.5,14,1092.5,13,1092.5,15,1092.5,14,1092.5,12
1095.3,13,1095.3,7,1095.3,8,1095.3,9,1095.3,12,1095.3,17,1095.3,15,1095.3,17,1095.3,11
1098.1,13,1098.1,9,1098.1,14,1098.1,8,1098.1,11,1098.1,12,1098.1,18,1098.1,15,1098.1,12
1101,13,1101,7,1101,11,1101,7,1101,14,1101,16,1101,17,1101,7,1101,8
1103.8,6,1103.8,9,1103.8,5,1103.8,11,1103.8,12,1103.8,14,1103.8,11,1103.8,6,1103.8,6
1106.7,5,1106.7,13,1106.7,15,1106.7,14,1106.7,10,1106.7,19,1106.7,5,1106.7,9,1106.7,9
1109.5,12,1109.5,9,1109.5,10,1109.5,15,1109.5,7,1109.5,9,1109.5,17,1109.5,9,1109.5,13
1112.3,14,1112.3,11,1112.3,10,1112.3,8,1112.3,6,1112.3,5,1112.3,15,1112.3,10,1112.3,9
1115.2,14,1115.2,8,1115.2,10,1115.2,6,1115.2,11,1115.2,12,1115.2,3,1115.2,5,1115.2,7
1118,11,1118,6,1118,13,1118,14,1118,8,1118,13,1118,13,1118,11,1118,12
1120.8,7,1120.8,8,1120.8,12,1120.8,5,1120.8,10,1120.8,6,1120.8,7,1120.8,9,1120.8,12
1123.7,8,1123.7,12,1123.7,6,1123.7,6,1123.7,20,1123.7,7,1123.7,6,1123.7,16,1123.7,11
1126.5,5,1126.5,13,1126.5,12,1126.5,7,1126.5,9,1126.5,6,1126.5,3,1126.5,12,1126.5,11
1129.3,9,1129.3,12,1129.3,8,1129.3,10,1129.3,7,1129.3,9,1129.3,9,1129.3,9,1129.3,6
1132.2,3,1132.2,10,1132.2,9,1132.2,10,1132.2,8,1132.2,5,1132.2,14,1132.2,13,1132.2,9
1135,2,1135,11,1135,10,1135,11,1135,8,1135,13,1135,9,1135,5,1135,4
1137.9,5,1137.9,11,1137.9,11,1137.9,5,1137.9,9,1137.9,6,1137.9,6,1137.9,10,1137.9,7
1140.7,7,1140.7,6,1140.7,8,1140.7,6,1140.7,10,1140.7,9,1140.7,3,1140.7,7,1140.7,7
1143.5,12,1143.5,14,1143.5,9,1143.5,9,1143.5,5,1143.5,11,1143.5,10,1143.5,9,1143.5,4
1146.4,9,1146.4,10,1146.4,4,1146.4,9,1146.4,7,1146.4,6,1146.4,11,1146.4,3,1146.4,10
1149.2,12,1149.2,3,1149.2,5,1149.2,3,1149.2,4,1149.2,14,1149.2,11,1149.2,9,1149.2,6
1152,7,1152,8,1152,11,1152,9,1152,11,1152,10,1152,5,1152,6,1152,6
1154.9,3,1154.9,7,1154.9,13,1154.9,11,1154.9,4,1154.9,6,1154.9,8,1154.9,9,1154.9,8
1157.7,14,1157.7,9,1157.7,4,1157.7,5,1157.7,5,1157.7,9,1157.7,8,1157.7,6,1157.7,10
1160.5,6,1160.5,5,1160.5,4,1160.5,6,1160.5,10,1160.5,5,1160.5,6,1160.5,1,1160.5,12
1163.4,6,1163.4,9,1163.4,10,1163.4,10,1163.4,3,1163.4,7,1163.4,4,1163.4,14,1163.4,7
1166.2,7,1166.2,9,1166.2,3,1166.2,11,1166.2,8,1166.2,8,1166.2,7,1166.2,4,1166.2,4
1169.1,9,1169.1,5,1169.1,8,1169.1,8,1169.1,7,1169.1,5,1169.1,5,1169.1,7,1169.1,6
1171.9,6,1171.9,5,1171.9,7,1171.9,3,1171.9,6,1171.9,8,1171.9,6,1171.9,3,1171.9,7
1174.7,4,1174.7,9,1174.7,7,1174.7,7,1174.7,8,1174.7,8,1174.7,5,1174.7,7,1174.7,6
1177.6,6,1177.6,8,1177.6,6,1177.6,9,1177.6,4,1177.6,9,1177.6,6,1177.6,4,1177.6,6
1180.4,7,1180.4,11,1180.4,10,1180.4,6,1180.4,7,1180.4,4,1180.4,6,1180.4,3,1180.4,6
1183.2,6,1183.2,4,1183.2,8,1183.2,9,1183.2,7,1183.2,11,1183.2,15,1183.2,12,1183.2,7
1186.1,6,1186.1,4,1186.1,11,1186.1,11,1186.1,5,1186.1,9,1186.1,6,1186.1,3,1186.1,4
1188.9,6,1188.9,4,1188.9,8,1188.9,5,1188.9,6,1188.9,5,1188.9,2,1188.9,7,1188.9,7
1191.7,9,1191.7,8,1191.7,9,1191.7,8,1191.7,9,1191.7,4,1191.7,8,1191.7,8,1191.7,6
1194.6,7,1194.6,6,1194.6,10,1194.6,10,1194.6,7,1194.6,6,1194.6,6,1194.6,8,1194.6,10
1197.4,5,1197.4,8,1197.4,5,1197.4,6,1197.4,8,1197.4,11,1197.4,4,1197.4,9,1197.4,8
1200.3,11,1200.3,9,1200.3,8,1200.3,9,1200.3,11,1200.3,6,1200.3,5,1200.3,5,1200.3,6
1203.1,10,1203.1,5,1203.1,11,1203.1,11,1203.1,6,1203.1,9,1203.1,8,1203.1,9,1203.1,8
1205.9,7,1205.9,5,1205.9,11,1205.9,5,1205.9,6,1205.9,7,1205.9,8,1205.9,7,1205.9,7
1208.8,8,1208.8,10,1208.8,9,1208.8,8,1208.8,7,1208.8,9,1208.8,2,1208.8,8,1208.8,3
1211.6,12,1211.6,5,1211.6,11,1211.6,10,1211.6,9,1211.6,5,1211.6,6,1211.6,10,1211.6,8
1214.4,8,1214.4,2,1214.4,9,1214.4,5,1214.4,11,1214.4,10,1214.4,5,1214.4,9,1214.4,8
1217.3,13,1217.3,9,1217.3,10,1217.3,12,1217.3,5,1217.3,5,1217.3,8,1217.3,12,1217.3,13
1220.1,13,1220.1,5,1220.1,13,1220.1,8,1220.1,12,1220.1,16,1220.1,9,1220.1,11,1220.1,11
1222.9,2,1222.9,7,1222.9,12,1222.9,12,1222.9,13,1222.9,13,1222.9,10,1222.9,7,1222.9,9
1225.8,15,1225.8,7,1225.8,12,1225.8,13,1225.8,18,1225.8,15,1225.8,13,1225.8,10,1225.8,5
1228.6,12,1228.6,15,1228.6,14,1228.6,13,1228.6,19,1228.6,17,1228.6,12,1228.6,12,1228.6,14
1231.5,16,1231.5,16,1231.5,20,1231.5,24,1231.5,20,1231.5,18,1231.5,15,1231.5,14,1231.5,13
1234.3,17,1234.3,13,1234.3,20,1234.3,13,1234.3,23,1234.3,27,1234.3,17,1234.3,20,1234.3,20
1237.1,23,1237.1,18,1237.1,21,1237.1,25,1237.1,25,1237.1,32,1237.1,26,1237.1,26,1237.1,35
1240,33,1240,14,1240,23,1240,22,1240,33,1240,29,1240,20,1240,24,1240,29
1242.8,34,1242.8,24,1242.8,20,1242.8,24,1242.8,25,1242.8,39,1242.8,34,1242.8,33,1242.8,26
1245.6,42,1245.6,22,1245.6,21,1245.6,38,1245.6,39,1245.6,37,1245.6,32,1245.6,24,1245.6,38
1248.5,57,1248.5,27,1248.5,27,1248.5,31,1248.5,40,1248.5,53,1248.5,45,1248.5,44,1248.5,41
1251.3,63,1251.3,36,1251.3,27,1251.3,37,1251.3,45,1251.3,55,1251.3,49,1251.3,53,1251.3,58
1254.1,49,1254.1,28,1254.1,47,1254.1,51,1254.1,60,1254.1,59,1254.1,54,1254.1,66,1254.1,43
1257,74,1257,42,1257,49,1257,52,1257,69,1257,62,1257,63,1257,90,1257,53
1259.8,72,1259.8,35,1259.8,63,1259.8,52,1259.8,64,1259.8,55,1259.8,60,1259.8,46,1259.8,54
1262.7,84,1262.7,46,1262.7,56,1262.7,70,1262.7,73,1262.7,77,1262.7,68,1262.7,65,1262.7,72
1265.5,86,1265.5,37,1265.5,68,1265.5,56,1265.5,71,1265.5,90,1265.5,67,1265.5,94,1265.5,68
1268.3,74,1268.3,58,1268.3,60,1268.3,75,1268.3,85,1268.3,80,1268.3,93,1268.3,79,1268.3,91
1271.2,103,1271.2,55,1271.2,67,1271.2,68,1271.2,95,1271.2,78,1271.2,96,1271.2,98,1271.2,92
1274,112,1274,48,1274,73,1274,84,1274,90,1274,92,1274,81,1274,90,1274,91
1276.8,119,1276.8,66,1276.8,65,1276.8,80,1276.8,85,1276.8,88,1276.8,111,1276.8,95,1276.8,102
1279.7,113,1279.7,65,1279.7,63,1279.7,83,1279.7,104,1279.7,86,1279.7,105,1279.7,100,1279.7,112
1282.5,115,1282.5,65,1282.5,71,1282.5,82,1282.5,99,1282.5,108,1282.5,100,1282.5,109,1282.5,106
1285.3,108,1285.3,68,1285.3,66,1285.3,80,1285.3,86,1285.3,113,1285.3,125,1285.3,97,1285.3,112
1288.2,111,1288.2,75,1288.2,54,1288.2,73,1288.2,103,1288.2,95,1288.2,108,1288.2,100,1288.2,103
1291,112,1291,54,1291,71,1291,75,1291,78,1291,101,1291,82,1291,100,1291,94
1293.9,118,1293.9,46,1293.9,51,1293.9,58,1293.9,81,1293.9,96,1293.9,90,1293.9,81,1293.9,116
1296.7,93,1296.7,66,1296.7,52,1296.7,77,1296.7,79,1296.7,70,1296.7,104,1296.7,104,1296.7,92
1299.5,105,1299.5,48,1299.5,51,1299.5,83,1299.5,93,1299.5,85,1299.5,72,1299.5,86,1299.5,96
1302.4,86,1302.4,55,1302.4,53,1302.4,56,1302.4,66,1302.4,81,1302.4,94,1302.4,82,1302.4,90
1305.2,89,1305.2,34,1305.2,59,1305.2,62,1305.2,52,1305.2,77,1305.2,83,1305.2,78,1305.2,87
1308,81,1308,48,1308,52,1308,62,1308,61,1308,64,1308,83,1308,78,1308,61
1310.9,72,1310.9,39,1310.9,43,1310.9,48,1310.9,50,1310.9,57,1310.9,62,1310.9,69,1310.9,65
1313.7,54,1313.7,52,1313.7,54,1313.7,42,1313.7,49,1313.7,56,1313.7,59,1313.7,72,1313.7,50
1316.5,50,1316.5,39,1316.5,36,1316.5,47,1316.5,42,1316.5,56,1316.5,52,1316.5,49,1316.5,64
1319.4,57,1319.4,32,1319.4,25,1319.4,38,1319.4,43,1319.4,34,1319.4,53,1319.4,54,1319.4,55
1322.2,50,1322.2,34,1322.2,29,1322.2,28,1322.2,42,1322.2,51,1322.2,43,1322.2,47,1322.2,41
1325.1,32,1325.1,19,1325.1,25,1325.1,22,1325.1,39,1325.1,25,1325.1,30,1325.1,27,1325.1,26
1327.9,38,1327.9,23,1327.9,22,1327.9,21,1327.9,32,1327.9,32,1327.9,28,1327.9,25,1327.9,29
1330.7,24,1330.7,17,1330.7,27,1330.7,22,1330.7,22,1330.7,21,1330.7,28,1330.7,25,1330.7,29
1333.6,23,1333.6,11,1333.6,15,1333.6,13,1333.6,15,1333.6,19,1333.6,21,1333.6,12,1333.6,18
1336.4,17,1336.4,6,1336.4,13,1336.4,15,1336.4,18,1336.4,25,1336.4,17,1336.4,18,1336.4,12
1339.2,20,1339.2,10,1339.2,12,1339.2,11,1339.2,11,1339.2,12,1339.2,12,1339.2,15,1339.2,26
1342.1,15,1342.1,8,1342.1,7,1342.1,8,1342.1,14,1342.1,17,1342.1,12,1342.1,16,1342.1,11
1344.9,10,1344.9,5,1344.9,5,1344.9,7,1344.9,10,1344.9,11,1344.9,9,1344.9,12,1344.9,10
1347.7,5,1347.7,2,1347.7,5,1347.7,10,1347.7,11,1347.7,9,1347.7,7,1347.7,13,1347.7,2
1350.6,8,1350.6,5,1350.6,3,1350.6,4,1350.6,7,1350.6,5,1350.6,5,1350.6,5,1350.6,8
1353.4,5,1353.4,3,1353.4,0,1353.4,4,1353.4,6,1353.4,6,1353.4,8,1353.4,6,1353.4,8
1356.3,9,1356.3,2,1356.3,5,1356.3,1,1356.3,7,1356.3,5,1356.3,5,1356.3,6,1356.3,1
1359.1,4,1359.1,2,1359.1,5,1359.1,6,1359.1,5,1359.1,4,1359.1,3,1359.1,4,1359.1,4
1361.9,7,1361.9,8,1361.9,8,1361.9,3,1361.9,4,1361.9,10,1361.9,3,1361.9,4,1361.9,5
1364.8,7,1364.8,2,1364.8,6,1364.8,2,1364.8,1,1364.8,4,1364.8,2,1364.8,2,1364.8,4
1367.6,3,1367.6,4,1367.6,3,1367.6,2,1367.6,3,1367.6,4,1367.6,2,1367.6,2,1367.6,6
1370.4,5,1370.4,0,1370.4,4,1370.4,1,1370.4,4,1370.4,2,1370.4,4,1370.4,1,1370.4,7
1373.3,2,1373.3,0,1373.3,1,1373.3,1,1373.3,2,1373.3,5,1373.3,3,1373.3,0,1373.3,5
1376.1,0,1376.1,2,1376.1,1,1376.1,2,1376.1,4,1376.1,4,1376.1,1,1376.1,2,1376.1,4
1378.9,2,1378.9,0,1378.9,0,1378.9,4,1378.9,1,1378.9,1,1378.9,3,1378.9,2,1378.9,4
1381.8,2,1381.8,0,1381.8,1,1381.8,1,1381.8,4,1381.8,1,1381.8,1,1381.8,2,1381.8,0
1384.6,1,1384.6,1,1384.6,2,1384.6,1,1384.6,2,1384.6,3,1384.6,1,1384.6,3,1384.6,3
1387.5,2,1387.5,3,1387.5,0,1387.5,4,1387.5,1,1387.5,2,1387.5,3,1387.5,1,1387.5,1
1390.3,2,1390.3,2,1390.3,4,1390.3,5,1390.3,0,1390.3,2,1390.3,2,1390.3,5,1390.3,2
1393.1,375,1393.1,296,1393.1,332,1393.1,343,1393.1,367,1393.1,362,1393.1,352,1393.1,383,1393.1,362
