E_A#27 / keV,N_A#27,E_A#44 / keV,N_A#44,E_A#45 / keV,N_A#45,E_A#46 / keV,N_A#46,E_A#47 / keV,N_A#47,E_A#48 / keV,N_A#48,E_A#49 / keV,N_A#49,E_A#50 / keV,N_A#50
-56.3,0,-56.3,0,-56.3,0,-56.3,0,-56.3,0,-56.3,0,-56.3,0,-56.3,0
-53.4,0,-53.4,0,-53.4,0,-53.4,0,-53.4,0,-53.4,0,-53.4,0,-53.4,0
-50.6,2,-50.6,0,-50.6,0,-50.6,0,-50.6,0,-50.6,0,-50.6,0,-50.6,0
-47.8,15,-47.8,7,-47.8,14,-47.8,8,-47.8,12,-47.8,14,-47.8,10,-47.8,25
-44.9,135,-44.9,58,-44.9,72,-44.9,63,-44.9,86,-44.9,85,-44.9,93,-44.9,86
-42.1,159,-42.1,73,-42.1,73,-42.1,86,-42.1,109,-42.1,97,-42.1,99,-42.1,119
-39.3,156,-39.3,67,-39.3,94,-39.3,89,-39.3,124,-39.3,116,-39.3,142,-39.3,129
-36.4,173,-36.4,73,-36.4,93,-36.4,92,-36.4,126,-36.4,120,-36.4,145,-36.4,115
-33.6,187,-33.6,73,-33.6,95,-33.6,93,-33.6,130,-33.6,127,-33.6,154,-33.6,138
-30.8,206,-30.8,87,-30.8,86,-30.8,127,-30.8,143,-30.8,135,-30.8,164,-30.8,163
-27.9,218,-27.9,79,-27.9,87,-27.9,114,-27.9,121,-27.9,144,-27.9,162,-27.9,159
-25.1,230,-25.1,87,-25.1,97,-25.1,113,-25.1,140,-25.1,138,-25.1,156,-25.1,166
-22.2,237,-22.2,91,-22.2,100,-22.2,109,-22.2,155,-22.2,145,-22.2,157,-22.2,167
-19.4,232,-19.4,78,-19.4,116,-19.4,113,-19.4,144,-19.4,170,-19.4,176,-19.4,177
-16.6,245,-16.6,101,-16.6,113,-16.6,112,-16.6,150,-16.6,168,-16.6,185,-16.6,181
-13.7,250,-13.7,110,-13.7,124,-13.7,125,-13.7,162,-13.7,158,-13.7,163,-13.7,192
-10.9,278,-10.9,114,-10.9,128,-10.9,150,-10.9,156,-10.9,182,-10.9,211,-10.9,205
-8.1,279,-8.1,114,-8.1,135,-8.1,161,-8.1,172,-8.1,215,-8.1,214,-8.1,212
-5.2,279,-5.2,123,-5.2,127,-5.2,153,-5.2,181,-5.2,179,-5.2,237,-5.2,215
-2.4,256,-2.4,127,-2.4,133,-2.4,145,-2.4,197,-2.4,204,-2.4,200,-2.4,227
0.4,313,0.4,122,0.4,129,0.4,142,0.4,196,0.4,240,0.4,220,0.4,249
3.3,304,3.3,154,3.3,148,3.3,181,3.3,213,3.3,248,3.3,237,3.3,221
6.1,315,6.1,150,6.1,171,6.1,199,6.1,228,6.1,257,6.1,242,6.1,241
9,317,9,147,9,155,9,205,9,228,9,279,9,256,9,302
11.8,317,11.8,123,11.8,176,11.8,158,11.8,211,11.8,240,11.8,264,11.8,226
14.6,349,14.6,152,14.6,156,14.6,169,14.6,239,14.6,240,14.6,236,14.6,263
17.5,329,17.5,175,17.5,184,17.5,176,17.5,224,17.5,259,17.5,238,17.5,249
20.3,346,20.3,174,20.3,176,20.3,198,20.3,255,20.3,276,20.3,247,20.3,269
23.1,320,23.1,172,23.1,192,23.1,190,23.1,276,23.1,256,23.1,296,23.1,294
26,410,26,173,26,197,26,214,26,292,26,299,26,297,26,313
28.8,396,28.8,200,28.8,185,28.8,245,28.8,315,28.8,322,28.8,305,28.8,330
31.6,430,31.6,223,31.6,280,31.6,269,31.6,293,31.6,322,31.6,373,31.6,327
34.5,475,34.5,273,34.5,289,34.5,309,34.5,391,34.5,401,34.5,405,34.5,401
37.3,605,37.3,381,37.3,386,37.3,418,37.3,442,37.3,531,37.3,575,37.3,573
40.2,700,40.2,463,40.2,489,40.2,521,40.2,645,40.2,675,40.2,722,40.2,723
43,708,43,486,43,535,43,524,43,680,43,752,43,736,43,752
45.8,647,45.8,409,45.8,469,45.8,501,45.8,596,45.8,691,45.8,751,45.8,727
48.7,608,48.7,377,48.7,404,48.7,453,48.7,535,48.7,582,48.7,611,48.7,570
51.5,594,51.5,342,51.5,395,51.5,391,51.5,509,51.5,485,51.5,548,51.5,534
54.3,599,54.3,344,54.3,360,54.3,410,54.3,447,54.3,506,54.3,515,54.3,477
57.2,575,57.2,326,57.2,363,57.2,345,57.2,440,57.2,524,57.2,482,57.2,456
60,538,60,312,60,301,60,354,60,415,60,428,60,460,60,427
62.8,487,62.8,304,62.8,337,62.8,341,62.8,374,62.8,370,62.8,423,62.8,386
65.7,471,65.7,235,65.7,274,65.7,279,65.7,349,65.7,365,65.7,383,65.7,328
68.5,526,68.5,238,68.5,277,68.5,296,68.5,322,68.5,337,68.5,389,68.5,401
71.4,479,71.4,238,71.4,257,71.4,282,71.4,316,71.4,326,71.4,329,71.4,355
74.2,462,74.2,261,74.2,266,74.2,312,74.2,361,74.2,378,74.2,362,74.2,340
77,498,77,270,77,327,77,297,77,347,77,359,77,383,77,350
79.9,513,79.9,266,79.9,284,79.9,286,79.9,333,79.9,370,79.9,373,79.9,317
82.7,535,82.7,285,82.7,248,82.7,335,82.7,355,82.7,378,82.7,370,82.7,382
85.5,513,85.5,266,85.5,288,85.5,307,85.5,363,85.5,348,85.5,359,85.5,384
88.4,544,88.4,300,88.4,288,88.4,325,88.4,367,88.4,367,88.4,341,88.4,337
91.2,521,91.2,279,91.2,294,91.2,334,91.2,368,91.2,347,91.2,356,91.2,355
94,443,94,287,94,290,94,286,94,327,94,368,94,370,94,372
96.9,525,96.9,298,96.9,295,96.9,300,96.9,402,96.9,366,96.9,361,96.9,348
99.7,451,99.7,283,99.7,284,99.7,279,99.7,334,99.7,364,99.7,401,99.7,348
102.6,479,102.6,264,102.6,282,102.6,303,102.6,331,102.6,343,102.6,385,102.6,386
105.4,472,105.4,283,105.4,306,105.4,316,105.4,337,105.4,335,105.4,395,105.4,351
108.2,513,108.2,259,108.2,299,108.2,319,108.2,345,108.2,331,108.2,357,108.2,362
111.1,447,111.1,269,111.1,250,111.1,318,111.1,303,111.1,400,111.1,400,111.1,353
113.9,466,113.9,246,113.9,250,113.9,269,113.9,337,113.9,360,113.9,358,113.9,317
116.7,484,116.7,268,116.7,258,116.7,316,116.7,339,116.7,368,116.7,380,116.7,318
119.6,480,119.6,273,119.6,264,119.6,302,119.6,361,119.6,335,119.6,363,119.6,350
122.4,439,122.4,241,122.4,255,122.4,267,122.4,304,122.4,342,122.4,372,122.4,352
125.2,468,125.2,282,125.2,237,125.2,278,125.2,294,125.2,304,125.2,320,125.2,342
128.1,442,128.1,223,128.1,260,128.1,293,128.1,276,128.1,339,128.1,349,128.1,302
130.9,470,130.9,238,130.9,249,130.9,280,130.9,331,130.9,376,130.9,343,130.9,351
133.8,452,133.8,236,133.8,255,133.8,306,133.8,302,133.8,361,133.8,323,133.8,343
136.6,476,136.6,211,136.6,261,136.6,262,136.6,309,136.6,342,136.6,371,136.6,390
139.4,518,139.4,231,139.4,261,139.4,287,139.4,318,139.4,373,139.4,375,139.4,357
142.3,531,142.3,249,142.3,249,142.3,277,142.3,342,142.3,330,142.3,363,142.3,368
145.1,538,145.1,264,145.1,242,145.1,288,145.1,323,145.1,350,145.1,336,145.1,385
147.9,531,147.9,269,147.9,270,147.9,290,147.9,317,147.9,338,147.9,387,147.9,341
150.8,627,150.8,244,150.8,252,150.8,288,150.8,355,150.8,390,150.8,408,150.8,393
153.6,537,153.6,219,153.6,287,153.6,333,153.6,340,153.6,399,153.6,405,153.6,363
156.4,549,156.4,242,156.4,239,156.4,274,156.4,334,156.4,368,156.4,393,156.4,418
159.3,563,159.3,232,159.3,257,159.3,283,159.3,333,159.3,340,159.3,411,159.3,403
162.1,558,162.1,249,162.1,271,162.1,301,162.1,375,162.1,374,162.1,382,162.1,401
165,524,165,243,165,265,165,293,165,352,165,369,165,361,165,367
167.8,535,167.8,213,167.8,264,167.8,257,167.8,356,167.8,362,167.8,375,167.8,372
170.6,528,170.6,217,170.6,266,170.6,297,170.6,325,170.6,331,170.6,364,170.6,353
173.5,501,173.5,213,173.5,231,173.5,258,173.5,333,173.5,378,173.5,392,173.5,396
176.3,484,176.3,249,176.3,238,176.3,264,176.3,310,176.3,335,176.3,344,176.3,375
179.1,468,179.1,218,179.1,234,179.1,233,179.1,293,179.1,335,179.1,394,179.1,362
182,505,182,218,182,234,182,266,182,297,182,314,182,352,182,383
184.8,453,184.8,234,184.8,252,184.8,275,184.8,300,184.8,344,184.8,340,184.8,362
187.6,455,187.6,242,187.6,245,187.6,253,187.6,296,187.6,304,187.6,336,187.6,325
190.5,445,190.5,212,190.5,216,190.5,262,190.5,301,190.5,326,190.5,337,190.5,327
193.3,501,193.3,205,193.3,222,193.3,274,193.3,268,193.3,334,193.3,339,193.3,354
196.2,483,196.2,210,196.2,241,196.2,256,196.2,294,196.2,345,196.2,314,196.2,350
199,430,199,197,199,212,199,251,199,295,199,306,199,325,199,335
201.8,449,201.8,194,201.8,190,201.8,248,201.8,322,201.8,301,201.8,338,201.8,310
204.7,430,204.7,202,204.7,202,204.7,233,204.7,250,204.7,306,204.7,300,204.7,316
207.5,448,207.5,204,207.5,232,207.5,231,207.5,271,207.5,330,207.5,333,207.5,328
210.3,400,210.3,172,210.3,211,210.3,226,210.3,274,210.3,335,210.3,297,210.3,296
213.2,434,213.2,198,213.2,216,213.2,206,213.2,265,213.2,297,213.2,338,213.2,325
216,411,216,183,216,210,216,217,216,295,216,292,216,310,216,302
218.8,399,218.8,177,218.8,204,218.8,254,218.8,244,218.8,296,218.8,271,218.8,300
221.7,423,221.7,159,221.7,197,221.7,222,221.7,276,221.7,276,221.7,293,221.7,312
224.5,402,224.5,175,224.5,208,224.5,208,224.5,248,224.5,274,224.5,325,224.5,281
227.4,377,227.4,153,227.4,155,227.4,229,227.4,272,227.4,263,227.4,284,227.4,316
230.2,364,230.2,145,230.2,174,230.2,230,230.2,264,230.2,280,230.2,292,230.2,298
233,418,233,156,233,182,233,192,233,272,233,273,233,307,233,263
235.9,348,235.9,148,235.9,163,235.9,202,235.9,236,235.9,290,235.9,277,235.9,286
238.7,391,238.7,148,238.7,151,238.7,231,238.7,230,238.7,268,238.7,268,238.7,290
241.5,352,241.5,135,241.5,154,241.5,163,241.5,222,241.5,264,241.5,291,241.5,257
244.4,346,244.4,158,244.4,161,244.4,173,244.4,243,244.4,265,244.4,273,244.4,268
247.2,334,247.2,151,247.2,159,247.2,193,247.2,218,247.2,246,247.2,248,247.2,256
250,310,250,128,250,179,250,187,250,217,250,266,250,288,250,275
252.9,304,252.9,131,252.9,163,252.9,184,252.9,246,252.9,239,252.9,264,252.9,255
255.7,357,255.7,147,255.7,172,255.7,181,255.7,220,255.7,256,255.7,259,255.7,249
258.6,322,258.6,142,258.6,158,258.6,178,258.6,219,258.6,238,258.6,288,258.6,228
261.4,339,261.4,144,261.4,128,261.4,174,261.4,237,261.4,248,261.4,258,261.4,260
264.2,308,264.2,154,264.2,170,264.2,166,264.2,235,264.2,249,264.2,270,264.2,285
267.1,371,267.1,141,267.1,179,267.1,178,267.1,213,267.1,237,267.1,254,267.1,254
269.9,345,269.9,130,269.9,163,269.9,178,269.9,236,269.9,231,269.9,236,269.9,262
272.7,322,272.7,140,272.7,152,272.7,196,272.7,195,272.7,217,272.7,254,272.7,263
275.6,305,275.6,152,275.6,128,275.6,175,275.6,220,275.6,241,275.6,241,275.6,234
278.4,342,278.4,144,278.4,154,278.4,186,278.4,225,278.4,241,278.4,252,278.4,277
281.2,329,281.2,117,281.2,150,281.2,154,281.2,216,281.2,235,281.2,268,281.2,277
284.1,289,284.1,133,284.1,154,284.1,158,284.1,186,284.1,256,284.1,240,284.1,230
286.9,313,286.9,133,286.9,162,286.9,176,286.9,193,286.9,244,286.9,273,286.9,257
289.8,306,289.8,123,289.8,132,289.8,157,289.8,196,289.8,219,289.8,261,289.8,241
292.6,297,292.6,146,292.6,142,292.6,184,292.6,192,292.6,202,292.6,240,292.6,248
295.4,322,295.4,111,295.4,129,295.4,175,295.4,201,295.4,201,295.4,252,295.4,241
298.3,312,298.3,124,298.3,133,298.3,142,298.3,223,298.3,198,298.3,231,298.3,221
301.1,293,301.1,100,301.1,150,301.1,148,301.1,181,301.1,215,301.1,228,301.1,228
303.9,289,303.9,119,303.9,135,303.9,158,303.9,186,303.9,211,303.9,228,303.9,230
306.8,275,306.8,97,306.8,112,306.8,137,306.8,160,306.8,195,306.8,186,306.8,217
309.6,258,309.6,115,309.6,106,309.6,142,309.6,174,309.6,205,309.6,194,309.6,227
312.4,260,312.4,107,312.4,125,312.4,129,312.4,183,312.4,201,312.4,227,312.4,186
315.3,257,315.3,108,315.3,110,315.3,144,315.3,191,315.3,192,315.3,230,315.3,207
318.1,242,318.1,121,318.1,123,318.1,163,318.1,183,318.1,200,318.1,192,318.1,185
321,240,321,101,321,103,321,125,321,166,321,179,321,183,321,189
323.8,241,323.8,98,323.8,94,323.8,110,323.8,173,323.8,184,323.8,186,323.8,195
326.6,201,326.6,118,326.6,128,326.6,133,326.6,163,326.6,184,326.6,178,326.6,192
329.5,211,329.5,106,329.5,103,329.5,152,329.5,155,329.5,198,329.5,162,329.5,164
332.3,208,332.3,112,332.3,113,332.3,148,332.3,146,332.3,146,332.3,173,332.3,143
335.1,176,335.1,104,335.1,109,335.1,129,335.1,157,335.1,175,335.1,161,335.1,146
338,188,338,102,338,103,338,123,338,147,338,158,338,155,338,154
340.8,163,340.8,106,340.8,103,340.8,126,340.8,143,340.8,156,340.8,139,340.8,147
343.7,167,343.7,97,343.7,117,343.7,130,343.7,145,343.7,150,343.7,134,343.7,141
346.5,153,346.5,99,346.5,133,346.5,111,346.5,148,346.5,133,346.5,137,346.5,132
349.3,157,349.3,120,349.3,103,349.3,112,349.3,140,349.3,140,349.3,154,349.3,132
352.2,140,352.2,81,352.2,111,352.2,124,352.2,125,352.2,150,352.2,153,352.2,125
355,138,355,91,355,107,355,110,355,142,355,144,355,141,355,116
357.8,138,357.8,85,357.8,104,357.8,125,357.8,130,357.8,137,357.8,150,357.8,121
360.7,143,360.7,83,360.7,105,360.7,121,360.7,114,360.7,151,360.7,133,360.7,118
363.5,144,363.5,76,363.5,118,363.5,112,363.5,133,363.5,128,363.5,149,363.5,121
366.3,127,366.3,92,366.3,105,366.3,125,366.3,120,366.3,141,366.3,118,366.3,117
369.2,132,369.2,97,369.2,102,369.2,105,369.2,130,369.2,160,369.2,126,369.2,101
372,121,372,91,372,104,372,133,372,139,372,130,372,136,372,112
374.9,118,374.9,92,374.9,110,374.9,117,374.9,120,374.9,132,374.9,130,374.9,113
377.7,126,377.7,94,377.7,111,377.7,87,377.7,126,377.7,119,377.7,124,377.7,116
380.5,122,380.5,85,380.5,96,380.5,119,380.5,130,380.5,134,380.5,157,380.5,115
383.4,117,383.4,101,383.4,114,383.4,102,383.4,149,383.4,147,383.4,122,383.4,125
386.2,126,386.2,82,386.2,97,386.2,79,386.2,124,386.2,110,386.2,132,386.2,102
389,117,389,87,389,108,389,94,389,143,389,129,389,122,389,106
391.9,103,391.9,81,391.9,72,391.9,96,391.9,130,391.9,126,391.9,136,391.9,97
394.7,114,394.7,75,394.7,95,394.7,88,394.7,115,394.7,117,394.7,125,394.7,100
397.5,118,397.5,92,397.5,97,397.5,101,397.5,111,397.5,142,397.5,121,397.5,85
400.4,117,400.4,91,400.4,100,400.4,91,400.4,130,400.4,114,400.4,116,400.4,84
403.2,112,403.2,88,403.2,89,403.2,107,403.2,124,403.2,132,403.2,134,403.2,109
406.1,99,406.1,85,406.1,92,406.1,102,406.1,125,406.1,123,406.1,110,406.1,100
408.9,96,408.9,84,408.9,74,408.9,111,408.9,107,408.9,109,408.9,118,408.9,87
411.7,102,411.7,91,411.7,89,411.7,104,411.7,100,411.7,119,411.7,108,411.7,87
414.6,86,414.6,71,414.6,91,414.6,87,414.6,124,414.6,133,414.6,104,414.6,76
417.4,96,417.4,76,417.4,99,417.4,106,417.4,106,417.4,118,417.4,111,417.4,99
420.2,101,420.2,78,420.2,108,420.2,103,420.2,120,420.2,128,420.2,104,420.2,94
423.1,100,423.1,90,423.1,91,423.1,106,423.1,125,423.1,118,423.1,110,423.1,87
425.9,108,425.9,83,425.9,77,425.9,95,425.9,125,425.9,92,425.9,115,425.9,76
428.7,88,428.7,55,428.7,104,428.7,100,428.7,118,428.7,102,428.7,101,428.7,86
431.6,93,431.6,88,431.6,76,431.6,111,431.6,117,431.6,108,431.6,107,431.6,95
434.4,88,434.4,78,434.4,72,434.4,102,434.4,106,434.4,119,434.4,112,434.4,90
437.3,108,437.3,91,437.3,71,437.3,97,437.3,98,437.3,96,437.3,121,437.3,94
440.1,111,440.1,84,440.1,79,440.1,95,440.1,105,440.1,111,440.1,110,440.1,68
442.9,115,442.9,88,442.9,74,442.9,90,442.9,105,442.9,127,442.9,94,442.9,79
445.8,101,445.8,66,445.8,93,445.8,102,445.8,112,445.8,99,445.8,87,445.8,93
448.6,97,448.6,64,448.6,85,448.6,95,448.6,108,448.6,124,448.6,103,448.6,99
451.4,100,451.4,56,451.4,76,451.4,100,451.4,96,451.4,89,451.4,99,451.4,93
454.3,92,454.3,74,454.3,85,454.3,94,454.3,103,454.3,120,454.3,98,454.3,91
457.1,106,457.1,74,457.1,81,457.1,99,457.1,96,457.1,98,457.1,83,457.1,95
459.9,111,459.9,69,459.9,65,459.9,91,459.9,82,459.9,93,459.9,110,459.9,93
462.8,115,462.8,68,462.8,82,462.8,92,462.8,104,462.8,101,462.8,126,462.8,100
465.6,122,465.6,81,465.6,95,465.6,94,465.6,96,465.6,115,465.6,124,465.6,126
468.5,119,468.5,64,468.5,80,468.5,90,468.5,101,468.5,95,468.5,127,468.5,105
471.3,155,471.3,61,471.3,59,471.3,96,471.3,108,471.3,111,471.3,116,471.3,110
474.1,189,474.1,74,474.1,94,474.1,109,474.1,131,474.1,145,474.1,155,474.1,159
477,224,477,58,477,71,477,106,477,147,477,159,477,176,477,166
479.8,260,479.8,59,479.8,82,479.8,106,479.8,144,479.8,198,479.8,189,479.8,205
482.6,330,482.6,82,482.6,74,482.6,149,482.6,193,482.6,250,482.6,243,482.6,263
485.5,489,485.5,76,485.5,102,485.5,137,485.5,230,485.5,276,485.5,299,485.5,305
488.3,534,488.3,64,488.3,91,488.3,162,488.3,229,488.3,310,488.3,383,488.3,374
491.1,566,491.1,66,491.1,107,491.1,175,491.1,297,491.1,351,491.1,407,491.1,466
494,765,494,86,494,123,494,184,494,313,494,416,494,452,494,534
496.8,814,496.8,94,496.8,134,496.8,216,496.8,389,496.8,467,496.8,491,496.8,589
499.7,859,499.7,105,499.7,165,499.7,244,499.7,398,499.7,550,499.7,575,499.7,720
502.5,1021,502.5,119,502.5,138,502.5,257,502.5,422,502.5,563,502.5,656,502.5,754
505.3,1160,505.3,72,505.3,175,505.3,258,505.3,492,505.3,641,505.3,697,505.3,883
508.2,1160,508.2,114,508.2,162,508.2,285,508.2,505,508.2,588,508.2,802,508.2,884
511,1265,511,111,511,178,511,300,511,531,511,651,511,745,511,885
513.8,1244,513.8,126,513.8,157,513.8,283,513.8,496,513.8,676,513.8,777,513.8,907
516.7,1225,516.7,99,516.7,146,516.7,275,516.7,570,516.7,636,516.7,737,516.7,897
519.5,1180,519.5,90,519.5,139,519.5,278,519.5,489,519.5,636,519.5,668,519.5,880
522.3,1098,522.3,89,522.3,167,522.3,239,522.3,499,522.3,567,522.3,659,522.3,796
525.2,1043,525.2,91,525.2,126,525.2,242,525.2,421,525.2,508,525.2,583,525.2,702
528,932,528,84,528,96,528,195,528,356,528,481,528,531,528,698
530.9,811,530.9,87,530.9,120,530.9,166,530.9,332,530.9,401,530.9,552,530.9,561
533.7,682,533.7,57,533.7,103,533.7,167,533.7,278,533.7,377,533.7,436,533.7,469
536.5,579,536.5,58,536.5,105,536.5,131,536.5,255,536.5,287,536.5,358,536.5,395
539.4,454,539.4,57,539.4,91,539.4,114,539.4,172,539.4,264,539.4,285,539.4,343
542.2,354,542.2,54,542.2,60,542.2,121,542.2,172,542.2,196,542.2,231,542.2,280
545,284,545,41,545,68,545,75,545,122,545,152,545,202,545,189
547.9,231,547.9,39,547.9,61,547.9,88,547.9,113,547.9,122,547.9,136,547.9,184
550.7,176,550.7,59,550.7,55,550.7,64,550.7,103,550.7,121,550.7,126,550.7,131
553.5,131,553.5,46,553.5,46,553.5,58,553.5,88,553.5,74,553.5,88,553.5,97
556.4,108,556.4,44,556.4,58,556.4,54,556.4,64,556.4,77,556.4,78,556.4,76
559.2,83,559.2,33,559.2,51,559.2,48,559.2,80,559.2,67,559.2,57,559.2,65
562.1,77,562.1,33,562.1,42,562.1,54,562.1,47,562.1,46,562.1,58,562.1,73
564.9,59,564.9,33,564.9,36,564.9,45,564.9,45,564.9,59,564.9,53,564.9,55
567.7,58,567.7,40,567.7,41,567.7,34,567.7,54,567.7,73,567.7,57,567.7,51
570.6,50,570.6,37,570.6,42,570.6,34,570.6,39,570.6,63,570.6,41,570.6,42
573.4,45,573.4,39,573.4,44,573.4,47,573.4,57,573.4,49,573.4,48,573.4,49
576.2,42,576.2,48,576.2,43,576.2,58,576.2,50,576.2,41,576.2,49,576.2,53
579.1,45,579.1,30,579.1,49,579.1,43,579.1,52,579.1,48,579.1,30,579.1,41
581.9,54,581.9,37,581.9,42,581.9,39,581.9,53,581.9,46,581.9,55,581.9,56
584.7,59,584.7,36,584.7,39,584.7,40,584.7,46,584.7,54,584.7,46,584.7,41
587.6,58,587.6,32,587.6,45,587.6,49,587.6,46,587.6,45,587.6,51,587.6,37
590.4,57,590.4,44,590.4,46,590.4,50,590.4,52,590.4,41,590.4,49,590.4,48
593.3,51,593.3,41,593.3,43,593.3,49,593.3,58,593.3,40,593.3,40,593.3,57
596.1,59,596.1,34,596.1,43,596.1,37,596.1,39,596.1,60,596.1,43,596.1,54
598.9,50,598.9,41,598.9,34,598.9,44,598.9,52,598.9,49,598.9,57,598.9,54
601.8,58,601.8,38,601.8,33,601.8,45,601.8,55,601.8,37,601.8,55,601.8,48
604.6,57,604.6,34,604.6,37,604.6,31,604.6,46,604.6,47,604.6,39,604.6,50
607.4,39,607.4,35,607.4,37,607.4,40,607.4,51,607.4,42,607.4,60,607.4,32
610.3,50,610.3,39,610.3,44,610.3,37,610.3,52,610.3,45,610.3,42,610.3,44
613.1,55,613.1,49,613.1,43,613.1,41,613.1,48,613.1,59,613.1,57,613.1,47
615.9,44,615.9,42,615.9,43,615.9,56,615.9,39,615.9,52,615.9,53,615.9,28
618.8,54,618.8,31,618.8,47,618.8,65,618.8,53,618.8,53,618.8,57,618.8,39
621.6,67,621.6,53,621.6,34,621.6,58,621.6,54,621.6,50,621.6,51,621.6,55
624.5,51,624.5,58,624.5,53,624.5,53,624.5,54,624.5,52,624.5,64,624.5,54
627.3,52,627.3,62,627.3,54,627.3,53,627.3,64,627.3,56,627.3,59,627.3,57
630.1,56,630.1,64,630.1,63,630.1,74,630.1,79,630.1,62,630.1,67,630.1,54
633,76,633,53,633,86,633,76,633,73,633,70,633,63,633,54
635.8,66,635.8,65,635.8,72,635.8,84,635.8,65,635.8,91,635.8,64,635.8,40
638.6,81,638.6,82,638.6,94,638.6,78,638.6,98,638.6,95,638.6,75,638.6,81
641.5,130,641.5,94,641.5,86,641.5,114,641.5,83,641.5,75,641.5,95,641.5,84
644.3,103,644.3,122,644.3,109,644.3,106,644.3,104,644.3,97,644.3,110,644.3,72
647.1,114,647.1,119,647.1,112,647.1,110,647.1,129,647.1,122,647.1,114,647.1,109
650,137,650,111,650,112,650,116,650,121,650,107,650,128,650,95
652.8,136,652.8,156,652.8,150,652.8,144,652.8,141,652.8,139,652.8,140,652.8,104
655.7,135,655.7,147,655.7,163,655.7,163,655.7,138,655.7,144,655.7,160,655.7,124
658.5,156,658.5,141,658.5,129,658.5,149,658.5,145,658.5,141,658.5,151,658.5,131
661.3,161,661.3,155,661.3,142,661.3,148,661.3,155,661.3,160,661.3,174,661.3,129
664.2,166,664.2,177,664.2,143,664.2,187,664.2,184,664.2,171,664.2,170,664.2,121
667,156,667,170,667,149,667,169,667,180,667,152,667,177,667,124
669.8,161,669.8,140,669.8,177,669.8,163,669.8,170,669.8,179,669.8,159,669.8,142
672.7,171,672.7,141,672.7,159,672.7,160,672.7,197,672.7,146,672.7,150,672.7,120
675.5,143,675.5,168,675.5,144,675.5,179,675.5,159,675.5,162,675.5,182,675.5,110
678.3,175,678.3,165,678.3,170,678.3,155,678.3,160,678.3,162,678.3,150,678.3,136
681.2,162,681.2,162,681.2,150,681.2,148,681.2,161,681.2,150,681.2,160,681.2,136
684,152,684,146,684,144,684,139,684,174,684,168,684,145,684,112
686.9,139,686.9,127,686.9,135,686.9,119,686.9,114,686.9,130,686.9,129,686.9,102
689.7,131,689.7,96,689.7,110,689.7,108,689.7,98,689.7,105,689.7,108,689.7,101
692.5,95,692.5,80,692.5,105,692.5,105,692.5,119,692.5,90,692.5,127,692.5,89
695.4,96,695.4,89,695.4,95,695.4,92,695.4,96,695.4,111,695.4,101,695.4,94
698.2,74,698.2,50,698.2,80,698.2,63,698.2,75,698.2,75,698.2,90,698.2,62
701,81,701,57,701,54,701,56,701,75,701,81,701,75,701,54
703.9,61,703.9,51,703.9,55,703.9,56,703.9,45,703.9,58,703.9,63,703.9,50
706.7,66,706.7,42,706.7,46,706.7,58,706.7,47,706.7,49,706.7,66,706.7,42
709.6,54,709.6,36,709.6,40,709.6,45,709.6,36,709.6,39,709.6,43,709.6,49
712.4,42,712.4,24,712.4,32,712.4,42,712.4,50,712.4,42,712.4,35,712.4,35
715.2,29,715.2,34,715.2,32,715.2,30,715.2,30,715.2,48,715.2,39,715.2,53
718.1,38,718.1,35,718.1,17,718.1,28,718.1,31,718.1,33,718.1,32,718.1,31
720.9,41,720.9,27,720.9,29,720.9,36,720.9,30,720.9,24,720.9,36,720.9,35
723.7,39,723.7,26,723.7,29,723.7,20,723.7,29,723.7,25,723.7,30,723.7,33
726.6,48,726.6,24,726.6,23,726.6,29,726.6,29,726.6,31,726.6,34,726.6,20
729.4,38,729.4,10,729.4,32,729.4,25,729.4,33,729.4,28,729.4,27,729.4,16
732.2,24,732.2,14,732.2,18,732.2,28,732.2,28,732.2,26,732.2,20,732.2,25
735.1,32,735.1,17,735.1,20,735.1,22,735.1,29,735.1,22,735.1,24,735.1,26
737.9,30,737.9,27,737.9,23,737.9,20,737.9,21,737.9,29,737.9,31,737.9,26
740.8,29,740.8,12,740.8,15,740.8,20,740.8,20,740.8,24,740.8,30,740.8,26
743.6,33,743.6,13,743.6,14,743.6,27,743.6,29,743.6,26,743.6,27,743.6,32
746.4,21,746.4,23,746.4,19,746.4,26,746.4,21,746.4,28,746.4,24,746.4,17
749.3,25,749.3,16,749.3,31,749.3,23,749.3,21,749.3,26,749.3,28,749.3,36
752.1,29,752.1,13,752.1,18,752.1,22,752.1,26,752.1,27,752.1,23,752.1,23
754.9,31,754.9,24,754.9,14,754.9,27,754.9,27,754.9,20,754.9,30,754.9,28
757.8,20,757.8,15,757.8,26,757.8,21,757.8,22,757.8,18,757.8,26,757.8,23
760.6,29,760.6,9,760.6,15,760.6,20,760.6,29,760.6,24,760.6,22,760.6,27
763.4,28,763.4,20,763.4,17,763.4,28,763.4,32,763.4,32,763.4,27,763.4,22
766.3,26,766.3,22,766.3,21,766.3,16,766.3,35,766.3,27,766.3,25,766.3,34
769.1,20,769.1,14,769.1,17,769.1,25,769.1,28,769.1,27,769.1,33,769.1,27
772,33,772,17,772,17,772,18,772,30,772,20,772,22,772,24
774.8,34,774.8,15,774.8,19,774.8,20,774.8,29,774.8,26,774.8,31,774.8,25
777.6,29,777.6,12,777.6,22,777.6,23,777.6,27,777.6,27,777.6,27,777.6,30
780.5,21,780.5,10,780.5,25,780.5,19,780.5,25,780.5,35,780.5,26,780.5,32
783.3,34,783.3,17,783.3,24,783.3,26,783.3,24,783.3,26,783.3,34,783.3,23
786.1,33,786.1,15,786.1,12,786.1,10,786.1,23,786.1,30,786.1,25,786.1,24
789,23,789,12,789,20,789,23,789,28,789,31,789,22,789,29
791.8,27,791.8,17,791.8,10,791.8,21,791.8,20,791.8,21,791.8,33,791.8,30
794.6,24,794.6,16,794.6,11,794.6,29,794.6,28,794.6,28,794.6,20,794.6,18
797.5,29,797.5,12,797.5,14,797.5,21,797.5,29,797.5,27,797.5,32,797.5,33
800.3,32,800.3,22,800.3,17,800.3,26,800.3,25,800.3,27,800.3,25,800.3,30
803.2,26,803.2,15,803.2,18,803.2,23,803.2,23,803.2,15,803.2,31,803.2,40
806,31,806,21,806,13,806,25,806,33,806,19,806,20,806,44
808.8,26,808.8,17,808.8,14,808.8,14,808.8,20,808.8,20,808.8,29,808.8,28
811.7,27,811.7,18,811.7,21,811.7,18,811.7,20,811.7,30,811.7,36,811.7,23
814.5,29,814.5,16,814.5,18,814.5,25,814.5,24,814.5,25,814.5,23,814.5,33
817.3,34,817.3,12,817.3,21,817.3,27,817.3,33,817.3,31,817.3,28,817.3,23
820.2,34,820.2,13,820.2,8,820.2,15,820.2,25,820.2,23,820.2,26,820.2,25
823,26,823,23,823,21,823,26,823,21,823,30,823,19,823,26
825.8,26,825.8,16,825.8,11,825.8,19,825.8,23,825.8,19,825.8,23,825.8,23
828.7,30,828.7,20,828.7,28,828.7,25,828.7,30,828.7,24,828.7,32,828.7,31
831.5,26,831.5,13,831.5,20,831.5,24,831.5,24,831.5,33,831.5,26,831.5,33
834.4,34,834.4,19,834.4,20,834.4,22,834.4,23,834.4,27,834.4,27,834.4,20
837.2,38,837.2,16,837.2,15,837.2,19,837.2,22,837.2,24,837.2,25,837.2,30
840,32,840,12,840,22,840,19,840,22,840,35,840,25,840,24
842.9,29,842.9,20,842.9,14,842.9,17,842.9,27,842.9,27,842.9,25,842.9,31
845.7,25,845.7,13,845.7,20,845.7,20,845.7,27,845.7,27,845.7,28,845.7,24
848.5,23,848.5,19,848.5,20,848.5,22,848.5,25,848.5,32,848.5,22,848.5,25
851.4,28,851.4,14,851.4,20,851.4,21,851.4,29,851.4,26,851.4,31,851.4,32
854.2,25,854.2,11,854.2,25,854.2,20,854.2,23,854.2,28,854.2,25,854.2,33
857,29,857,17,857,12,857,17,857,25,857,29,857,26,857,26
859.9,25,859.9,7,859.9,19,859.9,23,859.9,35,859.9,24,859.9,28,859.9,35
862.7,24,862.7,14,862.7,20,862.7,21,862.7,28,862.7,33,862.7,35,862.7,27
865.6,29,865.6,15,865.6,16,865.6,19,865.6,30,865.6,31,865.6,28,865.6,33
868.4,28,868.4,13,868.4,24,868.4,29,868.4,17,868.4,27,868.4,28,868.4,22
871.2,30,871.2,15,871.2,15,871.2,20,871.2,24,871.2,26,871.2,36,871.2,32
874.1,29,874.1,9,874.1,14,874.1,23,874.1,28,874.1,22,874.1,25,874.1,33
876.9,26,876.9,16,876.9,18,876.9,12,876.9,20,876.9,26,876.9,34,876.9,33
879.7,28,879.7,20,879.7,21,879.7,21,879.7,28,879.7,34,879.7,29,879.7,30
882.6,33,882.6,17,882.6,12,882.6,16,882.6,23,882.6,27,882.6,24,882.6,25
885.4,32,885.4,18,885.4,12,885.4,22,885.4,32,885.4,31,885.4,27,885.4,27
888.2,27,888.2,12,888.2,12,888.2,17,888.2,31,888.2,29,888.2,26,888.2,20
891.1,33,891.1,22,891.1,20,891.1,18,891.1,23,891.1,31,891.1,20,891.1,28
893.9,34,893.9,16,893.9,18,893.9,14,893.9,32,893.9,32,893.9,32,893.9,23
896.8,37,896.8,21,896.8,18,896.8,22,896.8,22,896.8,28,896.8,27,896.8,31
899.6,29,899.6,12,899.6,18,899.6,20,899.6,21,899.6,36,899.6,36,899.6,31
902.4,25,902.4,13,902.4,23,902.4,20,902.4,25,902.4,45,902.4,24,902.4,32
905.3,29,905.3,17,905.3,8,905.3,18,905.3,29,905.3,23,905.3,26,905.3,32
908.1,36,908.1,16,908.1,23,908.1,24,908.1,24,908.1,29,908.1,26,908.1,30
910.9,24,910.9,16,910.9,13,910.9,29,910.9,20,910.9,18,910.9,31,910.9,29
913.8,28,913.8,13,913.8,13,913.8,26,913.8,27,913.8,20,913.8,21,913.8,22
916.6,39,916.6,12,916.6,17,916.6,24,916.6,21,916.6,27,916.6,36,916.6,29
919.4,41,919.4,10,919.4,22,919.4,16,919.4,25,919.4,33,919.4,35,919.4,25
922.3,29,922.3,24,922.3,25,922.3,27,922.3,24,922.3,26,922.3,25,922.3,26
925.1,39,925.1,17,925.1,25,925.1,25,925.1,32,925.1,35,925.1,29,925.1,27
928,24,928,21,928,24,928,16,928,34,928,27,928,39,928,26
930.8,36,930.8,16,930.8,17,930.8,27,930.8,31,930.8,26,930.8,36,930.8,29
933.6,29,933.6,20,933.6,10,933.6,14,933.6,27,933.6,24,933.6,33,933.6,26
936.5,31,936.5,10,936.5,20,936.5,28,936.5,18,936.5,33,936.5,38,936.5,39
939.3,39,939.3,14,939.3,19,939.3,20,939.3,34,939.3,29,939.3,30,939.3,27
942.1,40,942.1,11,942.1,14,942.1,27,942.1,35,942.1,32,942.1,33,942.1,25
945,28,945,12,945,28,945,33,945,30,945,32,945,33,945,26
947.8,41,947.8,13,947.8,13,947.8,22,947.8,29,947.8,31,947.8,36,947.8,38
950.6,35,950.6,11,950.6,27,950.6,25,950.6,39,950.6,28,950.6,29,950.6,35
953.5,35,953.5,13,953.5,26,953.5,21,953.5,36,953.5,21,953.5,30,953.5,37
956.3,36,956.3,15,956.3,17,956.3,28,956.3,34,956.3,27,956.3,37,956.3,25
959.2,40,959.2,12,959.2,17,959.2,26,959.2,29,959.2,28,959.2,37,959.2,28
962,33,962,15,962,15,962,26,962,28,962,32,962,29,962,52
964.8,30,964.8,16,964.8,27,964.8,23,964.8,26,964.8,24,964.8,36,964.8,36
967.7,42,967.7,12,967.7,17,967.7,28,967.7,33,967.7,40,967.7,32,967.7,33
970.5,36,970.5,15,970.5,18,970.5,20,970.5,33,970.5,24,970.5,30,970.5,29
973.3,29,973.3,12,973.3,16,973.3,20,973.3,25,973.3,39,973.3,34,973.3,33
976.2,43,976.2,18,976.2,25,976.2,27,976.2,29,976.2,33,976.2,35,976.2,29
979,36,979,16,979,19,979,27,979,32,979,49,979,37,979,31
981.8,35,981.8,16,981.8,28,981.8,24,981.8,34,981.8,39,981.8,27,981.8,36
984.7,35,984.7,19,984.7,22,984.7,22,984.7,25,984.7,22,984.7,35,984.7,36
987.5,42,987.5,20,987.5,25,987.5,21,987.5,34,987.5,32,987.5,30,987.5,36
990.4,38,990.4,23,990.4,22,990.4,17,990.4,34,990.4,36,990.4,33,990.4,45
993.2,39,993.2,15,993.2,23,993.2,25,993.2,22,993.2,40,993.2,31,993.2,34
996,44,996,11,996,20,996,14,996,35,996,39,996,41,996,33
998.9,31,998.9,16,998.9,23,998.9,15,998.9,27,998.9,32,998.9,39,998.9,35
1001.7,36,1001.7,15,1001.7,19,1001.7,30,1001.7,19,1001.7,41,1001.7,44,1001.7,31
1004.5,32,1004.5,14,1004.5,19,1004.5,23,1004.5,29,1004.5,36,1004.5,40,1004.5,47
1007.4,35,1007.4,12,1007.4,16,1007.4,24,1007.4,20,1007.4,29,1007.4,39,1007.4,28
1010.2,42,1010.2,15,1010.2,14,1010.2,25,1010.2,29,1010.2,28,1010.2,33,1010.2,34
1013,31,1013,13,1013,21,1013,23,1013,35,1013,32,1013,33,1013,41
1015.9,36,1015.9,19,1015.9,23,1015.9,13,1015.9,31,1015.9,25,1015.9,24,1015.9,35
1018.7,30,1018.7,12,1018.7,20,1018.7,16,1018.7,28,1018.7,31,1018.7,22,1018.7,36
1021.6,35,1021.6,15,1021.6,23,1021.6,21,1021.6,36,1021.6,30,1021.6,37,1021.6,19
1024.4,25,1024.4,13,1024.4,11,1024.4,19,1024.4,30,1024.4,26,1024.4,24,1024.4,36
1027.2,32,1027.2,19,1027.2,12,1027.2,19,1027.2,27,1027.2,27,1027.2,28,1027.2,29
1030.1,41,1030.1,14,1030.1,13,1030.1,22,1030.1,22,1030.1,29,1030.1,39,1030.1,35
1032.9,33,1032.9,25,1032.9,9,1032.9,18,1032.9,23,1032.9,18,1032.9,34,1032.9,23
1035.7,33,1035.7,11,1035.7,15,1035.7,26,1035.7,24,1035.7,26,1035.7,26,1035.7,24
1038.6,28,1038.6,10,1038.6,12,1038.6,12,1038.6,24,1038.6,25,1038.6,30,1038.6,29
1041.4,22,1041.4,16,1041.4,15,1041.4,26,1041.4,25,1041.4,31,1041.4,23,1041.4,31
1044.2,37,1044.2,14,1044.2,15,1044.2,27,1044.2,14,1044.2,28,1044.2,30,1044.2,17
1047.1,26,1047.1,8,1047.1,10,1047.1,15,1047.1,15,1047.1,18,1047.1,23,1047.1,37
1049.9,24,1049.9,8,1049.9,13,1049.9,12,1049.9,30,1049.9,18,1049.9,27,1049.9,19
1052.8,20,1052.8,9,1052.8,21,1052.8,11,1052.8,29,1052.8,22,1052.8,13,1052.8,26
1055.6,25,1055.6,14,1055.6,13,1055.6,9,1055.6,18,1055.6,8,1055.6,21,1055.6,22
1058.4,23,1058.4,17,1058.4,12,1058.4,16,1058.4,18,1058.4,26,1058.4,15,1058.4,26
1061.3,27,1061.3,13,1061.3,9,1061.3,17,1061.3,17,1061.3,20,1061.3,18,1061.3,25
1064.1,24,1064.1,9,1064.1,9,1064.1,16,1064.1,11,1064.1,29,1064.1,15,1064.1,22
1066.9,26,1066.9,8,1066.9,5,1066.9,15,1066.9,24,1066.9,16,1066.9,25,1066.9,26
1069.8,28,1069.8,7,1069.8,18,1069.8,13,1069.8,21,1069.8,19,1069.8,19,1069.8,20
1072.6,27,1072.6,7,1072.6,7,1072.6,13,1072.6,15,1072.6,23,1072.6,19,1072.6,16
1075.4,19,1075.4,7,1075.4,15,1075.4,7,1075.4,24,1075.4,15,1075.4,17,1075.4,16
1078.3,29,1078.3,8,1078.3,14,1078.3,9,1078.3,18,1078.3,13,1078.3,17,1078.3,11
1081.1,13,1081.1,5,1081.1,10,1081.1,14,1081.1,19,1081.1,18,1081.1,17,1081.1,22
1084,9,1084,13,1084,9,1084,15,1084,5,1084,10,1084,10,1084,14
1086.8,10,1086.8,5,1086.8,8,1086.8,13,1086.8,10,1086.8,10,1086.8,6,1086.8,17
1089.6,14,1089.6,11,1089.6,9,1089.6,11,1089.6,10,1089.6,15,1089.6,10,1089.6,20
1092.5,12,1092.5,5,1092.5,12,1092.5,8,1092.5,11,1092.5,10,1092.5,10,1092.5,13
1095.3,13,1095.3,5,1095.3,13,1095.3,9,1095.3,10,1095.3,19,1095.3,17,1095.3,11
1098.1,13,1098.1,8,1098.1,8,1098.1,12,1098.1,10,1098.1,12,1098.1,13,1098.1,9
1101,13,1101,8,1101,7,1101,7,1101,9,1101,13,1101,11,1101,11
1103.8,6,1103.8,9,1103.8,13,1103.8,5,1103.8,12,1103.8,9,1103.8,12,1103.8,11
1106.7,5,1106.7,9,1106.7,16,1106.7,7,1106.7,7,1106.7,10,1106.7,9,1106.7,10
1109.5,12,1109.5,11,1109.5,7,1109.5,9,1109.5,8,1109.5,16,1109.5,6,1109.5,7
1112.3,14,1112.3,7,1112.3,8,1112.3,8,1112.3,11,1112.3,8,1112.3,9,1112.3,11
1115.2,14,1115.2,4,1115.2,4,1115.2,11,1115.2,8,1115.2,11,1115.2,10,1115.2,8
1118,11,1118,13,1118,8,1118,13,1118,11,1118,7,1118,10,1118,10
1120.8,7,1120.8,7,1120.8,12,1120.8,5,1120.8,12,1120.8,10,1120.8,11,1120.8,4
1123.7,8,1123.7,6,1123.7,8,1123.7,7,1123.7,10,1123.7,6,1123.7,6,1123.7,13
1126.5,5,1126.5,8,1126.5,7,1126.5,8,1126.5,10,1126.5,12,1126.5,6,1126.5,13
1129.3,9,1129.3,10,1129.3,6,1129.3,11,1129.3,10,1129.3,6,1129.3,11,1129.3,6
1132.2,3,1132.2,3,1132.2,6,1132.2,7,1132.2,3,1132.2,10,1132.2,13,1132.2,5
1135,2,1135,7,1135,13,1135,6,1135,8,1135,9,1135,9,1135,8
1137.9,5,1137.9,5,1137.9,5,1137.9,12,1137.9,10,1137.9,6,1137.9,8,1137.9,5
1140.7,7,1140.7,4,1140.7,7,1140.7,6,1140.7,11,1140.7,7,1140.7,4,1140.7,9
1143.5,12,1143.5,9,1143.5,7,1143.5,9,1143.5,4,1143.5,8,1143.5,10,1143.5,9
1146.4,9,1146.4,8,1146.4,7,1146.4,10,1146.4,8,1146.4,4,1146.4,10,1146.4,4
1149.2,12,1149.2,4,1149.2,2,1149.2,6,1149.2,4,1149.2,7,1149.2,9,1149.2,7
1152,7,1152,6,1152,4,1152,4,1152,6,1152,9,1152,7,1152,4
1154.9,3,1154.9,4,1154.9,7,1154.9,3,1154.9,6,1154.9,11,1154.9,11,1154.9,8
1157.7,14,1157.7,4,1157.7,3,1157.7,3,1157.7,9,1157.7,10,1157.7,3,1157.7,4
1160.5,6,1160.5,10,1160.5,6,1160.5,10,1160.5,6,1160.5,6,1160.5,9,1160.5,3
1163.4,6,1163.4,10,1163.4,6,1163.4,7,1163.4,6,1163.4,7,1163.4,5,1163.4,10
1166.2,7,1166.2,3,1166.2,9,1166.2,7,1166.2,6,1166.2,4,1166.2,8,1166.2,11
1169.1,9,1169.1,6,1169.1,4,1169.1,11,1169.1,7,1169.1,8,1169.1,7,1169.1,3
1171.9,6,1171.9,7,1171.9,10,1171.9,9,1171.9,5,1171.9,7,1171.9,8,1171.9,5
1174.7,4,1174.7,2,1174.7,2,1174.7,6,1174.7,6,1174.7,7,1174.7,7,1174.7,4
1177.6,6,1177.6,11,1177.6,6,1177.6,5,1177.6,10,1177.6,7,1177.6,8,1177.6,12
1180.4,7,1180.4,4,1180.4,7,1180.4,2,1180.4,3,1180.4,5,1180.4,6,1180.4,5
1183.2,6,1183.2,4,1183.2,6,1183.2,4,1183.2,9,1183.2,5,1183.2,9,1183.2,2
1186.1,6,1186.1,10,1186.1,4,1186.1,8,1186.1,8,1186.1,3,1186.1,6,1186.1,10
1188.9,6,1188.9,3,1188.9,10,1188.9,4,1188.9,6,1188.9,4,1188.9,8,1188.9,7
1191.7,9,1191.7,11,1191.7,7,1191.7,6,1191.7,5,1191.7,8,1191.7,7,1191.7,7
1194.6,7,1194.6,8,1194.6,6,1194.6,4,1194.6,4,1194.6,8,1194.6,4,1194.6,3
1197.4,5,1197.4,6,1197.4,8,1197.4,8,1197.4,9,1197.4,7,1197.4,9,1197.4,7
1200.3,11,1200.3,5,1200.3,7,1200.3,12,1200.3,7,1200.3,8,1200.3,6,1200.3,14
1203.1,10,1203.1,6,1203.1,10,1203.1,7,1203.1,9,1203.1,5,1203.1,7,1203.1,8
1205.9,7,1205.9,6,1205.9,4,1205.9,8,1205.9,8,1205.9,9,1205.9,7,1205.9,10
1208.8,8,1208.8,5,1208.8,7,1208.8,7,1208.8,12,1208.8,10,1208.8,6,1208.8,6
1211.6,12,1211.6,5,1211.6,6,1211.6,7,1211.6,8,1211.6,6,1211.6,9,1211.6,5
1214.4,8,1214.4,4,1214.4,4,1214.4,7,1214.4,14,1214.4,13,1214.4,5,1214.4,7
1217.3,13,1217.3,7,1217.3,6,1217.3,5,1217.3,6,1217.3,8,1217.3,6,1217.3,7
1220.1,13,1220.1,7,1220.1,5,1220.1,8,1220.1,8,1220.1,9,1220.1,14,1220.1,11
1222.9,2,1222.9,9,1222.9,12,1222.9,8,1222.9,14,1222.9,19,1222.9,12,1222.9,12
1225.8,15,1225.8,7,1225.8,14,1225.8,11,1225.8,16,1225.8,20,1225.8,9,1225.8,12
1228.6,12,1228.6,7,1228.6,10,1228.6,13,1228.6,16,1228.6,17,1228.6,12,1228.6,21
1231.5,16,1231.5,8,1231.5,8,1231.5,14,1231.5,14,1231.5,17,1231.5,20,1231.5,16
1234.3,17,1234.3,10,1234.3,16,1234.3,13,1234.3,11,1234.3,27,1234.3,22,1234.3,24
1237.1,23,1237.1,12,1237.1,10,1237.1,11,1237.1,26,1237.1,16,1237.1,25,1237.1,27
1240,33,1240,13,1240,18,1240,18,1240,19,1240,39,1240,35,1240,35
1242.8,34,1242.8,12,1242.8,18,1242.8,28,1242.8,30,1242.8,21,1242.8,25,1242.8,38
1245.6,42,1245.6,15,1245.6,21,1245.6,27,1245.6,39,1245.6,38,1245.6,39,1245.6,38
1248.5,57,1248.5,16,1248.5,22,1248.5,30,1248.5,45,1248.5,34,1248.5,41,1248.5,33
1251.3,63,1251.3,30,1251.3,25,1251.3,34,1251.3,40,1251.3,42,1251.3,44,1251.3,51
1254.1,49,1254.1,27,1254.1,29,1254.1,41,1254.1,51,1254.1,48,1254.1,52,1254.1,58
1257,74,1257,31,1257,25,1257,42,1257,60,1257,58,1257,61,1257,60
1259.8,72,1259.8,23,1259.8,37,1259.8,48,1259.8,67,1259.8,58,1259.8,63,1259.8,46
1262.7,84,1262.7,17,1262.7,27,1262.7,53,1262.7,54,1262.7,85,1262.7,74,1262.7,68
1265.5,86,1265.5,25,1265.5,50,1265.5,44,1265.5,59,1265.5,69,1265.5,76,1265.5,74
1268.3,74,1268.3,30,1268.3,40,1268.3,43,1268.3,70,1268.3,89,1268.3,104,1268.3,89
1271.2,103,1271.2,28,1271.2,29,1271.2,33,1271.2,76,1271.2,73,1271.2,92,1271.2,100
1274,112,1274,37,1274,38,1274,67,1274,70,1274,92,1274,76,1274,81
1276.8,119,1276.8,37,1276.8,52,1276.8,70,1276.8,81,1276.8,86,1276.8,80,1276.8,88
1279.7,113,1279.7,39,1279.7,52,1279.7,62,1279.7,72,1279.7,82,1279.7,97,1279.7,96
1282.5,115,1282.5,31,1282.5,52,1282.5,58,1282.5,90,1282.5,92,1282.5,98,1282.5,101
1285.3,108,1285.3,26,1285.3,42,1285.3,67,1285.3,102,1285.3,86,1285.3,95,1285.3,117
1288.2,111,1288.2,24,1288.2,43,1288.2,72,1288.2,83,1288.2,89,1288.2,104,1288.2,118
1291,112,1291,39,1291,42,1291,50,1291,80,1291,79,1291,96,1291,108
1293.9,118,1293.9,34,1293.9,28,1293.9,63,1293.9,67,1293.9,109,1293.9,100,1293.9,98
1296.7,93,1296.7,22,1296.7,39,1296.7,44,1296.7,79,1296.7,80,1296.7,91,1296.7,106
1299.5,105,1299.5,24,1299.5,22,1299.5,43,1299.5,65,1299.5,98,1299.5,80,1299.5,89
1302.4,86,1302.4,28,1302.4,43,1302.4,41,1302.4,71,1302.4,70,1302.4,89,1302.4,83
1305.2,89,1305.2,23,1305.2,35,1305.2,49,1305.2,63,1305.2,77,1305.2,84,1305.2,83
1308,81,1308,24,1308,37,1308,44,1308,55,1308,62,1308,63,1308,68
1310.9,72,1310.9,18,1310.9,28,1310.9,43,1310.9,49,1310.9,74,1310.9,46,1310.9,64
1313.7,54,1313.7,17,1313.7,22,1313.7,32,1313.7,49,1313.7,40,1313.7,46,1313.7,38
1316.5,50,1316.5,18,1316.5,20,1316.5,25,1316.5,36,1316.5,41,1316.5,43,1316.5,60
1319.4,57,1319.4,20,1319.4,23,1319.4,29,1319.4,22,1319.4,52,1319.4,32,1319.4,34
1322.2,50,1322.2,18,1322.2,16,1322.2,19,1322.2,29,1322.2,41,1322.2,25,1322.2,37
1325.1,32,1325.1,6,1325.1,15,1325.1,22,1325.1,30,1325.1,32,1325.1,27,1325.1,36
1327.9,38,1327.9,10,1327.9,12,1327.9,18,1327.9,23,1327.9,26,1327.9,24,1327.9,21
1330.7,24,1330.7,6,1330.7,10,1330.7,14,1330.7,21,1330.7,20,1330.7,21,1330.7,29
1333.6,23,1333.6,8,1333.6,10,1333.6,16,1333.6,21,1333.6,14,1333.6,16,1333.6,20
1336.4,17,1336.4,8,1336.4,6,1336.4,8,1336.4,12,1336.4,13,1336.4,14,1336.4,21
1339.2,20,1339.2,6,1339.2,8,1339.2,12,1339.2,15,1339.2,7,1339.2,13,1339.2,18
1342.1,15,1342.1,4,1342.1,8,1342.1,5,1342.1,14,1342.1,8,1342.1,10,1342.1,14
1344.9,10,1344.9,8,1344.9,3,1344.9,8,1344.9,12,1344.9,11,1344.9,8,1344.9,9
1347.7,5,1347.7,5,1347.7,4,1347.7,2,1347.7,7,1347.7,4,1347.7,11,1347.7,12
1350.6,8,1350.6,4,1350.6,3,1350.6,5,1350.6,10,1350.6,8,1350.6,9,1350.6,6
1353.4,5,1353.4,5,1353.4,3,1353.4,2,1353.4,9,1353.4,7,1353.4,4,1353.4,8
1356.3,9,1356.3,3,1356.3,3,1356.3,6,1356.3,5,1356.3,5,1356.3,8,1356.3,5
1359.1,4,1359.1,4,1359.1,0,1359.1,4,1359.1,8,1359.1,4,1359.1,6,1359.1,6
1361.9,7,1361.9,2,1361.9,5,1361.9,4,1361.9,1,1361.9,5,1361.9,5,1361.9,6
1364.8,7,1364.8,3,1364.8,1,1364.8,2,1364.8,2,1364.8,4,1364.8,3,1364.8,2
1367.6,3,1367.6,2,1367.6,0,1367.6,0,1367.6,5,1367.6,4,1367.6,1,1367.6,5
1370.4,5,1370.4,3,1370.4,1,1370.4,2,1370.4,1,1370.4,3,1370.4,3,1370.4,4
1373.3,2,1373.3,1,1373.3,1,1373.3,1,1373.3,3,1373.3,4,1373.3,1,1373.3,2
1376.1,0,1376.1,1,1376.1,2,1376.1,4,1376.1,1,1376.1,3,1376.1,0,1376.1,5
1378.9,2,1378.9,1,1378.9,1,1378.9,1,1378.9,1,1378.9,3,1378.9,3,1378.9,4
1381.8,2,1381.8,2,1381.8,2,1381.8,1,1381.8,1,1381.8,1,1381.8,0,1381.8,2
1384.6,1,1384.6,1,1384.6,1,1384.6,3,1384.6,2,1384.6,1,1384.6,4,1384.6,2
1387.5,2,1387.5,1,1387.5,2,1387.5,2,1387.5,2,1387.5,0,1387.5,3,1387.5,1
1390.3,2,1390.3,5,1390.3,1,1390.3,0,1390.3,3,1390.3,1,1390.3,3,1390.3,3
1393.1,375,1393.1,283,1393.1,272,1393.1,265,1393.1,311,1393.1,311,1393.1,336,1393.1,338
